"Path","Category","Bytes","Reason"
"Assets/Animations/Player/Attack1.anim","Animations","4278","未被正式场景、预设、构建配置或动态加载路径引用"
"Assets/Animations/Player/Attack2.anim","Animations","4276","未被正式场景、预设、构建配置或动态加载路径引用"
"Assets/Animations/Player/Attack3.anim","Animations","4284","未被正式场景、预设、构建配置或动态加载路径引用"
"Assets/Animations/Player/Dash.anim","Animations","2646","未被正式场景、预设、构建配置或动态加载路径引用"
"Assets/Animations/Player/Death.anim","Animations","2810","未被正式场景、预设、构建配置或动态加载路径引用"
"Assets/Animations/Player/Fall.anim","Animations","2418","未被正式场景、预设、构建配置或动态加载路径引用"
"Assets/Animations/Player/Hurt.anim","Animations","2640","未被正式场景、预设、构建配置或动态加载路径引用"
"Assets/Animations/Player/Idle.anim","Animations","2030","未被正式场景、预设、构建配置或动态加载路径引用"
"Assets/Animations/Player/Jump.anim","Animations","2642","未被正式场景、预设、构建配置或动态加载路径引用"
"Assets/Animations/Player/Run.anim","Animations","3231","未被正式场景、预设、构建配置或动态加载路径引用"
"Assets/Art/Environment/CastleBackground.png","Art","10680","未被正式场景、预设、构建配置或动态加载路径引用"
"Assets/Art/Environment/CastleBanner.png","Art","922","未被正式场景、预设、构建配置或动态加载路径引用"
"Assets/Art/Environment/CastleBarrel.png","Art","692","未被正式场景、预设、构建配置或动态加载路径引用"
"Assets/Art/Environment/CastleCage.png","Art","599","未被正式场景、预设、构建配置或动态加载路径引用"
"Assets/Art/Environment/CastleCrackedStone.png","Art","2487","未被正式场景、预设、构建配置或动态加载路径引用"
"Assets/Art/Environment/CastleCrate.png","Art","692","未被正式场景、预设、构建配置或动态加载路径引用"
"Assets/Art/Environment/CastleDoor.png","Art","2174","未被正式场景、预设、构建配置或动态加载路径引用"
"Assets/Art/Environment/CastleGate.png","Art","1959","未被正式场景、预设、构建配置或动态加载路径引用"
"Assets/Art/Environment/CastleKnight.png","Art","1177","未被正式场景、预设、构建配置或动态加载路径引用"
"Assets/Art/Environment/CastleSign.png","Art","554","未被正式场景、预设、构建配置或动态加载路径引用"
"Assets/Art/Environment/CastleStone.png","Art","2004","未被正式场景、预设、构建配置或动态加载路径引用"
"Assets/Art/Environment/CastleTorch.png","Art","481","未被正式场景、预设、构建配置或动态加载路径引用"
"Assets/Art/Environment/CorruptCenter.png","Art","203","未被正式场景、预设、构建配置或动态加载路径引用"
"Assets/Art/Environment/CorruptRuleTile.asset","Art","1016","未被正式场景、预设、构建配置或动态加载路径引用"
"Assets/Art/Environment/CorruptTop.png","Art","480","未被正式场景、预设、构建配置或动态加载路径引用"
"Assets/Art/Environment/FlatPixel.png","Art","68","未被正式场景、预设、构建配置或动态加载路径引用"
"Assets/Art/Environment/LedgeCell.png","Art","134","未被正式场景、预设、构建配置或动态加载路径引用"
"Assets/Art/Environment/LedgeTile.asset","Art","814","未被正式场景、预设、构建配置或动态加载路径引用"
"Assets/Art/Environment/MedievalBookshelf.png","Art","477","未被正式场景、预设、构建配置或动态加载路径引用"
"Assets/Art/Environment/MedievalPortrait.png","Art","812","未被正式场景、预设、构建配置或动态加载路径引用"
"Assets/Art/Environment/MedievalTable.png","Art","398","未被正式场景、预设、构建配置或动态加载路径引用"
"Assets/Art/Environment/PixramenLedge.png","Art","216","未被正式场景、预设、构建配置或动态加载路径引用"
"Assets/Art/Environment/PixramenSoil.png","Art","1164","未被正式场景、预设、构建配置或动态加载路径引用"
"Assets/Art/Environment/RelicfallRedesign/ForestGrass.png","Art","368","未被正式场景、预设、构建配置或动态加载路径引用"
"Assets/Art/Environment/RelicfallRedesign/ForestSkyFill.png","Art","70","未被正式场景、预设、构建配置或动态加载路径引用"
"Assets/Art/Environment/RelicfallRedesign/ForestSoil.png","Art","288","未被正式场景、预设、构建配置或动态加载路径引用"
"Assets/Art/Environment/RelicfallRedesign/ForestSoilAlt.png","Art","294","未被正式场景、预设、构建配置或动态加载路径引用"
"Assets/Art/Environment/RelicfallRedesign/ForestStratum.png","Art","291","未被正式场景、预设、构建配置或动态加载路径引用"
"Assets/Art/Environment/RelicfallRedesign/OpenCaveDepthFade.png","Art","63677","未被正式场景、预设、构建配置或动态加载路径引用"
"Assets/Art/Environment/RelicfallRedesign/OpenCaveEdge.png","Art","337","未被正式场景、预设、构建配置或动态加载路径引用"
"Assets/Art/Environment/RelicfallRedesign/OpenCaveEdgeAlt.png","Art","323","未被正式场景、预设、构建配置或动态加载路径引用"
"Assets/Art/Environment/RelicfallRedesign/OpenDeepCaveFloorFade.png","Art","47680","未被正式场景、预设、构建配置或动态加载路径引用"
"Assets/Art/Environment/RelicfallRedesign/OpenDeepCaveRoofFade.png","Art","41693","未被正式场景、预设、构建配置或动态加载路径引用"
"Assets/Art/Environment/RelicfallRedesign/OpenForestEdge.png","Art","239","未被正式场景、预设、构建配置或动态加载路径引用"
"Assets/Art/Environment/RelicfallRedesign/OpenForestSkyFade.png","Art","604294","未被正式场景、预设、构建配置或动态加载路径引用"
"Assets/Art/Environment/RelicfallRedesign/OpenRockBody.png","Art","150","未被正式场景、预设、构建配置或动态加载路径引用"
"Assets/Art/Environment/RelicfallRedesign/OpenRuinArchFade.png","Art","4011","未被正式场景、预设、构建配置或动态加载路径引用"
"Assets/Art/Environment/RelicfallRedesign/OpenRuinEdge.png","Art","242","未被正式场景、预设、构建配置或动态加载路径引用"
"Assets/Art/Environment/RelicfallRedesign/OpenRuinsSkyFade.png","Art","17037","未被正式场景、预设、构建配置或动态加载路径引用"
"Assets/Art/Environment/RelicfallRedesign/OpenRuinStone.png","Art","243","未被正式场景、预设、构建配置或动态加载路径引用"
"Assets/Art/Environment/RelicfallRedesign/OpenSkyFill.png","Art","93","未被正式场景、预设、构建配置或动态加载路径引用"
"Assets/Art/Environment/RelicfallRedesign/RoomRockBody.png","Art","150","未被正式场景、预设、构建配置或动态加载路径引用"
"Assets/Art/Environment/RelicfallRedesign/RoomRockBodyAlt.png","Art","90","未被正式场景、预设、构建配置或动态加载路径引用"
"Assets/Art/Environment/RelicfallRedesign/RoomRockLip.png","Art","337","未被正式场景、预设、构建配置或动态加载路径引用"
"Assets/Art/Environment/RelicfallRedesign/RoomRockLipAlt.png","Art","323","未被正式场景、预设、构建配置或动态加载路径引用"
"Assets/Art/Environment/RelicfallRedesign/RoomWallStone.png","Art","243","未被正式场景、预设、构建配置或动态加载路径引用"
"Assets/Art/Environment/RelicfallRedesign/RuinsCap.png","Art","242","未被正式场景、预设、构建配置或动态加载路径引用"
"Assets/Art/Environment/RelicfallRedesign/RuinsStone.png","Art","243","未被正式场景、预设、构建配置或动态加载路径引用"
"Assets/Art/Environment/RelicfallRedesign/RuinsStoneAlt.png","Art","274","未被正式场景、预设、构建配置或动态加载路径引用"
"Assets/Art/Environment/SoilCenter.png","Art","93","未被正式场景、预设、构建配置或动态加载路径引用"
"Assets/Art/Environment/SoilRuleTile.asset","Art","1013","未被正式场景、预设、构建配置或动态加载路径引用"
"Assets/Art/Environment/SoilTop.png","Art","299","未被正式场景、预设、构建配置或动态加载路径引用"
"Assets/Art/Environment/StoneCenter.png","Art","208","未被正式场景、预设、构建配置或动态加载路径引用"
"Assets/Art/Environment/StoneRuleTile.asset","Art","1014","未被正式场景、预设、构建配置或动态加载路径引用"
"Assets/Art/Environment/StoneTop.png","Art","359","未被正式场景、预设、构建配置或动态加载路径引用"
"Assets/Art/Environment/WallTile.asset","Art","813","未被正式场景、预设、构建配置或动态加载路径引用"
"Assets/Art/Prototypes/StonePlatform.png","Art","164","未被正式场景、预设、构建配置或动态加载路径引用"
"Assets/Art/Weapons/BroadbladeSelected.png","Art","423","未被正式场景、预设、构建配置或动态加载路径引用"
"Assets/Art/Weapons/SteelSwordSelected.png","Art","425","未被正式场景、预设、构建配置或动态加载路径引用"
"Assets/Art/Weapons/WarAxeSelected.png","Art","430","未被正式场景、预设、构建配置或动态加载路径引用"
"Assets/Data/Waves/Wave01.asset","Data","538","未被正式场景、预设、构建配置或动态加载路径引用"
"Assets/Data/Waves/Wave02.asset","Data","602","未被正式场景、预设、构建配置或动态加载路径引用"
"Assets/Editor/RelicfallAttackAnimationPolish.cs","Editor","4434","未被正式场景、预设、构建配置或动态加载路径引用"
"Assets/Editor/RelicfallCleanupScan.cs","Editor","6717","未被正式场景、预设、构建配置或动态加载路径引用"
"Assets/Editor/RelicfallOpenLevelSmokeTest.cs","Editor","3098","未被正式场景、预设、构建配置或动态加载路径引用"
"Assets/Editor/RelicfallPhase10Builder.cs","Editor","3419","未被正式场景、预设、构建配置或动态加载路径引用"
"Assets/Editor/RelicfallPhase11Builder.cs","Editor","6395","未被正式场景、预设、构建配置或动态加载路径引用"
"Assets/Editor/RelicfallPhase12Builder.cs","Editor","11377","未被正式场景、预设、构建配置或动态加载路径引用"
"Assets/Editor/RelicfallPhase13Audit.cs","Editor","11592","未被正式场景、预设、构建配置或动态加载路径引用"
"Assets/Editor/RelicfallPhase2Builder.cs","Editor","13354","未被正式场景、预设、构建配置或动态加载路径引用"
"Assets/Editor/RelicfallPhase2SmokeTest.cs","Editor","5725","未被正式场景、预设、构建配置或动态加载路径引用"
"Assets/Editor/RelicfallPhase3Builder.cs","Editor","9273","未被正式场景、预设、构建配置或动态加载路径引用"
"Assets/Editor/RelicfallPhase3SmokeTest.cs","Editor","5257","未被正式场景、预设、构建配置或动态加载路径引用"
"Assets/Editor/RelicfallPhase4Builder.cs","Editor","14814","未被正式场景、预设、构建配置或动态加载路径引用"
"Assets/Editor/RelicfallPhase4SmokeTest.cs","Editor","6403","未被正式场景、预设、构建配置或动态加载路径引用"
"Assets/Editor/RelicfallPhase5Builder.cs","Editor","7266","未被正式场景、预设、构建配置或动态加载路径引用"
"Assets/Editor/RelicfallPhase5SmokeTest.cs","Editor","4750","未被正式场景、预设、构建配置或动态加载路径引用"
"Assets/Editor/RelicfallPhase6Builder.cs","Editor","9378","未被正式场景、预设、构建配置或动态加载路径引用"
"Assets/Editor/RelicfallPhase6SmokeTest.cs","Editor","5857","未被正式场景、预设、构建配置或动态加载路径引用"
"Assets/Editor/RelicfallPhase7Builder.cs","Editor","7300","未被正式场景、预设、构建配置或动态加载路径引用"
"Assets/Editor/RelicfallPhase7SmokeTest.cs","Editor","7421","未被正式场景、预设、构建配置或动态加载路径引用"
"Assets/Editor/RelicfallPhase8Builder.cs","Editor","24965","未被正式场景、预设、构建配置或动态加载路径引用"
"Assets/Editor/RelicfallPhase8SmokeTest.cs","Editor","5086","未被正式场景、预设、构建配置或动态加载路径引用"
"Assets/Editor/RelicfallPhase9Builder.cs","Editor","8231","未被正式场景、预设、构建配置或动态加载路径引用"
"Assets/Editor/RelicfallPhase9SmokeTest.cs","Editor","4769","未被正式场景、预设、构建配置或动态加载路径引用"
"Assets/Editor/RelicfallPolishBuilder.cs","Editor","5080","未被正式场景、预设、构建配置或动态加载路径引用"
"Assets/Editor/RelicfallPolishSmokeTest.cs","Editor","4461","未被正式场景、预设、构建配置或动态加载路径引用"
"Assets/Editor/RelicfallReferenceLevelBuilder.cs","Editor","59302","未被正式场景、预设、构建配置或动态加载路径引用"
"Assets/Editor/RelicfallRoomRepairSmokeTest.cs","Editor","4819","未被正式场景、预设、构建配置或动态加载路径引用"
"Assets/Editor/RelicfallSceneRedesignBuilder.cs","Editor","54979","未被正式场景、预设、构建配置或动态加载路径引用"
"Assets/Editor/RelicfallSlopeCollisionFix.cs","Editor","11063","未被正式场景、预设、构建配置或动态加载路径引用"
"Assets/Editor/RelicfallSortingBuilder.cs","Editor","6360","未被正式场景、预设、构建配置或动态加载路径引用"
"Assets/Editor/RelicfallUIPreview.cs","Editor","8649","未被正式场景、预设、构建配置或动态加载路径引用"
"Assets/Editor/RelicfallWeaponLayerAudit.cs","Editor","4972","未被正式场景、预设、构建配置或动态加载路径引用"
"Assets/Prefabs/Environment/RelicfallRedesign/AncientGate.prefab","Prefabs","8854","未被正式场景、预设、构建配置或动态加载路径引用"
"Assets/Prefabs/Environment/Torch.prefab","Prefabs","122751","未被正式场景、预设、构建配置或动态加载路径引用"
"Assets/Resources/castleTileset/castle_tileset.png","Resources","13240","未被正式场景、预设、构建配置或动态加载路径引用"
"Assets/Resources/castleTileset/castleBg.png","Resources","7614","未被正式场景、预设、构建配置或动态加载路径引用"
"Assets/Resources/DarkForest1.2/bgrd_tree2.png","Resources","14041","未被正式场景、预设、构建配置或动态加载路径引用"
"Assets/Resources/DarkForest1.2/bgrd_tree3.png","Resources","14042","未被正式场景、预设、构建配置或动态加载路径引用"
"Assets/Resources/DarkForest1.2/bgrd_tree4.png","Resources","14235","未被正式场景、预设、构建配置或动态加载路径引用"
"Assets/Resources/DarkForest1.2/bgrd_tree5.png","Resources","14248","未被正式场景、预设、构建配置或动态加载路径引用"
"Assets/Resources/DarkForest1.2/env_mon.png","Resources","37506","未被正式场景、预设、构建配置或动态加载路径引用"
"Assets/Resources/DarkForest1.2/top_far_bgrnd.png","Resources","78535","未被正式场景、预设、构建配置或动态加载路径引用"
"Assets/Resources/dragon_knight/dragon_knight/aseprite_files/attack_on_hit_a.aseprite","Resources","1008","未被正式场景、预设、构建配置或动态加载路径引用"
"Assets/Resources/dragon_knight/dragon_knight/aseprite_files/attack_on_hit_b.aseprite","Resources","991","未被正式场景、预设、构建配置或动态加载路径引用"
"Assets/Resources/dragon_knight/dragon_knight/aseprite_files/cover_image/cover_image_dragon_knight.aseprite","Resources","24999","未被正式场景、预设、构建配置或动态加载路径引用"
"Assets/Resources/dragon_knight/dragon_knight/aseprite_files/dash_flame_trail.aseprite","Resources","1246","未被正式场景、预设、构建配置或动态加载路径引用"
"Assets/Resources/dragon_knight/dragon_knight/aseprite_files/dragon_knight_attack_1.aseprite","Resources","3198","未被正式场景、预设、构建配置或动态加载路径引用"
"Assets/Resources/dragon_knight/dragon_knight/aseprite_files/dragon_knight_attack_2.aseprite","Resources","3177","未被正式场景、预设、构建配置或动态加载路径引用"
"Assets/Resources/dragon_knight/dragon_knight/aseprite_files/dragon_knight_attack_3.aseprite","Resources","4178","未被正式场景、预设、构建配置或动态加载路径引用"
"Assets/Resources/dragon_knight/dragon_knight/aseprite_files/dragon_knight_dash.aseprite","Resources","1090","未被正式场景、预设、构建配置或动态加载路径引用"
"Assets/Resources/dragon_knight/dragon_knight/aseprite_files/dragon_knight_death.aseprite","Resources","4155","未被正式场景、预设、构建配置或动态加载路径引用"
"Assets/Resources/dragon_knight/dragon_knight/aseprite_files/dragon_knight_drink_potion.aseprite","Resources","5397","未被正式场景、预设、构建配置或动态加载路径引用"
"Assets/Resources/dragon_knight/dragon_knight/aseprite_files/dragon_knight_falling.aseprite","Resources","1076","未被正式场景、预设、构建配置或动态加载路径引用"
"Assets/Resources/dragon_knight/dragon_knight/aseprite_files/dragon_knight_fireball_down.aseprite","Resources","1257","未被正式场景、预设、构建配置或动态加载路径引用"
"Assets/Resources/dragon_knight/dragon_knight/aseprite_files/dragon_knight_firebreath.aseprite","Resources","5567","未被正式场景、预设、构建配置或动态加载路径引用"
"Assets/Resources/dragon_knight/dragon_knight/aseprite_files/dragon_knight_firebreath_character_only.aseprite","Resources","3901","未被正式场景、预设、构建配置或动态加载路径引用"
"Assets/Resources/dragon_knight/dragon_knight/aseprite_files/dragon_knight_firebreath_downward_air.aseprite","Resources","5734","未被正式场景、预设、构建配置或动态加载路径引用"
"Assets/Resources/dragon_knight/dragon_knight/aseprite_files/dragon_knight_firebreath_effect.aseprite","Resources","2341","未被正式场景、预设、构建配置或动态加载路径引用"
"Assets/Resources/dragon_knight/dragon_knight/aseprite_files/dragon_knight_idle.aseprite","Resources","1544","未被正式场景、预设、构建配置或动态加载路径引用"
"Assets/Resources/dragon_knight/dragon_knight/aseprite_files/dragon_knight_jump.aseprite","Resources","1287","未被正式场景、预设、构建配置或动态加载路径引用"
"Assets/Resources/dragon_knight/dragon_knight/aseprite_files/dragon_knight_jump_attack_1.aseprite","Resources","3081","未被正式场景、预设、构建配置或动态加载路径引用"
"Assets/Resources/dragon_knight/dragon_knight/aseprite_files/dragon_knight_jump_attack_2.aseprite","Resources","2801","未被正式场景、预设、构建配置或动态加载路径引用"
"Assets/Resources/dragon_knight/dragon_knight/aseprite_files/dragon_knight_jump_attack_3.aseprite","Resources","2734","未被正式场景、预设、构建配置或动态加载路径引用"
"Assets/Resources/dragon_knight/dragon_knight/aseprite_files/dragon_knight_on_hit.aseprite","Resources","1616","未被正式场景、预设、构建配置或动态加载路径引用"
"Assets/Resources/dragon_knight/dragon_knight/aseprite_files/dragon_knight_prep_dash.aseprite","Resources","1836","未被正式场景、预设、构建配置或动态加载路径引用"
"Assets/Resources/dragon_knight/dragon_knight/aseprite_files/dragon_knight_prepare_jump.aseprite","Resources","1283","未被正式场景、预设、构建配置或动态加载路径引用"
"Assets/Resources/dragon_knight/dragon_knight/aseprite_files/dragon_knight_run.aseprite","Resources","2060","未被正式场景、预设、构建配置或动态加载路径引用"
"Assets/Resources/dragon_knight/dragon_knight/aseprite_files/fireball_explosion.aseprite","Resources","1807","未被正式场景、预设、构建配置或动态加载路径引用"
"Assets/Resources/dragon_knight/dragon_knight/aseprite_files/preview/preview_dragon_knight_air_combo_down_breath.aseprite","Resources","14649","未被正式场景、预设、构建配置或动态加载路径引用"
"Assets/Resources/dragon_knight/dragon_knight/aseprite_files/preview/preview_dragon_knight_dash.aseprite","Resources","5314","未被正式场景、预设、构建配置或动态加载路径引用"
"Assets/Resources/dragon_knight/dragon_knight/aseprite_files/preview/preview_dragon_knight_hit_potion_death.aseprite","Resources","12478","未被正式场景、预设、构建配置或动态加载路径引用"
"Assets/Resources/dragon_knight/dragon_knight/aseprite_files/preview/preview_dragon_knight_run_breath_attack_combo.aseprite","Resources","18285","未被正式场景、预设、构建配置或动态加载路径引用"
"Assets/Resources/dragon_knight/dragon_knight/gif/1x/attack_on_hit_a.gif","Resources","251","未被正式场景、预设、构建配置或动态加载路径引用"
"Assets/Resources/dragon_knight/dragon_knight/gif/1x/attack_on_hit_b.gif","Resources","249","未被正式场景、预设、构建配置或动态加载路径引用"
"Assets/Resources/dragon_knight/dragon_knight/gif/1x/dash_flame_trail.gif","Resources","385","未被正式场景、预设、构建配置或动态加载路径引用"
"Assets/Resources/dragon_knight/dragon_knight/gif/1x/dragon_knight_attack_1.gif","Resources","1294","未被正式场景、预设、构建配置或动态加载路径引用"
"Assets/Resources/dragon_knight/dragon_knight/gif/1x/dragon_knight_attack_2.gif","Resources","1265","未被正式场景、预设、构建配置或动态加载路径引用"
"Assets/Resources/dragon_knight/dragon_knight/gif/1x/dragon_knight_attack_3.gif","Resources","1910","未被正式场景、预设、构建配置或动态加载路径引用"
"Assets/Resources/dragon_knight/dragon_knight/gif/1x/dragon_knight_dash.gif","Resources","277","未被正式场景、预设、构建配置或动态加载路径引用"
"Assets/Resources/dragon_knight/dragon_knight/gif/1x/dragon_knight_death.gif","Resources","1922","未被正式场景、预设、构建配置或动态加载路径引用"
"Assets/Resources/dragon_knight/dragon_knight/gif/1x/dragon_knight_drink_potion.gif","Resources","2360","未被正式场景、预设、构建配置或动态加载路径引用"
"Assets/Resources/dragon_knight/dragon_knight/gif/1x/dragon_knight_falling.gif","Resources","282","未被正式场景、预设、构建配置或动态加载路径引用"
"Assets/Resources/dragon_knight/dragon_knight/gif/1x/dragon_knight_fireball_down.gif","Resources","412","未被正式场景、预设、构建配置或动态加载路径引用"
"Assets/Resources/dragon_knight/dragon_knight/gif/1x/dragon_knight_firebreath.gif","Resources","2912","未被正式场景、预设、构建配置或动态加载路径引用"
"Assets/Resources/dragon_knight/dragon_knight/gif/1x/dragon_knight_firebreath_character_only.gif","Resources","1947","未被正式场景、预设、构建配置或动态加载路径引用"
"Assets/Resources/dragon_knight/dragon_knight/gif/1x/dragon_knight_firebreath_downward_air.gif","Resources","2966","未被正式场景、预设、构建配置或动态加载路径引用"
"Assets/Resources/dragon_knight/dragon_knight/gif/1x/dragon_knight_firebreath_effect.gif","Resources","1105","未被正式场景、预设、构建配置或动态加载路径引用"
"Assets/Resources/dragon_knight/dragon_knight/gif/1x/dragon_knight_idle.gif","Resources","440","未被正式场景、预设、构建配置或动态加载路径引用"
"Assets/Resources/dragon_knight/dragon_knight/gif/1x/dragon_knight_jump.gif","Resources","280","未被正式场景、预设、构建配置或动态加载路径引用"
"Assets/Resources/dragon_knight/dragon_knight/gif/1x/dragon_knight_jump_attack_1.gif","Resources","1310","未被正式场景、预设、构建配置或动态加载路径引用"
"Assets/Resources/dragon_knight/dragon_knight/gif/1x/dragon_knight_jump_attack_2.gif","Resources","1137","未被正式场景、预设、构建配置或动态加载路径引用"
"Assets/Resources/dragon_knight/dragon_knight/gif/1x/dragon_knight_jump_attack_3.gif","Resources","1076","未被正式场景、预设、构建配置或动态加载路径引用"
"Assets/Resources/dragon_knight/dragon_knight/gif/1x/dragon_knight_on_hit.gif","Resources","384","未被正式场景、预设、构建配置或动态加载路径引用"
"Assets/Resources/dragon_knight/dragon_knight/gif/1x/dragon_knight_prep_dash.gif","Resources","604","未被正式场景、预设、构建配置或动态加载路径引用"
"Assets/Resources/dragon_knight/dragon_knight/gif/1x/dragon_knight_prepare_jump.gif","Resources","273","未被正式场景、预设、构建配置或动态加载路径引用"
"Assets/Resources/dragon_knight/dragon_knight/gif/1x/dragon_knight_run.gif","Resources","767","未被正式场景、预设、构建配置或动态加载路径引用"
"Assets/Resources/dragon_knight/dragon_knight/gif/1x/fireball_explosion.gif","Resources","793","未被正式场景、预设、构建配置或动态加载路径引用"
"Assets/Resources/dragon_knight/dragon_knight/gif/2x/attack_on_hit_a.gif","Resources","430","未被正式场景、预设、构建配置或动态加载路径引用"
"Assets/Resources/dragon_knight/dragon_knight/gif/2x/attack_on_hit_b.gif","Resources","425","未被正式场景、预设、构建配置或动态加载路径引用"
"Assets/Resources/dragon_knight/dragon_knight/gif/2x/dash_flame_trail.gif","Resources","733","未被正式场景、预设、构建配置或动态加载路径引用"
"Assets/Resources/dragon_knight/dragon_knight/gif/2x/dragon_knight_attack_1.gif","Resources","2479","未被正式场景、预设、构建配置或动态加载路径引用"
"Assets/Resources/dragon_knight/dragon_knight/gif/2x/dragon_knight_attack_2.gif","Resources","2424","未被正式场景、预设、构建配置或动态加载路径引用"
"Assets/Resources/dragon_knight/dragon_knight/gif/2x/dragon_knight_attack_3.gif","Resources","3822","未被正式场景、预设、构建配置或动态加载路径引用"
"Assets/Resources/dragon_knight/dragon_knight/gif/2x/dragon_knight_dash.gif","Resources","512","未被正式场景、预设、构建配置或动态加载路径引用"
"Assets/Resources/dragon_knight/dragon_knight/gif/2x/dragon_knight_death.gif","Resources","3310","未被正式场景、预设、构建配置或动态加载路径引用"
"Assets/Resources/dragon_knight/dragon_knight/gif/2x/dragon_knight_drink_potion.gif","Resources","4360","未被正式场景、预设、构建配置或动态加载路径引用"
"Assets/Resources/dragon_knight/dragon_knight/gif/2x/dragon_knight_falling.gif","Resources","515","未被正式场景、预设、构建配置或动态加载路径引用"
"Assets/Resources/dragon_knight/dragon_knight/gif/2x/dragon_knight_fireball_down.gif","Resources","824","未被正式场景、预设、构建配置或动态加载路径引用"
"Assets/Resources/dragon_knight/dragon_knight/gif/2x/dragon_knight_firebreath.gif","Resources","5896","未被正式场景、预设、构建配置或动态加载路径引用"
"Assets/Resources/dragon_knight/dragon_knight/gif/2x/dragon_knight_firebreath_character_only.gif","Resources","3563","未被正式场景、预设、构建配置或动态加载路径引用"
"Assets/Resources/dragon_knight/dragon_knight/gif/2x/dragon_knight_firebreath_downward_air.gif","Resources","6024","未被正式场景、预设、构建配置或动态加载路径引用"
"Assets/Resources/dragon_knight/dragon_knight/gif/2x/dragon_knight_firebreath_effect.gif","Resources","2305","未被正式场景、预设、构建配置或动态加载路径引用"
"Assets/Resources/dragon_knight/dragon_knight/gif/2x/dragon_knight_idle.gif","Resources","811","未被正式场景、预设、构建配置或动态加载路径引用"
"Assets/Resources/dragon_knight/dragon_knight/gif/2x/dragon_knight_jump.gif","Resources","515","未被正式场景、预设、构建配置或动态加载路径引用"
"Assets/Resources/dragon_knight/dragon_knight/gif/2x/dragon_knight_jump_attack_1.gif","Resources","2504","未被正式场景、预设、构建配置或动态加载路径引用"
"Assets/Resources/dragon_knight/dragon_knight/gif/2x/dragon_knight_jump_attack_2.gif","Resources","2204","未被正式场景、预设、构建配置或动态加载路径引用"
"Assets/Resources/dragon_knight/dragon_knight/gif/2x/dragon_knight_jump_attack_3.gif","Resources","2066","未被正式场景、预设、构建配置或动态加载路径引用"
"Assets/Resources/dragon_knight/dragon_knight/gif/2x/dragon_knight_on_hit.gif","Resources","710","未被正式场景、预设、构建配置或动态加载路径引用"
"Assets/Resources/dragon_knight/dragon_knight/gif/2x/dragon_knight_prep_dash.gif","Resources","1116","未被正式场景、预设、构建配置或动态加载路径引用"
"Assets/Resources/dragon_knight/dragon_knight/gif/2x/dragon_knight_prepare_jump.gif","Resources","501","未被正式场景、预设、构建配置或动态加载路径引用"
"Assets/Resources/dragon_knight/dragon_knight/gif/2x/dragon_knight_run.gif","Resources","1392","未被正式场景、预设、构建配置或动态加载路径引用"
"Assets/Resources/dragon_knight/dragon_knight/gif/2x/fireball_explosion.gif","Resources","1652","未被正式场景、预设、构建配置或动态加载路径引用"
"Assets/Resources/dragon_knight/dragon_knight/gif/3x/attack_on_hit_a.gif","Resources","627","未被正式场景、预设、构建配置或动态加载路径引用"
"Assets/Resources/dragon_knight/dragon_knight/gif/3x/attack_on_hit_b.gif","Resources","619","未被正式场景、预设、构建配置或动态加载路径引用"
"Assets/Resources/dragon_knight/dragon_knight/gif/3x/dash_flame_trail.gif","Resources","1127","未被正式场景、预设、构建配置或动态加载路径引用"
"Assets/Resources/dragon_knight/dragon_knight/gif/3x/dragon_knight_attack_1.gif","Resources","3743","未被正式场景、预设、构建配置或动态加载路径引用"
"Assets/Resources/dragon_knight/dragon_knight/gif/3x/dragon_knight_attack_2.gif","Resources","3659","未被正式场景、预设、构建配置或动态加载路径引用"
"Assets/Resources/dragon_knight/dragon_knight/gif/3x/dragon_knight_attack_3.gif","Resources","6002","未被正式场景、预设、构建配置或动态加载路径引用"
"Assets/Resources/dragon_knight/dragon_knight/gif/3x/dragon_knight_dash.gif","Resources","762","未被正式场景、预设、构建配置或动态加载路径引用"
"Assets/Resources/dragon_knight/dragon_knight/gif/3x/dragon_knight_death.gif","Resources","4873","未被正式场景、预设、构建配置或动态加载路径引用"
"Assets/Resources/dragon_knight/dragon_knight/gif/3x/dragon_knight_drink_potion.gif","Resources","6615","未被正式场景、预设、构建配置或动态加载路径引用"
"Assets/Resources/dragon_knight/dragon_knight/gif/3x/dragon_knight_falling.gif","Resources","783","未被正式场景、预设、构建配置或动态加载路径引用"
"Assets/Resources/dragon_knight/dragon_knight/gif/3x/dragon_knight_fireball_down.gif","Resources","1296","未被正式场景、预设、构建配置或动态加载路径引用"
"Assets/Resources/dragon_knight/dragon_knight/gif/3x/dragon_knight_firebreath.gif","Resources","9131","未被正式场景、预设、构建配置或动态加载路径引用"
"Assets/Resources/dragon_knight/dragon_knight/gif/3x/dragon_knight_firebreath_character_only.gif","Resources","5372","未被正式场景、预设、构建配置或动态加载路径引用"
"Assets/Resources/dragon_knight/dragon_knight/gif/3x/dragon_knight_firebreath_downward_air.gif","Resources","9454","未被正式场景、预设、构建配置或动态加载路径引用"
"Assets/Resources/dragon_knight/dragon_knight/gif/3x/dragon_knight_firebreath_effect.gif","Resources","3621","未被正式场景、预设、构建配置或动态加载路径引用"
"Assets/Resources/dragon_knight/dragon_knight/gif/3x/dragon_knight_idle.gif","Resources","1208","未被正式场景、预设、构建配置或动态加载路径引用"
"Assets/Resources/dragon_knight/dragon_knight/gif/3x/dragon_knight_jump.gif","Resources","783","未被正式场景、预设、构建配置或动态加载路径引用"
"Assets/Resources/dragon_knight/dragon_knight/gif/3x/dragon_knight_jump_attack_1.gif","Resources","3800","未被正式场景、预设、构建配置或动态加载路径引用"
"Assets/Resources/dragon_knight/dragon_knight/gif/3x/dragon_knight_jump_attack_2.gif","Resources","3375","未被正式场景、预设、构建配置或动态加载路径引用"
"Assets/Resources/dragon_knight/dragon_knight/gif/3x/dragon_knight_jump_attack_3.gif","Resources","3135","未被正式场景、预设、构建配置或动态加载路径引用"
"Assets/Resources/dragon_knight/dragon_knight/gif/3x/dragon_knight_on_hit.gif","Resources","1066","未被正式场景、预设、构建配置或动态加载路径引用"
"Assets/Resources/dragon_knight/dragon_knight/gif/3x/dragon_knight_prep_dash.gif","Resources","1673","未被正式场景、预设、构建配置或动态加载路径引用"
"Assets/Resources/dragon_knight/dragon_knight/gif/3x/dragon_knight_prepare_jump.gif","Resources","748","未被正式场景、预设、构建配置或动态加载路径引用"
"Assets/Resources/dragon_knight/dragon_knight/gif/3x/dragon_knight_run.gif","Resources","2087","未被正式场景、预设、构建配置或动态加载路径引用"
"Assets/Resources/dragon_knight/dragon_knight/gif/3x/fireball_explosion.gif","Resources","2635","未被正式场景、预设、构建配置或动态加载路径引用"
"Assets/Resources/dragon_knight/dragon_knight/gif/4x/attack_on_hit_a.gif","Resources","835","未被正式场景、预设、构建配置或动态加载路径引用"
"Assets/Resources/dragon_knight/dragon_knight/gif/4x/attack_on_hit_b.gif","Resources","819","未被正式场景、预设、构建配置或动态加载路径引用"
"Assets/Resources/dragon_knight/dragon_knight/gif/4x/dash_flame_trail.gif","Resources","1556","未被正式场景、预设、构建配置或动态加载路径引用"
"Assets/Resources/dragon_knight/dragon_knight/gif/4x/dragon_knight_attack_1.gif","Resources","5105","未被正式场景、预设、构建配置或动态加载路径引用"
"Assets/Resources/dragon_knight/dragon_knight/gif/4x/dragon_knight_attack_2.gif","Resources","4992","未被正式场景、预设、构建配置或动态加载路径引用"
"Assets/Resources/dragon_knight/dragon_knight/gif/4x/dragon_knight_attack_3.gif","Resources","8346","未被正式场景、预设、构建配置或动态加载路径引用"
"Assets/Resources/dragon_knight/dragon_knight/gif/4x/dragon_knight_dash.gif","Resources","1028","未被正式场景、预设、构建配置或动态加载路径引用"
"Assets/Resources/dragon_knight/dragon_knight/gif/4x/dragon_knight_death.gif","Resources","6520","未被正式场景、预设、构建配置或动态加载路径引用"
"Assets/Resources/dragon_knight/dragon_knight/gif/4x/dragon_knight_drink_potion.gif","Resources","9001","未被正式场景、预设、构建配置或动态加载路径引用"
"Assets/Resources/dragon_knight/dragon_knight/gif/4x/dragon_knight_falling.gif","Resources","1058","未被正式场景、预设、构建配置或动态加载路径引用"
"Assets/Resources/dragon_knight/dragon_knight/gif/4x/dragon_knight_fireball_down.gif","Resources","1804","未被正式场景、预设、构建配置或动态加载路径引用"
"Assets/Resources/dragon_knight/dragon_knight/gif/4x/dragon_knight_firebreath.gif","Resources","12590","未被正式场景、预设、构建配置或动态加载路径引用"
"Assets/Resources/dragon_knight/dragon_knight/gif/4x/dragon_knight_firebreath_character_only.gif","Resources","7232","未被正式场景、预设、构建配置或动态加载路径引用"
"Assets/Resources/dragon_knight/dragon_knight/gif/4x/dragon_knight_firebreath_downward_air.gif","Resources","13068","未被正式场景、预设、构建配置或动态加载路径引用"
"Assets/Resources/dragon_knight/dragon_knight/gif/4x/dragon_knight_firebreath_effect.gif","Resources","5004","未被正式场景、预设、构建配置或动态加载路径引用"
"Assets/Resources/dragon_knight/dragon_knight/gif/4x/dragon_knight_idle.gif","Resources","1637","未被正式场景、预设、构建配置或动态加载路径引用"
"Assets/Resources/dragon_knight/dragon_knight/gif/4x/dragon_knight_jump.gif","Resources","1060","未被正式场景、预设、构建配置或动态加载路径引用"
"Assets/Resources/dragon_knight/dragon_knight/gif/4x/dragon_knight_jump_attack_1.gif","Resources","5187","未被正式场景、预设、构建配置或动态加载路径引用"
"Assets/Resources/dragon_knight/dragon_knight/gif/4x/dragon_knight_jump_attack_2.gif","Resources","4599","未被正式场景、预设、构建配置或动态加载路径引用"
"Assets/Resources/dragon_knight/dragon_knight/gif/4x/dragon_knight_jump_attack_3.gif","Resources","4278","未被正式场景、预设、构建配置或动态加载路径引用"
"Assets/Resources/dragon_knight/dragon_knight/gif/4x/dragon_knight_on_hit.gif","Resources","1448","未被正式场景、预设、构建配置或动态加载路径引用"
"Assets/Resources/dragon_knight/dragon_knight/gif/4x/dragon_knight_prep_dash.gif","Resources","2259","未被正式场景、预设、构建配置或动态加载路径引用"
"Assets/Resources/dragon_knight/dragon_knight/gif/4x/dragon_knight_prepare_jump.gif","Resources","1008","未被正式场景、预设、构建配置或动态加载路径引用"
"Assets/Resources/dragon_knight/dragon_knight/gif/4x/dragon_knight_run.gif","Resources","2823","未被正式场景、预设、构建配置或动态加载路径引用"
"Assets/Resources/dragon_knight/dragon_knight/gif/4x/fireball_explosion.gif","Resources","3674","未被正式场景、预设、构建配置或动态加载路径引用"
"Assets/Resources/dragon_knight/dragon_knight/gif/5x/attack_on_hit_a.gif","Resources","1054","未被正式场景、预设、构建配置或动态加载路径引用"
"Assets/Resources/dragon_knight/dragon_knight/gif/5x/attack_on_hit_b.gif","Resources","1035","未被正式场景、预设、构建配置或动态加载路径引用"
"Assets/Resources/dragon_knight/dragon_knight/gif/5x/dash_flame_trail.gif","Resources","1984","未被正式场景、预设、构建配置或动态加载路径引用"
"Assets/Resources/dragon_knight/dragon_knight/gif/5x/dragon_knight_attack_1.gif","Resources","6485","未被正式场景、预设、构建配置或动态加载路径引用"
"Assets/Resources/dragon_knight/dragon_knight/gif/5x/dragon_knight_attack_2.gif","Resources","6318","未被正式场景、预设、构建配置或动态加载路径引用"
"Assets/Resources/dragon_knight/dragon_knight/gif/5x/dragon_knight_attack_3.gif","Resources","10726","未被正式场景、预设、构建配置或动态加载路径引用"
"Assets/Resources/dragon_knight/dragon_knight/gif/5x/dragon_knight_dash.gif","Resources","1299","未被正式场景、预设、构建配置或动态加载路径引用"
"Assets/Resources/dragon_knight/dragon_knight/gif/5x/dragon_knight_death.gif","Resources","8184","未被正式场景、预设、构建配置或动态加载路径引用"
"Assets/Resources/dragon_knight/dragon_knight/gif/5x/dragon_knight_drink_potion.gif","Resources","11460","未被正式场景、预设、构建配置或动态加载路径引用"
"Assets/Resources/dragon_knight/dragon_knight/gif/5x/dragon_knight_falling.gif","Resources","1329","未被正式场景、预设、构建配置或动态加载路径引用"
"Assets/Resources/dragon_knight/dragon_knight/gif/5x/dragon_knight_fireball_down.gif","Resources","2364","未被正式场景、预设、构建配置或动态加载路径引用"
"Assets/Resources/dragon_knight/dragon_knight/gif/5x/dragon_knight_firebreath.gif","Resources","16167","未被正式场景、预设、构建配置或动态加载路径引用"
"Assets/Resources/dragon_knight/dragon_knight/gif/5x/dragon_knight_firebreath_character_only.gif","Resources","9193","未被正式场景、预设、构建配置或动态加载路径引用"
"Assets/Resources/dragon_knight/dragon_knight/gif/5x/dragon_knight_firebreath_downward_air.gif","Resources","16875","未被正式场景、预设、构建配置或动态加载路径引用"
"Assets/Resources/dragon_knight/dragon_knight/gif/5x/dragon_knight_firebreath_effect.gif","Resources","6472","未被正式场景、预设、构建配置或动态加载路径引用"
"Assets/Resources/dragon_knight/dragon_knight/gif/5x/dragon_knight_idle.gif","Resources","2088","未被正式场景、预设、构建配置或动态加载路径引用"
"Assets/Resources/dragon_knight/dragon_knight/gif/5x/dragon_knight_jump.gif","Resources","1335","未被正式场景、预设、构建配置或动态加载路径引用"
"Assets/Resources/dragon_knight/dragon_knight/gif/5x/dragon_knight_jump_attack_1.gif","Resources","6580","未被正式场景、预设、构建配置或动态加载路径引用"
"Assets/Resources/dragon_knight/dragon_knight/gif/5x/dragon_knight_jump_attack_2.gif","Resources","5864","未被正式场景、预设、构建配置或动态加载路径引用"
"Assets/Resources/dragon_knight/dragon_knight/gif/5x/dragon_knight_jump_attack_3.gif","Resources","5433","未被正式场景、预设、构建配置或动态加载路径引用"
"Assets/Resources/dragon_knight/dragon_knight/gif/5x/dragon_knight_on_hit.gif","Resources","1847","未被正式场景、预设、构建配置或动态加载路径引用"
"Assets/Resources/dragon_knight/dragon_knight/gif/5x/dragon_knight_prep_dash.gif","Resources","2869","未被正式场景、预设、构建配置或动态加载路径引用"
"Assets/Resources/dragon_knight/dragon_knight/gif/5x/dragon_knight_prepare_jump.gif","Resources","1273","未被正式场景、预设、构建配置或动态加载路径引用"
"Assets/Resources/dragon_knight/dragon_knight/gif/5x/dragon_knight_run.gif","Resources","3582","未被正式场景、预设、构建配置或动态加载路径引用"
"Assets/Resources/dragon_knight/dragon_knight/gif/5x/fireball_explosion.gif","Resources","4786","未被正式场景、预设、构建配置或动态加载路径引用"
"Assets/Resources/dragon_knight/dragon_knight/landing_page_cover_image/cover_image_dragon_knight.gif","Resources","175896","未被正式场景、预设、构建配置或动态加载路径引用"
"Assets/Resources/dragon_knight/dragon_knight/landing_page_cover_image/preview_dragon_knight_air_combo_down_breath.gif","Resources","49169","未被正式场景、预设、构建配置或动态加载路径引用"
"Assets/Resources/dragon_knight/dragon_knight/landing_page_cover_image/preview_dragon_knight_dash.gif","Resources","16433","未被正式场景、预设、构建配置或动态加载路径引用"
"Assets/Resources/dragon_knight/dragon_knight/landing_page_cover_image/preview_dragon_knight_hit_potion_death.gif","Resources","35041","未被正式场景、预设、构建配置或动态加载路径引用"
"Assets/Resources/dragon_knight/dragon_knight/landing_page_cover_image/preview_dragon_knight_run_breath_attack_combo.gif","Resources","58472","未被正式场景、预设、构建配置或动态加载路径引用"
"Assets/Resources/dragon_knight/dragon_knight/png/1x/attack_on_hit_a/attack_on_hit_a1.png","Resources","156","未被正式场景、预设、构建配置或动态加载路径引用"
"Assets/Resources/dragon_knight/dragon_knight/png/1x/attack_on_hit_a/attack_on_hit_a2.png","Resources","262","未被正式场景、预设、构建配置或动态加载路径引用"
"Assets/Resources/dragon_knight/dragon_knight/png/1x/attack_on_hit_a/attack_on_hit_a3.png","Resources","177","未被正式场景、预设、构建配置或动态加载路径引用"
"Assets/Resources/dragon_knight/dragon_knight/png/1x/attack_on_hit_b/attack_on_hit_b1.png","Resources","142","未被正式场景、预设、构建配置或动态加载路径引用"
"Assets/Resources/dragon_knight/dragon_knight/png/1x/attack_on_hit_b/attack_on_hit_b2.png","Resources","211","未被正式场景、预设、构建配置或动态加载路径引用"
"Assets/Resources/dragon_knight/dragon_knight/png/1x/attack_on_hit_b/attack_on_hit_b3.png","Resources","185","未被正式场景、预设、构建配置或动态加载路径引用"
"Assets/Resources/dragon_knight/dragon_knight/png/1x/dash_flame_trail/dash_flame_trail1.png","Resources","828","未被正式场景、预设、构建配置或动态加载路径引用"
"Assets/Resources/dragon_knight/dragon_knight/png/1x/dash_flame_trail/dash_flame_trail2.png","Resources","612","未被正式场景、预设、构建配置或动态加载路径引用"
"Assets/Resources/dragon_knight/dragon_knight/png/1x/dash_flame_trail/dash_flame_trail3.png","Resources","301","未被正式场景、预设、构建配置或动态加载路径引用"
"Assets/Resources/dragon_knight/dragon_knight/png/1x/dragon_knight_attack_1/dragon_knight_attack_1.png","Resources","668","未被正式场景、预设、构建配置或动态加载路径引用"
"Assets/Resources/dragon_knight/dragon_knight/png/1x/dragon_knight_attack_1/dragon_knight_attack_2.png","Resources","800","未被正式场景、预设、构建配置或动态加载路径引用"
"Assets/Resources/dragon_knight/dragon_knight/png/1x/dragon_knight_attack_1/dragon_knight_attack_3.png","Resources","1044","未被正式场景、预设、构建配置或动态加载路径引用"
"Assets/Resources/dragon_knight/dragon_knight/png/1x/dragon_knight_attack_1/dragon_knight_attack_4.png","Resources","1026","未被正式场景、预设、构建配置或动态加载路径引用"
"Assets/Resources/dragon_knight/dragon_knight/png/1x/dragon_knight_attack_1/dragon_knight_attack_5.png","Resources","866","未被正式场景、预设、构建配置或动态加载路径引用"
"Assets/Resources/dragon_knight/dragon_knight/png/1x/dragon_knight_attack_1/dragon_knight_attack_6.png","Resources","638","未被正式场景、预设、构建配置或动态加载路径引用"
"Assets/Resources/dragon_knight/dragon_knight/png/1x/dragon_knight_attack_2/dragon_knight_attack_2.png","Resources","685","未被正式场景、预设、构建配置或动态加载路径引用"
"Assets/Resources/dragon_knight/dragon_knight/png/1x/dragon_knight_attack_2/dragon_knight_attack_3.png","Resources","837","未被正式场景、预设、构建配置或动态加载路径引用"
"Assets/Resources/dragon_knight/dragon_knight/png/1x/dragon_knight_attack_2/dragon_knight_attack_4.png","Resources","1072","未被正式场景、预设、构建配置或动态加载路径引用"
"Assets/Resources/dragon_knight/dragon_knight/png/1x/dragon_knight_attack_2/dragon_knight_attack_5.png","Resources","1021","未被正式场景、预设、构建配置或动态加载路径引用"
"Assets/Resources/dragon_knight/dragon_knight/png/1x/dragon_knight_attack_2/dragon_knight_attack_6.png","Resources","826","未被正式场景、预设、构建配置或动态加载路径引用"
"Assets/Resources/dragon_knight/dragon_knight/png/1x/dragon_knight_attack_2/dragon_knight_attack_7.png","Resources","641","未被正式场景、预设、构建配置或动态加载路径引用"
"Assets/Resources/dragon_knight/dragon_knight/png/1x/dragon_knight_attack_3/dragon_knight_attack_10.png","Resources","648","未被正式场景、预设、构建配置或动态加载路径引用"
"Assets/Resources/dragon_knight/dragon_knight/png/1x/dragon_knight_attack_3/dragon_knight_attack_3.png","Resources","777","未被正式场景、预设、构建配置或动态加载路径引用"
"Assets/Resources/dragon_knight/dragon_knight/png/1x/dragon_knight_attack_3/dragon_knight_attack_4.png","Resources","993","未被正式场景、预设、构建配置或动态加载路径引用"
"Assets/Resources/dragon_knight/dragon_knight/png/1x/dragon_knight_attack_3/dragon_knight_attack_5.png","Resources","1464","未被正式场景、预设、构建配置或动态加载路径引用"
"Assets/Resources/dragon_knight/dragon_knight/png/1x/dragon_knight_attack_3/dragon_knight_attack_6.png","Resources","972","未被正式场景、预设、构建配置或动态加载路径引用"
"Assets/Resources/dragon_knight/dragon_knight/png/1x/dragon_knight_attack_3/dragon_knight_attack_7.png","Resources","993","未被正式场景、预设、构建配置或动态加载路径引用"
"Assets/Resources/dragon_knight/dragon_knight/png/1x/dragon_knight_attack_3/dragon_knight_attack_8.png","Resources","1332","未被正式场景、预设、构建配置或动态加载路径引用"
"Assets/Resources/dragon_knight/dragon_knight/png/1x/dragon_knight_attack_3/dragon_knight_attack_9.png","Resources","836","未被正式场景、预设、构建配置或动态加载路径引用"
"Assets/Resources/dragon_knight/dragon_knight/png/1x/dragon_knight_dash/dragon_knight_dash.png","Resources","671","未被正式场景、预设、构建配置或动态加载路径引用"
"Assets/Resources/dragon_knight/dragon_knight/png/1x/dragon_knight_death/dragon_knight_death1.png","Resources","454","未被正式场景、预设、构建配置或动态加载路径引用"
"Assets/Resources/dragon_knight/dragon_knight/png/1x/dragon_knight_death/dragon_knight_death10.png","Resources","480","未被正式场景、预设、构建配置或动态加载路径引用"
"Assets/Resources/dragon_knight/dragon_knight/png/1x/dragon_knight_death/dragon_knight_death11.png","Resources","485","未被正式场景、预设、构建配置或动态加载路径引用"
"Assets/Resources/dragon_knight/dragon_knight/png/1x/dragon_knight_death/dragon_knight_death12.png","Resources","474","未被正式场景、预设、构建配置或动态加载路径引用"
"Assets/Resources/dragon_knight/dragon_knight/png/1x/dragon_knight_death/dragon_knight_death13.png","Resources","474","未被正式场景、预设、构建配置或动态加载路径引用"
"Assets/Resources/dragon_knight/dragon_knight/png/1x/dragon_knight_death/dragon_knight_death2.png","Resources","698","未被正式场景、预设、构建配置或动态加载路径引用"
"Assets/Resources/dragon_knight/dragon_knight/png/1x/dragon_knight_death/dragon_knight_death3.png","Resources","590","未被正式场景、预设、构建配置或动态加载路径引用"
"Assets/Resources/dragon_knight/dragon_knight/png/1x/dragon_knight_death/dragon_knight_death4.png","Resources","526","未被正式场景、预设、构建配置或动态加载路径引用"
"Assets/Resources/dragon_knight/dragon_knight/png/1x/dragon_knight_death/dragon_knight_death5.png","Resources","526","未被正式场景、预设、构建配置或动态加载路径引用"
"Assets/Resources/dragon_knight/dragon_knight/png/1x/dragon_knight_death/dragon_knight_death6.png","Resources","481","未被正式场景、预设、构建配置或动态加载路径引用"
"Assets/Resources/dragon_knight/dragon_knight/png/1x/dragon_knight_death/dragon_knight_death7.png","Resources","508","未被正式场景、预设、构建配置或动态加载路径引用"
"Assets/Resources/dragon_knight/dragon_knight/png/1x/dragon_knight_death/dragon_knight_death8.png","Resources","481","未被正式场景、预设、构建配置或动态加载路径引用"
"Assets/Resources/dragon_knight/dragon_knight/png/1x/dragon_knight_death/dragon_knight_death9.png","Resources","485","未被正式场景、预设、构建配置或动态加载路径引用"
"Assets/Resources/dragon_knight/dragon_knight/png/1x/dragon_knight_drink_potion/dragon_knight_drink_potion1.png","Resources","717","未被正式场景、预设、构建配置或动态加载路径引用"
"Assets/Resources/dragon_knight/dragon_knight/png/1x/dragon_knight_drink_potion/dragon_knight_drink_potion10.png","Resources","497","未被正式场景、预设、构建配置或动态加载路径引用"
"Assets/Resources/dragon_knight/dragon_knight/png/1x/dragon_knight_drink_potion/dragon_knight_drink_potion11.png","Resources","463","未被正式场景、预设、构建配置或动态加载路径引用"
"Assets/Resources/dragon_knight/dragon_knight/png/1x/dragon_knight_drink_potion/dragon_knight_drink_potion12.png","Resources","646","未被正式场景、预设、构建配置或动态加载路径引用"
"Assets/Resources/dragon_knight/dragon_knight/png/1x/dragon_knight_drink_potion/dragon_knight_drink_potion13.png","Resources","654","未被正式场景、预设、构建配置或动态加载路径引用"
"Assets/Resources/dragon_knight/dragon_knight/png/1x/dragon_knight_drink_potion/dragon_knight_drink_potion14.png","Resources","698","未被正式场景、预设、构建配置或动态加载路径引用"
"Assets/Resources/dragon_knight/dragon_knight/png/1x/dragon_knight_drink_potion/dragon_knight_drink_potion2.png","Resources","717","未被正式场景、预设、构建配置或动态加载路径引用"
"Assets/Resources/dragon_knight/dragon_knight/png/1x/dragon_knight_drink_potion/dragon_knight_drink_potion3.png","Resources","710","未被正式场景、预设、构建配置或动态加载路径引用"
"Assets/Resources/dragon_knight/dragon_knight/png/1x/dragon_knight_drink_potion/dragon_knight_drink_potion4.png","Resources","721","未被正式场景、预设、构建配置或动态加载路径引用"
"Assets/Resources/dragon_knight/dragon_knight/png/1x/dragon_knight_drink_potion/dragon_knight_drink_potion5.png","Resources","712","未被正式场景、预设、构建配置或动态加载路径引用"
"Assets/Resources/dragon_knight/dragon_knight/png/1x/dragon_knight_drink_potion/dragon_knight_drink_potion6.png","Resources","688","未被正式场景、预设、构建配置或动态加载路径引用"
"Assets/Resources/dragon_knight/dragon_knight/png/1x/dragon_knight_drink_potion/dragon_knight_drink_potion7.png","Resources","715","未被正式场景、预设、构建配置或动态加载路径引用"
"Assets/Resources/dragon_knight/dragon_knight/png/1x/dragon_knight_drink_potion/dragon_knight_drink_potion8.png","Resources","715","未被正式场景、预设、构建配置或动态加载路径引用"
"Assets/Resources/dragon_knight/dragon_knight/png/1x/dragon_knight_drink_potion/dragon_knight_drink_potion9.png","Resources","760","未被正式场景、预设、构建配置或动态加载路径引用"
"Assets/Resources/dragon_knight/dragon_knight/png/1x/dragon_knight_falling/dragon_knight_falling.png","Resources","735","未被正式场景、预设、构建配置或动态加载路径引用"
"Assets/Resources/dragon_knight/dragon_knight/png/1x/dragon_knight_fireball_down/dragon_knight_fireball_down1.png","Resources","397","未被正式场景、预设、构建配置或动态加载路径引用"
"Assets/Resources/dragon_knight/dragon_knight/png/1x/dragon_knight_fireball_down/dragon_knight_fireball_down2.png","Resources","481","未被正式场景、预设、构建配置或动态加载路径引用"
"Assets/Resources/dragon_knight/dragon_knight/png/1x/dragon_knight_fireball_down/dragon_knight_fireball_down3.png","Resources","509","未被正式场景、预设、构建配置或动态加载路径引用"
"Assets/Resources/dragon_knight/dragon_knight/png/1x/dragon_knight_firebreath/dragon_knight_firebreath1.png","Resources","734","未被正式场景、预设、构建配置或动态加载路径引用"
"Assets/Resources/dragon_knight/dragon_knight/png/1x/dragon_knight_firebreath/dragon_knight_firebreath10.png","Resources","1032","未被正式场景、预设、构建配置或动态加载路径引用"
"Assets/Resources/dragon_knight/dragon_knight/png/1x/dragon_knight_firebreath/dragon_knight_firebreath11.png","Resources","833","未被正式场景、预设、构建配置或动态加载路径引用"
"Assets/Resources/dragon_knight/dragon_knight/png/1x/dragon_knight_firebreath/dragon_knight_firebreath2.png","Resources","769","未被正式场景、预设、构建配置或动态加载路径引用"
"Assets/Resources/dragon_knight/dragon_knight/png/1x/dragon_knight_firebreath/dragon_knight_firebreath3.png","Resources","820","未被正式场景、预设、构建配置或动态加载路径引用"
"Assets/Resources/dragon_knight/dragon_knight/png/1x/dragon_knight_firebreath/dragon_knight_firebreath4.png","Resources","807","未被正式场景、预设、构建配置或动态加载路径引用"
"Assets/Resources/dragon_knight/dragon_knight/png/1x/dragon_knight_firebreath/dragon_knight_firebreath5.png","Resources","1312","未被正式场景、预设、构建配置或动态加载路径引用"
"Assets/Resources/dragon_knight/dragon_knight/png/1x/dragon_knight_firebreath/dragon_knight_firebreath6.png","Resources","1347","未被正式场景、预设、构建配置或动态加载路径引用"
"Assets/Resources/dragon_knight/dragon_knight/png/1x/dragon_knight_firebreath/dragon_knight_firebreath7.png","Resources","1341","未被正式场景、预设、构建配置或动态加载路径引用"
"Assets/Resources/dragon_knight/dragon_knight/png/1x/dragon_knight_firebreath/dragon_knight_firebreath8.png","Resources","1333","未被正式场景、预设、构建配置或动态加载路径引用"
"Assets/Resources/dragon_knight/dragon_knight/png/1x/dragon_knight_firebreath/dragon_knight_firebreath9.png","Resources","1382","未被正式场景、预设、构建配置或动态加载路径引用"
"Assets/Resources/dragon_knight/dragon_knight/png/1x/dragon_knight_firebreath_character_only/dragon_knight_firebreath_character_only1.png","Resources","734","未被正式场景、预设、构建配置或动态加载路径引用"
"Assets/Resources/dragon_knight/dragon_knight/png/1x/dragon_knight_firebreath_character_only/dragon_knight_firebreath_character_only10.png","Resources","690","未被正式场景、预设、构建配置或动态加载路径引用"
"Assets/Resources/dragon_knight/dragon_knight/png/1x/dragon_knight_firebreath_character_only/dragon_knight_firebreath_character_only11.png","Resources","690","未被正式场景、预设、构建配置或动态加载路径引用"
"Assets/Resources/dragon_knight/dragon_knight/png/1x/dragon_knight_firebreath_character_only/dragon_knight_firebreath_character_only2.png","Resources","769","未被正式场景、预设、构建配置或动态加载路径引用"
"Assets/Resources/dragon_knight/dragon_knight/png/1x/dragon_knight_firebreath_character_only/dragon_knight_firebreath_character_only3.png","Resources","820","未被正式场景、预设、构建配置或动态加载路径引用"
"Assets/Resources/dragon_knight/dragon_knight/png/1x/dragon_knight_firebreath_character_only/dragon_knight_firebreath_character_only4.png","Resources","807","未被正式场景、预设、构建配置或动态加载路径引用"
"Assets/Resources/dragon_knight/dragon_knight/png/1x/dragon_knight_firebreath_character_only/dragon_knight_firebreath_character_only5.png","Resources","710","未被正式场景、预设、构建配置或动态加载路径引用"
"Assets/Resources/dragon_knight/dragon_knight/png/1x/dragon_knight_firebreath_character_only/dragon_knight_firebreath_character_only6.png","Resources","710","未被正式场景、预设、构建配置或动态加载路径引用"
"Assets/Resources/dragon_knight/dragon_knight/png/1x/dragon_knight_firebreath_character_only/dragon_knight_firebreath_character_only7.png","Resources","710","未被正式场景、预设、构建配置或动态加载路径引用"
"Assets/Resources/dragon_knight/dragon_knight/png/1x/dragon_knight_firebreath_character_only/dragon_knight_firebreath_character_only8.png","Resources","710","未被正式场景、预设、构建配置或动态加载路径引用"
"Assets/Resources/dragon_knight/dragon_knight/png/1x/dragon_knight_firebreath_character_only/dragon_knight_firebreath_character_only9.png","Resources","690","未被正式场景、预设、构建配置或动态加载路径引用"
"Assets/Resources/dragon_knight/dragon_knight/png/1x/dragon_knight_firebreath_downward_air/dragon_knight_firebreath_downward_air1.png","Resources","832","未被正式场景、预设、构建配置或动态加载路径引用"
"Assets/Resources/dragon_knight/dragon_knight/png/1x/dragon_knight_firebreath_downward_air/dragon_knight_firebreath_downward_air10.png","Resources","991","未被正式场景、预设、构建配置或动态加载路径引用"
"Assets/Resources/dragon_knight/dragon_knight/png/1x/dragon_knight_firebreath_downward_air/dragon_knight_firebreath_downward_air11.png","Resources","699","未被正式场景、预设、构建配置或动态加载路径引用"
"Assets/Resources/dragon_knight/dragon_knight/png/1x/dragon_knight_firebreath_downward_air/dragon_knight_firebreath_downward_air2.png","Resources","832","未被正式场景、预设、构建配置或动态加载路径引用"
"Assets/Resources/dragon_knight/dragon_knight/png/1x/dragon_knight_firebreath_downward_air/dragon_knight_firebreath_downward_air3.png","Resources","992","未被正式场景、预设、构建配置或动态加载路径引用"
"Assets/Resources/dragon_knight/dragon_knight/png/1x/dragon_knight_firebreath_downward_air/dragon_knight_firebreath_downward_air4.png","Resources","1191","未被正式场景、预设、构建配置或动态加载路径引用"
"Assets/Resources/dragon_knight/dragon_knight/png/1x/dragon_knight_firebreath_downward_air/dragon_knight_firebreath_downward_air5.png","Resources","1223","未被正式场景、预设、构建配置或动态加载路径引用"
"Assets/Resources/dragon_knight/dragon_knight/png/1x/dragon_knight_firebreath_downward_air/dragon_knight_firebreath_downward_air6.png","Resources","955","未被正式场景、预设、构建配置或动态加载路径引用"
"Assets/Resources/dragon_knight/dragon_knight/png/1x/dragon_knight_firebreath_downward_air/dragon_knight_firebreath_downward_air7.png","Resources","931","未被正式场景、预设、构建配置或动态加载路径引用"
"Assets/Resources/dragon_knight/dragon_knight/png/1x/dragon_knight_firebreath_downward_air/dragon_knight_firebreath_downward_air8.png","Resources","1724","未被正式场景、预设、构建配置或动态加载路径引用"
"Assets/Resources/dragon_knight/dragon_knight/png/1x/dragon_knight_firebreath_downward_air/dragon_knight_firebreath_downward_air9.png","Resources","1568","未被正式场景、预设、构建配置或动态加载路径引用"
"Assets/Resources/dragon_knight/dragon_knight/png/1x/dragon_knight_firebreath_effect/dragon_knight_firebreath_effect1.png","Resources","823","未被正式场景、预设、构建配置或动态加载路径引用"
"Assets/Resources/dragon_knight/dragon_knight/png/1x/dragon_knight_firebreath_effect/dragon_knight_firebreath_effect2.png","Resources","839","未被正式场景、预设、构建配置或动态加载路径引用"
"Assets/Resources/dragon_knight/dragon_knight/png/1x/dragon_knight_firebreath_effect/dragon_knight_firebreath_effect3.png","Resources","860","未被正式场景、预设、构建配置或动态加载路径引用"
"Assets/Resources/dragon_knight/dragon_knight/png/1x/dragon_knight_firebreath_effect/dragon_knight_firebreath_effect4.png","Resources","853","未被正式场景、预设、构建配置或动态加载路径引用"
"Assets/Resources/dragon_knight/dragon_knight/png/1x/dragon_knight_firebreath_effect/dragon_knight_firebreath_effect5.png","Resources","871","未被正式场景、预设、构建配置或动态加载路径引用"
"Assets/Resources/dragon_knight/dragon_knight/png/1x/dragon_knight_firebreath_effect/dragon_knight_firebreath_effect6.png","Resources","483","未被正式场景、预设、构建配置或动态加载路径引用"
"Assets/Resources/dragon_knight/dragon_knight/png/1x/dragon_knight_firebreath_effect/dragon_knight_firebreath_effect7.png","Resources","283","未被正式场景、预设、构建配置或动态加载路径引用"
"Assets/Resources/dragon_knight/dragon_knight/png/1x/dragon_knight_idle/dragon_knight_idle1.png","Resources","698","未被正式场景、预设、构建配置或动态加载路径引用"
"Assets/Resources/dragon_knight/dragon_knight/png/1x/dragon_knight_idle/dragon_knight_idle2.png","Resources","725","未被正式场景、预设、构建配置或动态加载路径引用"
"Assets/Resources/dragon_knight/dragon_knight/png/1x/dragon_knight_jump/dragon_knight_jump.png","Resources","715","未被正式场景、预设、构建配置或动态加载路径引用"
"Assets/Resources/dragon_knight/dragon_knight/png/1x/dragon_knight_jump_attack_1/dragon_knight_jump_attack_1.png","Resources","699","未被正式场景、预设、构建配置或动态加载路径引用"
"Assets/Resources/dragon_knight/dragon_knight/png/1x/dragon_knight_jump_attack_1/dragon_knight_jump_attack_2.png","Resources","925","未被正式场景、预设、构建配置或动态加载路径引用"
"Assets/Resources/dragon_knight/dragon_knight/png/1x/dragon_knight_jump_attack_1/dragon_knight_jump_attack_3.png","Resources","1085","未被正式场景、预设、构建配置或动态加载路径引用"
"Assets/Resources/dragon_knight/dragon_knight/png/1x/dragon_knight_jump_attack_1/dragon_knight_jump_attack_4.png","Resources","1091","未被正式场景、预设、构建配置或动态加载路径引用"
"Assets/Resources/dragon_knight/dragon_knight/png/1x/dragon_knight_jump_attack_1/dragon_knight_jump_attack_5.png","Resources","929","未被正式场景、预设、构建配置或动态加载路径引用"
"Assets/Resources/dragon_knight/dragon_knight/png/1x/dragon_knight_jump_attack_1/dragon_knight_jump_attack_6.png","Resources","778","未被正式场景、预设、构建配置或动态加载路径引用"
"Assets/Resources/dragon_knight/dragon_knight/png/1x/dragon_knight_jump_attack_2/dragon_knight_jump_attack_2.png","Resources","928","未被正式场景、预设、构建配置或动态加载路径引用"
"Assets/Resources/dragon_knight/dragon_knight/png/1x/dragon_knight_jump_attack_2/dragon_knight_jump_attack_3.png","Resources","1174","未被正式场景、预设、构建配置或动态加载路径引用"
"Assets/Resources/dragon_knight/dragon_knight/png/1x/dragon_knight_jump_attack_2/dragon_knight_jump_attack_4.png","Resources","1021","未被正式场景、预设、构建配置或动态加载路径引用"
"Assets/Resources/dragon_knight/dragon_knight/png/1x/dragon_knight_jump_attack_2/dragon_knight_jump_attack_5.png","Resources","928","未被正式场景、预设、构建配置或动态加载路径引用"
"Assets/Resources/dragon_knight/dragon_knight/png/1x/dragon_knight_jump_attack_2/dragon_knight_jump_attack_6.png","Resources","793","未被正式场景、预设、构建配置或动态加载路径引用"
"Assets/Resources/dragon_knight/dragon_knight/png/1x/dragon_knight_jump_attack_3/dragon_knight_jump_attack_3.png","Resources","949","未被正式场景、预设、构建配置或动态加载路径引用"
"Assets/Resources/dragon_knight/dragon_knight/png/1x/dragon_knight_jump_attack_3/dragon_knight_jump_attack_4.png","Resources","1109","未被正式场景、预设、构建配置或动态加载路径引用"
"Assets/Resources/dragon_knight/dragon_knight/png/1x/dragon_knight_jump_attack_3/dragon_knight_jump_attack_5.png","Resources","931","未被正式场景、预设、构建配置或动态加载路径引用"
"Assets/Resources/dragon_knight/dragon_knight/png/1x/dragon_knight_jump_attack_3/dragon_knight_jump_attack_6.png","Resources","823","未被正式场景、预设、构建配置或动态加载路径引用"
"Assets/Resources/dragon_knight/dragon_knight/png/1x/dragon_knight_jump_attack_3/dragon_knight_jump_attack_7.png","Resources","718","未被正式场景、预设、构建配置或动态加载路径引用"
"Assets/Resources/dragon_knight/dragon_knight/png/1x/dragon_knight_on_hit/dragon_knight_on_hit1.png","Resources","454","未被正式场景、预设、构建配置或动态加载路径引用"
"Assets/Resources/dragon_knight/dragon_knight/png/1x/dragon_knight_on_hit/dragon_knight_on_hit2.png","Resources","653","未被正式场景、预设、构建配置或动态加载路径引用"
"Assets/Resources/dragon_knight/dragon_knight/png/1x/dragon_knight_prep_dash/dragon_knight_prep_dash1.png","Resources","663","未被正式场景、预设、构建配置或动态加载路径引用"
"Assets/Resources/dragon_knight/dragon_knight/png/1x/dragon_knight_prep_dash/dragon_knight_prep_dash2.png","Resources","685","未被正式场景、预设、构建配置或动态加载路径引用"
"Assets/Resources/dragon_knight/dragon_knight/png/1x/dragon_knight_prep_dash/dragon_knight_prep_dash3.png","Resources","689","未被正式场景、预设、构建配置或动态加载路径引用"
"Assets/Resources/dragon_knight/dragon_knight/png/1x/dragon_knight_prepare_jump/dragon_knight_prepare_jump.png","Resources","650","未被正式场景、预设、构建配置或动态加载路径引用"
"Assets/Resources/dragon_knight/dragon_knight/png/1x/dragon_knight_run/dragon_knight_run1.png","Resources","707","未被正式场景、预设、构建配置或动态加载路径引用"
"Assets/Resources/dragon_knight/dragon_knight/png/1x/dragon_knight_run/dragon_knight_run2.png","Resources","697","未被正式场景、预设、构建配置或动态加载路径引用"
"Assets/Resources/dragon_knight/dragon_knight/png/1x/dragon_knight_run/dragon_knight_run3.png","Resources","704","未被正式场景、预设、构建配置或动态加载路径引用"
"Assets/Resources/dragon_knight/dragon_knight/png/1x/dragon_knight_run/dragon_knight_run4.png","Resources","671","未被正式场景、预设、构建配置或动态加载路径引用"
"Assets/Resources/dragon_knight/dragon_knight/png/1x/fireball_explosion/fireball_explosion1.png","Resources","329","未被正式场景、预设、构建配置或动态加载路径引用"
"Assets/Resources/dragon_knight/dragon_knight/png/1x/fireball_explosion/fireball_explosion2.png","Resources","348","未被正式场景、预设、构建配置或动态加载路径引用"
"Assets/Resources/dragon_knight/dragon_knight/png/1x/fireball_explosion/fireball_explosion3.png","Resources","1159","未被正式场景、预设、构建配置或动态加载路径引用"
"Assets/Resources/dragon_knight/dragon_knight/png/1x/fireball_explosion/fireball_explosion4.png","Resources","1115","未被正式场景、预设、构建配置或动态加载路径引用"
"Assets/Resources/dragon_knight/dragon_knight/png/1x/fireball_explosion/fireball_explosion5.png","Resources","484","未被正式场景、预设、构建配置或动态加载路径引用"
"Assets/Resources/dragon_knight/dragon_knight/png/2x/attack_on_hit_a/attack_on_hit_a1.png","Resources","250","未被正式场景、预设、构建配置或动态加载路径引用"
"Assets/Resources/dragon_knight/dragon_knight/png/2x/attack_on_hit_a/attack_on_hit_a2.png","Resources","365","未被正式场景、预设、构建配置或动态加载路径引用"
"Assets/Resources/dragon_knight/dragon_knight/png/2x/attack_on_hit_a/attack_on_hit_a3.png","Resources","284","未被正式场景、预设、构建配置或动态加载路径引用"
"Assets/Resources/dragon_knight/dragon_knight/png/2x/attack_on_hit_b/attack_on_hit_b1.png","Resources","219","未被正式场景、预设、构建配置或动态加载路径引用"
"Assets/Resources/dragon_knight/dragon_knight/png/2x/attack_on_hit_b/attack_on_hit_b2.png","Resources","310","未被正式场景、预设、构建配置或动态加载路径引用"
"Assets/Resources/dragon_knight/dragon_knight/png/2x/attack_on_hit_b/attack_on_hit_b3.png","Resources","283","未被正式场景、预设、构建配置或动态加载路径引用"
"Assets/Resources/dragon_knight/dragon_knight/png/2x/dash_flame_trail/dash_flame_trail1.png","Resources","1121","未被正式场景、预设、构建配置或动态加载路径引用"
"Assets/Resources/dragon_knight/dragon_knight/png/2x/dash_flame_trail/dash_flame_trail2.png","Resources","866","未被正式场景、预设、构建配置或动态加载路径引用"
"Assets/Resources/dragon_knight/dragon_knight/png/2x/dash_flame_trail/dash_flame_trail3.png","Resources","440","未被正式场景、预设、构建配置或动态加载路径引用"
"Assets/Resources/dragon_knight/dragon_knight/png/2x/dragon_knight_attack_1/dragon_knight_attack_1.png","Resources","925","未被正式场景、预设、构建配置或动态加载路径引用"
"Assets/Resources/dragon_knight/dragon_knight/png/2x/dragon_knight_attack_1/dragon_knight_attack_2.png","Resources","1087","未被正式场景、预设、构建配置或动态加载路径引用"
"Assets/Resources/dragon_knight/dragon_knight/png/2x/dragon_knight_attack_1/dragon_knight_attack_3.png","Resources","1343","未被正式场景、预设、构建配置或动态加载路径引用"
"Assets/Resources/dragon_knight/dragon_knight/png/2x/dragon_knight_attack_1/dragon_knight_attack_4.png","Resources","1324","未被正式场景、预设、构建配置或动态加载路径引用"
"Assets/Resources/dragon_knight/dragon_knight/png/2x/dragon_knight_attack_1/dragon_knight_attack_5.png","Resources","1152","未被正式场景、预设、构建配置或动态加载路径引用"
"Assets/Resources/dragon_knight/dragon_knight/png/2x/dragon_knight_attack_1/dragon_knight_attack_6.png","Resources","875","未被正式场景、预设、构建配置或动态加载路径引用"
"Assets/Resources/dragon_knight/dragon_knight/png/2x/dragon_knight_attack_2/dragon_knight_attack_2.png","Resources","942","未被正式场景、预设、构建配置或动态加载路径引用"
"Assets/Resources/dragon_knight/dragon_knight/png/2x/dragon_knight_attack_2/dragon_knight_attack_3.png","Resources","1101","未被正式场景、预设、构建配置或动态加载路径引用"
"Assets/Resources/dragon_knight/dragon_knight/png/2x/dragon_knight_attack_2/dragon_knight_attack_4.png","Resources","1387","未被正式场景、预设、构建配置或动态加载路径引用"
"Assets/Resources/dragon_knight/dragon_knight/png/2x/dragon_knight_attack_2/dragon_knight_attack_5.png","Resources","1331","未被正式场景、预设、构建配置或动态加载路径引用"
"Assets/Resources/dragon_knight/dragon_knight/png/2x/dragon_knight_attack_2/dragon_knight_attack_6.png","Resources","1098","未被正式场景、预设、构建配置或动态加载路径引用"
"Assets/Resources/dragon_knight/dragon_knight/png/2x/dragon_knight_attack_2/dragon_knight_attack_7.png","Resources","893","未被正式场景、预设、构建配置或动态加载路径引用"
"Assets/Resources/dragon_knight/dragon_knight/png/2x/dragon_knight_attack_3/dragon_knight_attack_10.png","Resources","892","未被正式场景、预设、构建配置或动态加载路径引用"
"Assets/Resources/dragon_knight/dragon_knight/png/2x/dragon_knight_attack_3/dragon_knight_attack_3.png","Resources","1096","未被正式场景、预设、构建配置或动态加载路径引用"
"Assets/Resources/dragon_knight/dragon_knight/png/2x/dragon_knight_attack_3/dragon_knight_attack_4.png","Resources","1359","未被正式场景、预设、构建配置或动态加载路径引用"
"Assets/Resources/dragon_knight/dragon_knight/png/2x/dragon_knight_attack_3/dragon_knight_attack_5.png","Resources","1885","未被正式场景、预设、构建配置或动态加载路径引用"
"Assets/Resources/dragon_knight/dragon_knight/png/2x/dragon_knight_attack_3/dragon_knight_attack_6.png","Resources","1295","未被正式场景、预设、构建配置或动态加载路径引用"
"Assets/Resources/dragon_knight/dragon_knight/png/2x/dragon_knight_attack_3/dragon_knight_attack_7.png","Resources","1293","未被正式场景、预设、构建配置或动态加载路径引用"
"Assets/Resources/dragon_knight/dragon_knight/png/2x/dragon_knight_attack_3/dragon_knight_attack_8.png","Resources","1745","未被正式场景、预设、构建配置或动态加载路径引用"
"Assets/Resources/dragon_knight/dragon_knight/png/2x/dragon_knight_attack_3/dragon_knight_attack_9.png","Resources","1115","未被正式场景、预设、构建配置或动态加载路径引用"
"Assets/Resources/dragon_knight/dragon_knight/png/2x/dragon_knight_dash/dragon_knight_dash.png","Resources","888","未被正式场景、预设、构建配置或动态加载路径引用"
"Assets/Resources/dragon_knight/dragon_knight/png/2x/dragon_knight_death/dragon_knight_death1.png","Resources","629","未被正式场景、预设、构建配置或动态加载路径引用"
"Assets/Resources/dragon_knight/dragon_knight/png/2x/dragon_knight_death/dragon_knight_death10.png","Resources","656","未被正式场景、预设、构建配置或动态加载路径引用"
"Assets/Resources/dragon_knight/dragon_knight/png/2x/dragon_knight_death/dragon_knight_death11.png","Resources","655","未被正式场景、预设、构建配置或动态加载路径引用"
"Assets/Resources/dragon_knight/dragon_knight/png/2x/dragon_knight_death/dragon_knight_death12.png","Resources","646","未被正式场景、预设、构建配置或动态加载路径引用"
"Assets/Resources/dragon_knight/dragon_knight/png/2x/dragon_knight_death/dragon_knight_death13.png","Resources","646","未被正式场景、预设、构建配置或动态加载路径引用"
"Assets/Resources/dragon_knight/dragon_knight/png/2x/dragon_knight_death/dragon_knight_death2.png","Resources","960","未被正式场景、预设、构建配置或动态加载路径引用"
"Assets/Resources/dragon_knight/dragon_knight/png/2x/dragon_knight_death/dragon_knight_death3.png","Resources","843","未被正式场景、预设、构建配置或动态加载路径引用"
"Assets/Resources/dragon_knight/dragon_knight/png/2x/dragon_knight_death/dragon_knight_death4.png","Resources","746","未被正式场景、预设、构建配置或动态加载路径引用"
"Assets/Resources/dragon_knight/dragon_knight/png/2x/dragon_knight_death/dragon_knight_death5.png","Resources","749","未被正式场景、预设、构建配置或动态加载路径引用"
"Assets/Resources/dragon_knight/dragon_knight/png/2x/dragon_knight_death/dragon_knight_death6.png","Resources","654","未被正式场景、预设、构建配置或动态加载路径引用"
"Assets/Resources/dragon_knight/dragon_knight/png/2x/dragon_knight_death/dragon_knight_death7.png","Resources","694","未被正式场景、预设、构建配置或动态加载路径引用"
"Assets/Resources/dragon_knight/dragon_knight/png/2x/dragon_knight_death/dragon_knight_death8.png","Resources","654","未被正式场景、预设、构建配置或动态加载路径引用"
"Assets/Resources/dragon_knight/dragon_knight/png/2x/dragon_knight_death/dragon_knight_death9.png","Resources","657","未被正式场景、预设、构建配置或动态加载路径引用"
"Assets/Resources/dragon_knight/dragon_knight/png/2x/dragon_knight_drink_potion/dragon_knight_drink_potion1.png","Resources","981","未被正式场景、预设、构建配置或动态加载路径引用"
"Assets/Resources/dragon_knight/dragon_knight/png/2x/dragon_knight_drink_potion/dragon_knight_drink_potion10.png","Resources","661","未被正式场景、预设、构建配置或动态加载路径引用"
"Assets/Resources/dragon_knight/dragon_knight/png/2x/dragon_knight_drink_potion/dragon_knight_drink_potion11.png","Resources","641","未被正式场景、预设、构建配置或动态加载路径引用"
"Assets/Resources/dragon_knight/dragon_knight/png/2x/dragon_knight_drink_potion/dragon_knight_drink_potion12.png","Resources","861","未被正式场景、预设、构建配置或动态加载路径引用"
"Assets/Resources/dragon_knight/dragon_knight/png/2x/dragon_knight_drink_potion/dragon_knight_drink_potion13.png","Resources","865","未被正式场景、预设、构建配置或动态加载路径引用"
"Assets/Resources/dragon_knight/dragon_knight/png/2x/dragon_knight_drink_potion/dragon_knight_drink_potion14.png","Resources","960","未被正式场景、预设、构建配置或动态加载路径引用"
"Assets/Resources/dragon_knight/dragon_knight/png/2x/dragon_knight_drink_potion/dragon_knight_drink_potion2.png","Resources","981","未被正式场景、预设、构建配置或动态加载路径引用"
"Assets/Resources/dragon_knight/dragon_knight/png/2x/dragon_knight_drink_potion/dragon_knight_drink_potion3.png","Resources","984","未被正式场景、预设、构建配置或动态加载路径引用"
"Assets/Resources/dragon_knight/dragon_knight/png/2x/dragon_knight_drink_potion/dragon_knight_drink_potion4.png","Resources","999","未被正式场景、预设、构建配置或动态加载路径引用"
"Assets/Resources/dragon_knight/dragon_knight/png/2x/dragon_knight_drink_potion/dragon_knight_drink_potion5.png","Resources","998","未被正式场景、预设、构建配置或动态加载路径引用"
"Assets/Resources/dragon_knight/dragon_knight/png/2x/dragon_knight_drink_potion/dragon_knight_drink_potion6.png","Resources","955","未被正式场景、预设、构建配置或动态加载路径引用"
"Assets/Resources/dragon_knight/dragon_knight/png/2x/dragon_knight_drink_potion/dragon_knight_drink_potion7.png","Resources","949","未被正式场景、预设、构建配置或动态加载路径引用"
"Assets/Resources/dragon_knight/dragon_knight/png/2x/dragon_knight_drink_potion/dragon_knight_drink_potion8.png","Resources","949","未被正式场景、预设、构建配置或动态加载路径引用"
"Assets/Resources/dragon_knight/dragon_knight/png/2x/dragon_knight_drink_potion/dragon_knight_drink_potion9.png","Resources","998","未被正式场景、预设、构建配置或动态加载路径引用"
"Assets/Resources/dragon_knight/dragon_knight/png/2x/dragon_knight_falling/dragon_knight_falling.png","Resources","1006","未被正式场景、预设、构建配置或动态加载路径引用"
"Assets/Resources/dragon_knight/dragon_knight/png/2x/dragon_knight_fireball_down/dragon_knight_fireball_down1.png","Resources","576","未被正式场景、预设、构建配置或动态加载路径引用"
"Assets/Resources/dragon_knight/dragon_knight/png/2x/dragon_knight_fireball_down/dragon_knight_fireball_down2.png","Resources","673","未被正式场景、预设、构建配置或动态加载路径引用"
"Assets/Resources/dragon_knight/dragon_knight/png/2x/dragon_knight_fireball_down/dragon_knight_fireball_down3.png","Resources","713","未被正式场景、预设、构建配置或动态加载路径引用"
"Assets/Resources/dragon_knight/dragon_knight/png/2x/dragon_knight_firebreath/dragon_knight_firebreath1.png","Resources","1011","未被正式场景、预设、构建配置或动态加载路径引用"
"Assets/Resources/dragon_knight/dragon_knight/png/2x/dragon_knight_firebreath/dragon_knight_firebreath10.png","Resources","1409","未被正式场景、预设、构建配置或动态加载路径引用"
"Assets/Resources/dragon_knight/dragon_knight/png/2x/dragon_knight_firebreath/dragon_knight_firebreath11.png","Resources","1141","未被正式场景、预设、构建配置或动态加载路径引用"
"Assets/Resources/dragon_knight/dragon_knight/png/2x/dragon_knight_firebreath/dragon_knight_firebreath2.png","Resources","1071","未被正式场景、预设、构建配置或动态加载路径引用"
"Assets/Resources/dragon_knight/dragon_knight/png/2x/dragon_knight_firebreath/dragon_knight_firebreath3.png","Resources","1110","未被正式场景、预设、构建配置或动态加载路径引用"
"Assets/Resources/dragon_knight/dragon_knight/png/2x/dragon_knight_firebreath/dragon_knight_firebreath4.png","Resources","1103","未被正式场景、预设、构建配置或动态加载路径引用"
"Assets/Resources/dragon_knight/dragon_knight/png/2x/dragon_knight_firebreath/dragon_knight_firebreath5.png","Resources","1646","未被正式场景、预设、构建配置或动态加载路径引用"
"Assets/Resources/dragon_knight/dragon_knight/png/2x/dragon_knight_firebreath/dragon_knight_firebreath6.png","Resources","1702","未被正式场景、预设、构建配置或动态加载路径引用"
"Assets/Resources/dragon_knight/dragon_knight/png/2x/dragon_knight_firebreath/dragon_knight_firebreath7.png","Resources","1697","未被正式场景、预设、构建配置或动态加载路径引用"
"Assets/Resources/dragon_knight/dragon_knight/png/2x/dragon_knight_firebreath/dragon_knight_firebreath8.png","Resources","1680","未被正式场景、预设、构建配置或动态加载路径引用"
"Assets/Resources/dragon_knight/dragon_knight/png/2x/dragon_knight_firebreath/dragon_knight_firebreath9.png","Resources","1774","未被正式场景、预设、构建配置或动态加载路径引用"
"Assets/Resources/dragon_knight/dragon_knight/png/2x/dragon_knight_firebreath_character_only/dragon_knight_firebreath_character_only1.png","Resources","1011","未被正式场景、预设、构建配置或动态加载路径引用"
"Assets/Resources/dragon_knight/dragon_knight/png/2x/dragon_knight_firebreath_character_only/dragon_knight_firebreath_character_only10.png","Resources","953","未被正式场景、预设、构建配置或动态加载路径引用"
"Assets/Resources/dragon_knight/dragon_knight/png/2x/dragon_knight_firebreath_character_only/dragon_knight_firebreath_character_only11.png","Resources","953","未被正式场景、预设、构建配置或动态加载路径引用"
"Assets/Resources/dragon_knight/dragon_knight/png/2x/dragon_knight_firebreath_character_only/dragon_knight_firebreath_character_only2.png","Resources","1071","未被正式场景、预设、构建配置或动态加载路径引用"
"Assets/Resources/dragon_knight/dragon_knight/png/2x/dragon_knight_firebreath_character_only/dragon_knight_firebreath_character_only3.png","Resources","1110","未被正式场景、预设、构建配置或动态加载路径引用"
"Assets/Resources/dragon_knight/dragon_knight/png/2x/dragon_knight_firebreath_character_only/dragon_knight_firebreath_character_only4.png","Resources","1103","未被正式场景、预设、构建配置或动态加载路径引用"
"Assets/Resources/dragon_knight/dragon_knight/png/2x/dragon_knight_firebreath_character_only/dragon_knight_firebreath_character_only5.png","Resources","922","未被正式场景、预设、构建配置或动态加载路径引用"
"Assets/Resources/dragon_knight/dragon_knight/png/2x/dragon_knight_firebreath_character_only/dragon_knight_firebreath_character_only6.png","Resources","922","未被正式场景、预设、构建配置或动态加载路径引用"
"Assets/Resources/dragon_knight/dragon_knight/png/2x/dragon_knight_firebreath_character_only/dragon_knight_firebreath_character_only7.png","Resources","922","未被正式场景、预设、构建配置或动态加载路径引用"
"Assets/Resources/dragon_knight/dragon_knight/png/2x/dragon_knight_firebreath_character_only/dragon_knight_firebreath_character_only8.png","Resources","922","未被正式场景、预设、构建配置或动态加载路径引用"
"Assets/Resources/dragon_knight/dragon_knight/png/2x/dragon_knight_firebreath_character_only/dragon_knight_firebreath_character_only9.png","Resources","953","未被正式场景、预设、构建配置或动态加载路径引用"
"Assets/Resources/dragon_knight/dragon_knight/png/2x/dragon_knight_firebreath_downward_air/dragon_knight_firebreath_downward_air1.png","Resources","1173","未被正式场景、预设、构建配置或动态加载路径引用"
"Assets/Resources/dragon_knight/dragon_knight/png/2x/dragon_knight_firebreath_downward_air/dragon_knight_firebreath_downward_air10.png","Resources","1313","未被正式场景、预设、构建配置或动态加载路径引用"
"Assets/Resources/dragon_knight/dragon_knight/png/2x/dragon_knight_firebreath_downward_air/dragon_knight_firebreath_downward_air11.png","Resources","962","未被正式场景、预设、构建配置或动态加载路径引用"
"Assets/Resources/dragon_knight/dragon_knight/png/2x/dragon_knight_firebreath_downward_air/dragon_knight_firebreath_downward_air2.png","Resources","1175","未被正式场景、预设、构建配置或动态加载路径引用"
"Assets/Resources/dragon_knight/dragon_knight/png/2x/dragon_knight_firebreath_downward_air/dragon_knight_firebreath_downward_air3.png","Resources","1382","未被正式场景、预设、构建配置或动态加载路径引用"
"Assets/Resources/dragon_knight/dragon_knight/png/2x/dragon_knight_firebreath_downward_air/dragon_knight_firebreath_downward_air4.png","Resources","1687","未被正式场景、预设、构建配置或动态加载路径引用"
"Assets/Resources/dragon_knight/dragon_knight/png/2x/dragon_knight_firebreath_downward_air/dragon_knight_firebreath_downward_air5.png","Resources","1684","未被正式场景、预设、构建配置或动态加载路径引用"
"Assets/Resources/dragon_knight/dragon_knight/png/2x/dragon_knight_firebreath_downward_air/dragon_knight_firebreath_downward_air6.png","Resources","1328","未被正式场景、预设、构建配置或动态加载路径引用"
"Assets/Resources/dragon_knight/dragon_knight/png/2x/dragon_knight_firebreath_downward_air/dragon_knight_firebreath_downward_air7.png","Resources","1268","未被正式场景、预设、构建配置或动态加载路径引用"
"Assets/Resources/dragon_knight/dragon_knight/png/2x/dragon_knight_firebreath_downward_air/dragon_knight_firebreath_downward_air8.png","Resources","2281","未被正式场景、预设、构建配置或动态加载路径引用"
"Assets/Resources/dragon_knight/dragon_knight/png/2x/dragon_knight_firebreath_downward_air/dragon_knight_firebreath_downward_air9.png","Resources","1991","未被正式场景、预设、构建配置或动态加载路径引用"
"Assets/Resources/dragon_knight/dragon_knight/png/2x/dragon_knight_firebreath_effect/dragon_knight_firebreath_effect1.png","Resources","1101","未被正式场景、预设、构建配置或动态加载路径引用"
"Assets/Resources/dragon_knight/dragon_knight/png/2x/dragon_knight_firebreath_effect/dragon_knight_firebreath_effect2.png","Resources","1104","未被正式场景、预设、构建配置或动态加载路径引用"
"Assets/Resources/dragon_knight/dragon_knight/png/2x/dragon_knight_firebreath_effect/dragon_knight_firebreath_effect3.png","Resources","1151","未被正式场景、预设、构建配置或动态加载路径引用"
"Assets/Resources/dragon_knight/dragon_knight/png/2x/dragon_knight_firebreath_effect/dragon_knight_firebreath_effect4.png","Resources","1106","未被正式场景、预设、构建配置或动态加载路径引用"
"Assets/Resources/dragon_knight/dragon_knight/png/2x/dragon_knight_firebreath_effect/dragon_knight_firebreath_effect5.png","Resources","1153","未被正式场景、预设、构建配置或动态加载路径引用"
"Assets/Resources/dragon_knight/dragon_knight/png/2x/dragon_knight_firebreath_effect/dragon_knight_firebreath_effect6.png","Resources","686","未被正式场景、预设、构建配置或动态加载路径引用"
"Assets/Resources/dragon_knight/dragon_knight/png/2x/dragon_knight_firebreath_effect/dragon_knight_firebreath_effect7.png","Resources","405","未被正式场景、预设、构建配置或动态加载路径引用"
"Assets/Resources/dragon_knight/dragon_knight/png/2x/dragon_knight_idle/dragon_knight_idle1.png","Resources","960","未被正式场景、预设、构建配置或动态加载路径引用"
"Assets/Resources/dragon_knight/dragon_knight/png/2x/dragon_knight_idle/dragon_knight_idle2.png","Resources","991","未被正式场景、预设、构建配置或动态加载路径引用"
"Assets/Resources/dragon_knight/dragon_knight/png/2x/dragon_knight_jump/dragon_knight_jump.png","Resources","963","未被正式场景、预设、构建配置或动态加载路径引用"
"Assets/Resources/dragon_knight/dragon_knight/png/2x/dragon_knight_jump_attack_1/dragon_knight_jump_attack_1.png","Resources","952","未被正式场景、预设、构建配置或动态加载路径引用"
"Assets/Resources/dragon_knight/dragon_knight/png/2x/dragon_knight_jump_attack_1/dragon_knight_jump_attack_2.png","Resources","1224","未被正式场景、预设、构建配置或动态加载路径引用"
"Assets/Resources/dragon_knight/dragon_knight/png/2x/dragon_knight_jump_attack_1/dragon_knight_jump_attack_3.png","Resources","1421","未被正式场景、预设、构建配置或动态加载路径引用"
"Assets/Resources/dragon_knight/dragon_knight/png/2x/dragon_knight_jump_attack_1/dragon_knight_jump_attack_4.png","Resources","1415","未被正式场景、预设、构建配置或动态加载路径引用"
"Assets/Resources/dragon_knight/dragon_knight/png/2x/dragon_knight_jump_attack_1/dragon_knight_jump_attack_5.png","Resources","1240","未被正式场景、预设、构建配置或动态加载路径引用"
"Assets/Resources/dragon_knight/dragon_knight/png/2x/dragon_knight_jump_attack_1/dragon_knight_jump_attack_6.png","Resources","1061","未被正式场景、预设、构建配置或动态加载路径引用"
"Assets/Resources/dragon_knight/dragon_knight/png/2x/dragon_knight_jump_attack_2/dragon_knight_jump_attack_2.png","Resources","1202","未被正式场景、预设、构建配置或动态加载路径引用"
"Assets/Resources/dragon_knight/dragon_knight/png/2x/dragon_knight_jump_attack_2/dragon_knight_jump_attack_3.png","Resources","1560","未被正式场景、预设、构建配置或动态加载路径引用"
"Assets/Resources/dragon_knight/dragon_knight/png/2x/dragon_knight_jump_attack_2/dragon_knight_jump_attack_4.png","Resources","1342","未被正式场景、预设、构建配置或动态加载路径引用"
"Assets/Resources/dragon_knight/dragon_knight/png/2x/dragon_knight_jump_attack_2/dragon_knight_jump_attack_5.png","Resources","1232","未被正式场景、预设、构建配置或动态加载路径引用"
"Assets/Resources/dragon_knight/dragon_knight/png/2x/dragon_knight_jump_attack_2/dragon_knight_jump_attack_6.png","Resources","1079","未被正式场景、预设、构建配置或动态加载路径引用"
"Assets/Resources/dragon_knight/dragon_knight/png/2x/dragon_knight_jump_attack_3/dragon_knight_jump_attack_3.png","Resources","1232","未被正式场景、预设、构建配置或动态加载路径引用"
"Assets/Resources/dragon_knight/dragon_knight/png/2x/dragon_knight_jump_attack_3/dragon_knight_jump_attack_4.png","Resources","1440","未被正式场景、预设、构建配置或动态加载路径引用"
"Assets/Resources/dragon_knight/dragon_knight/png/2x/dragon_knight_jump_attack_3/dragon_knight_jump_attack_5.png","Resources","1235","未被正式场景、预设、构建配置或动态加载路径引用"
"Assets/Resources/dragon_knight/dragon_knight/png/2x/dragon_knight_jump_attack_3/dragon_knight_jump_attack_6.png","Resources","1094","未被正式场景、预设、构建配置或动态加载路径引用"
"Assets/Resources/dragon_knight/dragon_knight/png/2x/dragon_knight_jump_attack_3/dragon_knight_jump_attack_7.png","Resources","980","未被正式场景、预设、构建配置或动态加载路径引用"
"Assets/Resources/dragon_knight/dragon_knight/png/2x/dragon_knight_on_hit/dragon_knight_on_hit1.png","Resources","629","未被正式场景、预设、构建配置或动态加载路径引用"
"Assets/Resources/dragon_knight/dragon_knight/png/2x/dragon_knight_on_hit/dragon_knight_on_hit2.png","Resources","893","未被正式场景、预设、构建配置或动态加载路径引用"
"Assets/Resources/dragon_knight/dragon_knight/png/2x/dragon_knight_prep_dash/dragon_knight_prep_dash1.png","Resources","909","未被正式场景、预设、构建配置或动态加载路径引用"
"Assets/Resources/dragon_knight/dragon_knight/png/2x/dragon_knight_prep_dash/dragon_knight_prep_dash2.png","Resources","941","未被正式场景、预设、构建配置或动态加载路径引用"
"Assets/Resources/dragon_knight/dragon_knight/png/2x/dragon_knight_prep_dash/dragon_knight_prep_dash3.png","Resources","942","未被正式场景、预设、构建配置或动态加载路径引用"
"Assets/Resources/dragon_knight/dragon_knight/png/2x/dragon_knight_prepare_jump/dragon_knight_prepare_jump.png","Resources","908","未被正式场景、预设、构建配置或动态加载路径引用"
"Assets/Resources/dragon_knight/dragon_knight/png/2x/dragon_knight_run/dragon_knight_run1.png","Resources","979","未被正式场景、预设、构建配置或动态加载路径引用"
"Assets/Resources/dragon_knight/dragon_knight/png/2x/dragon_knight_run/dragon_knight_run2.png","Resources","977","未被正式场景、预设、构建配置或动态加载路径引用"
"Assets/Resources/dragon_knight/dragon_knight/png/2x/dragon_knight_run/dragon_knight_run3.png","Resources","973","未被正式场景、预设、构建配置或动态加载路径引用"
"Assets/Resources/dragon_knight/dragon_knight/png/2x/dragon_knight_run/dragon_knight_run4.png","Resources","930","未被正式场景、预设、构建配置或动态加载路径引用"
"Assets/Resources/dragon_knight/dragon_knight/png/2x/fireball_explosion/fireball_explosion1.png","Resources","447","未被正式场景、预设、构建配置或动态加载路径引用"
"Assets/Resources/dragon_knight/dragon_knight/png/2x/fireball_explosion/fireball_explosion2.png","Resources","470","未被正式场景、预设、构建配置或动态加载路径引用"
"Assets/Resources/dragon_knight/dragon_knight/png/2x/fireball_explosion/fireball_explosion3.png","Resources","1503","未被正式场景、预设、构建配置或动态加载路径引用"
"Assets/Resources/dragon_knight/dragon_knight/png/2x/fireball_explosion/fireball_explosion4.png","Resources","1430","未被正式场景、预设、构建配置或动态加载路径引用"
"Assets/Resources/dragon_knight/dragon_knight/png/2x/fireball_explosion/fireball_explosion5.png","Resources","668","未被正式场景、预设、构建配置或动态加载路径引用"
"Assets/Resources/dragon_knight/dragon_knight/png/3x/attack_on_hit_a/attack_on_hit_a1.png","Resources","382","未被正式场景、预设、构建配置或动态加载路径引用"
"Assets/Resources/dragon_knight/dragon_knight/png/3x/attack_on_hit_a/attack_on_hit_a2.png","Resources","507","未被正式场景、预设、构建配置或动态加载路径引用"
"Assets/Resources/dragon_knight/dragon_knight/png/3x/attack_on_hit_a/attack_on_hit_a3.png","Resources","426","未被正式场景、预设、构建配置或动态加载路径引用"
"Assets/Resources/dragon_knight/dragon_knight/png/3x/attack_on_hit_b/attack_on_hit_b1.png","Resources","347","未被正式场景、预设、构建配置或动态加载路径引用"
"Assets/Resources/dragon_knight/dragon_knight/png/3x/attack_on_hit_b/attack_on_hit_b2.png","Resources","453","未被正式场景、预设、构建配置或动态加载路径引用"
"Assets/Resources/dragon_knight/dragon_knight/png/3x/attack_on_hit_b/attack_on_hit_b3.png","Resources","419","未被正式场景、预设、构建配置或动态加载路径引用"
"Assets/Resources/dragon_knight/dragon_knight/png/3x/dash_flame_trail/dash_flame_trail1.png","Resources","1340","未被正式场景、预设、构建配置或动态加载路径引用"
"Assets/Resources/dragon_knight/dragon_knight/png/3x/dash_flame_trail/dash_flame_trail2.png","Resources","1065","未被正式场景、预设、构建配置或动态加载路径引用"
"Assets/Resources/dragon_knight/dragon_knight/png/3x/dash_flame_trail/dash_flame_trail3.png","Resources","600","未被正式场景、预设、构建配置或动态加载路径引用"
"Assets/Resources/dragon_knight/dragon_knight/png/3x/dragon_knight_attack_1/dragon_knight_attack_1.png","Resources","1083","未被正式场景、预设、构建配置或动态加载路径引用"
"Assets/Resources/dragon_knight/dragon_knight/png/3x/dragon_knight_attack_1/dragon_knight_attack_2.png","Resources","1259","未被正式场景、预设、构建配置或动态加载路径引用"
"Assets/Resources/dragon_knight/dragon_knight/png/3x/dragon_knight_attack_1/dragon_knight_attack_3.png","Resources","1528","未被正式场景、预设、构建配置或动态加载路径引用"
"Assets/Resources/dragon_knight/dragon_knight/png/3x/dragon_knight_attack_1/dragon_knight_attack_4.png","Resources","1525","未被正式场景、预设、构建配置或动态加载路径引用"
"Assets/Resources/dragon_knight/dragon_knight/png/3x/dragon_knight_attack_1/dragon_knight_attack_5.png","Resources","1346","未被正式场景、预设、构建配置或动态加载路径引用"
"Assets/Resources/dragon_knight/dragon_knight/png/3x/dragon_knight_attack_1/dragon_knight_attack_6.png","Resources","1039","未被正式场景、预设、构建配置或动态加载路径引用"
"Assets/Resources/dragon_knight/dragon_knight/png/3x/dragon_knight_attack_2/dragon_knight_attack_2.png","Resources","1101","未被正式场景、预设、构建配置或动态加载路径引用"
"Assets/Resources/dragon_knight/dragon_knight/png/3x/dragon_knight_attack_2/dragon_knight_attack_3.png","Resources","1269","未被正式场景、预设、构建配置或动态加载路径引用"
"Assets/Resources/dragon_knight/dragon_knight/png/3x/dragon_knight_attack_2/dragon_knight_attack_4.png","Resources","1575","未被正式场景、预设、构建配置或动态加载路径引用"
"Assets/Resources/dragon_knight/dragon_knight/png/3x/dragon_knight_attack_2/dragon_knight_attack_5.png","Resources","1505","未被正式场景、预设、构建配置或动态加载路径引用"
"Assets/Resources/dragon_knight/dragon_knight/png/3x/dragon_knight_attack_2/dragon_knight_attack_6.png","Resources","1262","未被正式场景、预设、构建配置或动态加载路径引用"
"Assets/Resources/dragon_knight/dragon_knight/png/3x/dragon_knight_attack_2/dragon_knight_attack_7.png","Resources","1055","未被正式场景、预设、构建配置或动态加载路径引用"
"Assets/Resources/dragon_knight/dragon_knight/png/3x/dragon_knight_attack_3/dragon_knight_attack_10.png","Resources","1060","未被正式场景、预设、构建配置或动态加载路径引用"
"Assets/Resources/dragon_knight/dragon_knight/png/3x/dragon_knight_attack_3/dragon_knight_attack_3.png","Resources","1290","未被正式场景、预设、构建配置或动态加载路径引用"
"Assets/Resources/dragon_knight/dragon_knight/png/3x/dragon_knight_attack_3/dragon_knight_attack_4.png","Resources","1582","未被正式场景、预设、构建配置或动态加载路径引用"
"Assets/Resources/dragon_knight/dragon_knight/png/3x/dragon_knight_attack_3/dragon_knight_attack_5.png","Resources","2186","未被正式场景、预设、构建配置或动态加载路径引用"
"Assets/Resources/dragon_knight/dragon_knight/png/3x/dragon_knight_attack_3/dragon_knight_attack_6.png","Resources","1492","未被正式场景、预设、构建配置或动态加载路径引用"
"Assets/Resources/dragon_knight/dragon_knight/png/3x/dragon_knight_attack_3/dragon_knight_attack_7.png","Resources","1468","未被正式场景、预设、构建配置或动态加载路径引用"
"Assets/Resources/dragon_knight/dragon_knight/png/3x/dragon_knight_attack_3/dragon_knight_attack_8.png","Resources","2007","未被正式场景、预设、构建配置或动态加载路径引用"
"Assets/Resources/dragon_knight/dragon_knight/png/3x/dragon_knight_attack_3/dragon_knight_attack_9.png","Resources","1309","未被正式场景、预设、构建配置或动态加载路径引用"
"Assets/Resources/dragon_knight/dragon_knight/png/3x/dragon_knight_dash/dragon_knight_dash.png","Resources","1042","未被正式场景、预设、构建配置或动态加载路径引用"
"Assets/Resources/dragon_knight/dragon_knight/png/3x/dragon_knight_death/dragon_knight_death1.png","Resources","794","未被正式场景、预设、构建配置或动态加载路径引用"
"Assets/Resources/dragon_knight/dragon_knight/png/3x/dragon_knight_death/dragon_knight_death10.png","Resources","798","未被正式场景、预设、构建配置或动态加载路径引用"
"Assets/Resources/dragon_knight/dragon_knight/png/3x/dragon_knight_death/dragon_knight_death11.png","Resources","798","未被正式场景、预设、构建配置或动态加载路径引用"
"Assets/Resources/dragon_knight/dragon_knight/png/3x/dragon_knight_death/dragon_knight_death12.png","Resources","791","未被正式场景、预设、构建配置或动态加载路径引用"
"Assets/Resources/dragon_knight/dragon_knight/png/3x/dragon_knight_death/dragon_knight_death13.png","Resources","791","未被正式场景、预设、构建配置或动态加载路径引用"
"Assets/Resources/dragon_knight/dragon_knight/png/3x/dragon_knight_death/dragon_knight_death2.png","Resources","1122","未被正式场景、预设、构建配置或动态加载路径引用"
"Assets/Resources/dragon_knight/dragon_knight/png/3x/dragon_knight_death/dragon_knight_death3.png","Resources","1014","未被正式场景、预设、构建配置或动态加载路径引用"
"Assets/Resources/dragon_knight/dragon_knight/png/3x/dragon_knight_death/dragon_knight_death4.png","Resources","893","未被正式场景、预设、构建配置或动态加载路径引用"
"Assets/Resources/dragon_knight/dragon_knight/png/3x/dragon_knight_death/dragon_knight_death5.png","Resources","892","未被正式场景、预设、构建配置或动态加载路径引用"
"Assets/Resources/dragon_knight/dragon_knight/png/3x/dragon_knight_death/dragon_knight_death6.png","Resources","796","未被正式场景、预设、构建配置或动态加载路径引用"
"Assets/Resources/dragon_knight/dragon_knight/png/3x/dragon_knight_death/dragon_knight_death7.png","Resources","841","未被正式场景、预设、构建配置或动态加载路径引用"
"Assets/Resources/dragon_knight/dragon_knight/png/3x/dragon_knight_death/dragon_knight_death8.png","Resources","796","未被正式场景、预设、构建配置或动态加载路径引用"
"Assets/Resources/dragon_knight/dragon_knight/png/3x/dragon_knight_death/dragon_knight_death9.png","Resources","798","未被正式场景、预设、构建配置或动态加载路径引用"
"Assets/Resources/dragon_knight/dragon_knight/png/3x/dragon_knight_drink_potion/dragon_knight_drink_potion1.png","Resources","1144","未被正式场景、预设、构建配置或动态加载路径引用"
"Assets/Resources/dragon_knight/dragon_knight/png/3x/dragon_knight_drink_potion/dragon_knight_drink_potion10.png","Resources","825","未被正式场景、预设、构建配置或动态加载路径引用"
"Assets/Resources/dragon_knight/dragon_knight/png/3x/dragon_knight_drink_potion/dragon_knight_drink_potion11.png","Resources","805","未被正式场景、预设、构建配置或动态加载路径引用"
"Assets/Resources/dragon_knight/dragon_knight/png/3x/dragon_knight_drink_potion/dragon_knight_drink_potion12.png","Resources","1030","未被正式场景、预设、构建配置或动态加载路径引用"
"Assets/Resources/dragon_knight/dragon_knight/png/3x/dragon_knight_drink_potion/dragon_knight_drink_potion13.png","Resources","1039","未被正式场景、预设、构建配置或动态加载路径引用"
"Assets/Resources/dragon_knight/dragon_knight/png/3x/dragon_knight_drink_potion/dragon_knight_drink_potion14.png","Resources","1122","未被正式场景、预设、构建配置或动态加载路径引用"
"Assets/Resources/dragon_knight/dragon_knight/png/3x/dragon_knight_drink_potion/dragon_knight_drink_potion2.png","Resources","1144","未被正式场景、预设、构建配置或动态加载路径引用"
"Assets/Resources/dragon_knight/dragon_knight/png/3x/dragon_knight_drink_potion/dragon_knight_drink_potion3.png","Resources","1137","未被正式场景、预设、构建配置或动态加载路径引用"
"Assets/Resources/dragon_knight/dragon_knight/png/3x/dragon_knight_drink_potion/dragon_knight_drink_potion4.png","Resources","1152","未被正式场景、预设、构建配置或动态加载路径引用"
"Assets/Resources/dragon_knight/dragon_knight/png/3x/dragon_knight_drink_potion/dragon_knight_drink_potion5.png","Resources","1155","未被正式场景、预设、构建配置或动态加载路径引用"
"Assets/Resources/dragon_knight/dragon_knight/png/3x/dragon_knight_drink_potion/dragon_knight_drink_potion6.png","Resources","1120","未被正式场景、预设、构建配置或动态加载路径引用"
"Assets/Resources/dragon_knight/dragon_knight/png/3x/dragon_knight_drink_potion/dragon_knight_drink_potion7.png","Resources","1095","未被正式场景、预设、构建配置或动态加载路径引用"
"Assets/Resources/dragon_knight/dragon_knight/png/3x/dragon_knight_drink_potion/dragon_knight_drink_potion8.png","Resources","1095","未被正式场景、预设、构建配置或动态加载路径引用"
"Assets/Resources/dragon_knight/dragon_knight/png/3x/dragon_knight_drink_potion/dragon_knight_drink_potion9.png","Resources","1152","未被正式场景、预设、构建配置或动态加载路径引用"
"Assets/Resources/dragon_knight/dragon_knight/png/3x/dragon_knight_falling/dragon_knight_falling.png","Resources","1167","未被正式场景、预设、构建配置或动态加载路径引用"
"Assets/Resources/dragon_knight/dragon_knight/png/3x/dragon_knight_fireball_down/dragon_knight_fireball_down1.png","Resources","732","未被正式场景、预设、构建配置或动态加载路径引用"
"Assets/Resources/dragon_knight/dragon_knight/png/3x/dragon_knight_fireball_down/dragon_knight_fireball_down2.png","Resources","857","未被正式场景、预设、构建配置或动态加载路径引用"
"Assets/Resources/dragon_knight/dragon_knight/png/3x/dragon_knight_fireball_down/dragon_knight_fireball_down3.png","Resources","898","未被正式场景、预设、构建配置或动态加载路径引用"
"Assets/Resources/dragon_knight/dragon_knight/png/3x/dragon_knight_firebreath/dragon_knight_firebreath1.png","Resources","1171","未被正式场景、预设、构建配置或动态加载路径引用"
"Assets/Resources/dragon_knight/dragon_knight/png/3x/dragon_knight_firebreath/dragon_knight_firebreath10.png","Resources","1622","未被正式场景、预设、构建配置或动态加载路径引用"
"Assets/Resources/dragon_knight/dragon_knight/png/3x/dragon_knight_firebreath/dragon_knight_firebreath11.png","Resources","1339","未被正式场景、预设、构建配置或动态加载路径引用"
"Assets/Resources/dragon_knight/dragon_knight/png/3x/dragon_knight_firebreath/dragon_knight_firebreath2.png","Resources","1232","未被正式场景、预设、构建配置或动态加载路径引用"
"Assets/Resources/dragon_knight/dragon_knight/png/3x/dragon_knight_firebreath/dragon_knight_firebreath3.png","Resources","1279","未被正式场景、预设、构建配置或动态加载路径引用"
"Assets/Resources/dragon_knight/dragon_knight/png/3x/dragon_knight_firebreath/dragon_knight_firebreath4.png","Resources","1274","未被正式场景、预设、构建配置或动态加载路径引用"
"Assets/Resources/dragon_knight/dragon_knight/png/3x/dragon_knight_firebreath/dragon_knight_firebreath5.png","Resources","1889","未被正式场景、预设、构建配置或动态加载路径引用"
"Assets/Resources/dragon_knight/dragon_knight/png/3x/dragon_knight_firebreath/dragon_knight_firebreath6.png","Resources","1940","未被正式场景、预设、构建配置或动态加载路径引用"
"Assets/Resources/dragon_knight/dragon_knight/png/3x/dragon_knight_firebreath/dragon_knight_firebreath7.png","Resources","1972","未被正式场景、预设、构建配置或动态加载路径引用"
"Assets/Resources/dragon_knight/dragon_knight/png/3x/dragon_knight_firebreath/dragon_knight_firebreath8.png","Resources","1936","未被正式场景、预设、构建配置或动态加载路径引用"
"Assets/Resources/dragon_knight/dragon_knight/png/3x/dragon_knight_firebreath/dragon_knight_firebreath9.png","Resources","2049","未被正式场景、预设、构建配置或动态加载路径引用"
"Assets/Resources/dragon_knight/dragon_knight/png/3x/dragon_knight_firebreath_character_only/dragon_knight_firebreath_character_only1.png","Resources","1171","未被正式场景、预设、构建配置或动态加载路径引用"
"Assets/Resources/dragon_knight/dragon_knight/png/3x/dragon_knight_firebreath_character_only/dragon_knight_firebreath_character_only10.png","Resources","1106","未被正式场景、预设、构建配置或动态加载路径引用"
"Assets/Resources/dragon_knight/dragon_knight/png/3x/dragon_knight_firebreath_character_only/dragon_knight_firebreath_character_only11.png","Resources","1106","未被正式场景、预设、构建配置或动态加载路径引用"
"Assets/Resources/dragon_knight/dragon_knight/png/3x/dragon_knight_firebreath_character_only/dragon_knight_firebreath_character_only2.png","Resources","1232","未被正式场景、预设、构建配置或动态加载路径引用"
"Assets/Resources/dragon_knight/dragon_knight/png/3x/dragon_knight_firebreath_character_only/dragon_knight_firebreath_character_only3.png","Resources","1279","未被正式场景、预设、构建配置或动态加载路径引用"
"Assets/Resources/dragon_knight/dragon_knight/png/3x/dragon_knight_firebreath_character_only/dragon_knight_firebreath_character_only4.png","Resources","1274","未被正式场景、预设、构建配置或动态加载路径引用"
"Assets/Resources/dragon_knight/dragon_knight/png/3x/dragon_knight_firebreath_character_only/dragon_knight_firebreath_character_only5.png","Resources","1063","未被正式场景、预设、构建配置或动态加载路径引用"
"Assets/Resources/dragon_knight/dragon_knight/png/3x/dragon_knight_firebreath_character_only/dragon_knight_firebreath_character_only6.png","Resources","1063","未被正式场景、预设、构建配置或动态加载路径引用"
"Assets/Resources/dragon_knight/dragon_knight/png/3x/dragon_knight_firebreath_character_only/dragon_knight_firebreath_character_only7.png","Resources","1063","未被正式场景、预设、构建配置或动态加载路径引用"
"Assets/Resources/dragon_knight/dragon_knight/png/3x/dragon_knight_firebreath_character_only/dragon_knight_firebreath_character_only8.png","Resources","1063","未被正式场景、预设、构建配置或动态加载路径引用"
"Assets/Resources/dragon_knight/dragon_knight/png/3x/dragon_knight_firebreath_character_only/dragon_knight_firebreath_character_only9.png","Resources","1106","未被正式场景、预设、构建配置或动态加载路径引用"
"Assets/Resources/dragon_knight/dragon_knight/png/3x/dragon_knight_firebreath_downward_air/dragon_knight_firebreath_downward_air1.png","Resources","1349","未被正式场景、预设、构建配置或动态加载路径引用"
"Assets/Resources/dragon_knight/dragon_knight/png/3x/dragon_knight_firebreath_downward_air/dragon_knight_firebreath_downward_air10.png","Resources","1554","未被正式场景、预设、构建配置或动态加载路径引用"
"Assets/Resources/dragon_knight/dragon_knight/png/3x/dragon_knight_firebreath_downward_air/dragon_knight_firebreath_downward_air11.png","Resources","1115","未被正式场景、预设、构建配置或动态加载路径引用"
"Assets/Resources/dragon_knight/dragon_knight/png/3x/dragon_knight_firebreath_downward_air/dragon_knight_firebreath_downward_air2.png","Resources","1360","未被正式场景、预设、构建配置或动态加载路径引用"
"Assets/Resources/dragon_knight/dragon_knight/png/3x/dragon_knight_firebreath_downward_air/dragon_knight_firebreath_downward_air3.png","Resources","1600","未被正式场景、预设、构建配置或动态加载路径引用"
"Assets/Resources/dragon_knight/dragon_knight/png/3x/dragon_knight_firebreath_downward_air/dragon_knight_firebreath_downward_air4.png","Resources","1948","未被正式场景、预设、构建配置或动态加载路径引用"
"Assets/Resources/dragon_knight/dragon_knight/png/3x/dragon_knight_firebreath_downward_air/dragon_knight_firebreath_downward_air5.png","Resources","1997","未被正式场景、预设、构建配置或动态加载路径引用"
"Assets/Resources/dragon_knight/dragon_knight/png/3x/dragon_knight_firebreath_downward_air/dragon_knight_firebreath_downward_air6.png","Resources","1531","未被正式场景、预设、构建配置或动态加载路径引用"
"Assets/Resources/dragon_knight/dragon_knight/png/3x/dragon_knight_firebreath_downward_air/dragon_knight_firebreath_downward_air7.png","Resources","1470","未被正式场景、预设、构建配置或动态加载路径引用"
"Assets/Resources/dragon_knight/dragon_knight/png/3x/dragon_knight_firebreath_downward_air/dragon_knight_firebreath_downward_air8.png","Resources","2591","未被正式场景、预设、构建配置或动态加载路径引用"
"Assets/Resources/dragon_knight/dragon_knight/png/3x/dragon_knight_firebreath_downward_air/dragon_knight_firebreath_downward_air9.png","Resources","2257","未被正式场景、预设、构建配置或动态加载路径引用"
"Assets/Resources/dragon_knight/dragon_knight/png/3x/dragon_knight_firebreath_effect/dragon_knight_firebreath_effect1.png","Resources","1306","未被正式场景、预设、构建配置或动态加载路径引用"
"Assets/Resources/dragon_knight/dragon_knight/png/3x/dragon_knight_firebreath_effect/dragon_knight_firebreath_effect2.png","Resources","1309","未被正式场景、预设、构建配置或动态加载路径引用"
"Assets/Resources/dragon_knight/dragon_knight/png/3x/dragon_knight_firebreath_effect/dragon_knight_firebreath_effect3.png","Resources","1379","未被正式场景、预设、构建配置或动态加载路径引用"
"Assets/Resources/dragon_knight/dragon_knight/png/3x/dragon_knight_firebreath_effect/dragon_knight_firebreath_effect4.png","Resources","1325","未被正式场景、预设、构建配置或动态加载路径引用"
"Assets/Resources/dragon_knight/dragon_knight/png/3x/dragon_knight_firebreath_effect/dragon_knight_firebreath_effect5.png","Resources","1381","未被正式场景、预设、构建配置或动态加载路径引用"
"Assets/Resources/dragon_knight/dragon_knight/png/3x/dragon_knight_firebreath_effect/dragon_knight_firebreath_effect6.png","Resources","858","未被正式场景、预设、构建配置或动态加载路径引用"
"Assets/Resources/dragon_knight/dragon_knight/png/3x/dragon_knight_firebreath_effect/dragon_knight_firebreath_effect7.png","Resources","557","未被正式场景、预设、构建配置或动态加载路径引用"
"Assets/Resources/dragon_knight/dragon_knight/png/3x/dragon_knight_idle/dragon_knight_idle1.png","Resources","1122","未被正式场景、预设、构建配置或动态加载路径引用"
"Assets/Resources/dragon_knight/dragon_knight/png/3x/dragon_knight_idle/dragon_knight_idle2.png","Resources","1138","未被正式场景、预设、构建配置或动态加载路径引用"
"Assets/Resources/dragon_knight/dragon_knight/png/3x/dragon_knight_jump/dragon_knight_jump.png","Resources","1132","未被正式场景、预设、构建配置或动态加载路径引用"
"Assets/Resources/dragon_knight/dragon_knight/png/3x/dragon_knight_jump_attack_1/dragon_knight_jump_attack_1.png","Resources","1118","未被正式场景、预设、构建配置或动态加载路径引用"
"Assets/Resources/dragon_knight/dragon_knight/png/3x/dragon_knight_jump_attack_1/dragon_knight_jump_attack_2.png","Resources","1421","未被正式场景、预设、构建配置或动态加载路径引用"
"Assets/Resources/dragon_knight/dragon_knight/png/3x/dragon_knight_jump_attack_1/dragon_knight_jump_attack_3.png","Resources","1607","未被正式场景、预设、构建配置或动态加载路径引用"
"Assets/Resources/dragon_knight/dragon_knight/png/3x/dragon_knight_jump_attack_1/dragon_knight_jump_attack_4.png","Resources","1633","未被正式场景、预设、构建配置或动态加载路径引用"
"Assets/Resources/dragon_knight/dragon_knight/png/3x/dragon_knight_jump_attack_1/dragon_knight_jump_attack_5.png","Resources","1445","未被正式场景、预设、构建配置或动态加载路径引用"
"Assets/Resources/dragon_knight/dragon_knight/png/3x/dragon_knight_jump_attack_1/dragon_knight_jump_attack_6.png","Resources","1229","未被正式场景、预设、构建配置或动态加载路径引用"
"Assets/Resources/dragon_knight/dragon_knight/png/3x/dragon_knight_jump_attack_2/dragon_knight_jump_attack_2.png","Resources","1392","未被正式场景、预设、构建配置或动态加载路径引用"
"Assets/Resources/dragon_knight/dragon_knight/png/3x/dragon_knight_jump_attack_2/dragon_knight_jump_attack_3.png","Resources","1772","未被正式场景、预设、构建配置或动态加载路径引用"
"Assets/Resources/dragon_knight/dragon_knight/png/3x/dragon_knight_jump_attack_2/dragon_knight_jump_attack_4.png","Resources","1539","未被正式场景、预设、构建配置或动态加载路径引用"
"Assets/Resources/dragon_knight/dragon_knight/png/3x/dragon_knight_jump_attack_2/dragon_knight_jump_attack_5.png","Resources","1437","未被正式场景、预设、构建配置或动态加载路径引用"
"Assets/Resources/dragon_knight/dragon_knight/png/3x/dragon_knight_jump_attack_2/dragon_knight_jump_attack_6.png","Resources","1259","未被正式场景、预设、构建配置或动态加载路径引用"
"Assets/Resources/dragon_knight/dragon_knight/png/3x/dragon_knight_jump_attack_3/dragon_knight_jump_attack_3.png","Resources","1419","未被正式场景、预设、构建配置或动态加载路径引用"
"Assets/Resources/dragon_knight/dragon_knight/png/3x/dragon_knight_jump_attack_3/dragon_knight_jump_attack_4.png","Resources","1645","未被正式场景、预设、构建配置或动态加载路径引用"
"Assets/Resources/dragon_knight/dragon_knight/png/3x/dragon_knight_jump_attack_3/dragon_knight_jump_attack_5.png","Resources","1414","未被正式场景、预设、构建配置或动态加载路径引用"
"Assets/Resources/dragon_knight/dragon_knight/png/3x/dragon_knight_jump_attack_3/dragon_knight_jump_attack_6.png","Resources","1264","未被正式场景、预设、构建配置或动态加载路径引用"
"Assets/Resources/dragon_knight/dragon_knight/png/3x/dragon_knight_jump_attack_3/dragon_knight_jump_attack_7.png","Resources","1145","未被正式场景、预设、构建配置或动态加载路径引用"
"Assets/Resources/dragon_knight/dragon_knight/png/3x/dragon_knight_on_hit/dragon_knight_on_hit1.png","Resources","794","未被正式场景、预设、构建配置或动态加载路径引用"
"Assets/Resources/dragon_knight/dragon_knight/png/3x/dragon_knight_on_hit/dragon_knight_on_hit2.png","Resources","1045","未被正式场景、预设、构建配置或动态加载路径引用"
"Assets/Resources/dragon_knight/dragon_knight/png/3x/dragon_knight_prep_dash/dragon_knight_prep_dash1.png","Resources","1058","未被正式场景、预设、构建配置或动态加载路径引用"
"Assets/Resources/dragon_knight/dragon_knight/png/3x/dragon_knight_prep_dash/dragon_knight_prep_dash2.png","Resources","1089","未被正式场景、预设、构建配置或动态加载路径引用"
"Assets/Resources/dragon_knight/dragon_knight/png/3x/dragon_knight_prep_dash/dragon_knight_prep_dash3.png","Resources","1087","未被正式场景、预设、构建配置或动态加载路径引用"
"Assets/Resources/dragon_knight/dragon_knight/png/3x/dragon_knight_prepare_jump/dragon_knight_prepare_jump.png","Resources","1056","未被正式场景、预设、构建配置或动态加载路径引用"
"Assets/Resources/dragon_knight/dragon_knight/png/3x/dragon_knight_run/dragon_knight_run1.png","Resources","1137","未被正式场景、预设、构建配置或动态加载路径引用"
"Assets/Resources/dragon_knight/dragon_knight/png/3x/dragon_knight_run/dragon_knight_run2.png","Resources","1131","未被正式场景、预设、构建配置或动态加载路径引用"
"Assets/Resources/dragon_knight/dragon_knight/png/3x/dragon_knight_run/dragon_knight_run3.png","Resources","1129","未被正式场景、预设、构建配置或动态加载路径引用"
"Assets/Resources/dragon_knight/dragon_knight/png/3x/dragon_knight_run/dragon_knight_run4.png","Resources","1086","未被正式场景、预设、构建配置或动态加载路径引用"
"Assets/Resources/dragon_knight/dragon_knight/png/3x/fireball_explosion/fireball_explosion1.png","Resources","591","未被正式场景、预设、构建配置或动态加载路径引用"
"Assets/Resources/dragon_knight/dragon_knight/png/3x/fireball_explosion/fireball_explosion2.png","Resources","625","未被正式场景、预设、构建配置或动态加载路径引用"
"Assets/Resources/dragon_knight/dragon_knight/png/3x/fireball_explosion/fireball_explosion3.png","Resources","1743","未被正式场景、预设、构建配置或动态加载路径引用"
"Assets/Resources/dragon_knight/dragon_knight/png/3x/fireball_explosion/fireball_explosion4.png","Resources","1668","未被正式场景、预设、构建配置或动态加载路径引用"
"Assets/Resources/dragon_knight/dragon_knight/png/3x/fireball_explosion/fireball_explosion5.png","Resources","900","未被正式场景、预设、构建配置或动态加载路径引用"
"Assets/Resources/dragon_knight/dragon_knight/png/4x/attack_on_hit_a/attack_on_hit_a1.png","Resources","559","未被正式场景、预设、构建配置或动态加载路径引用"
"Assets/Resources/dragon_knight/dragon_knight/png/4x/attack_on_hit_a/attack_on_hit_a2.png","Resources","719","未被正式场景、预设、构建配置或动态加载路径引用"
"Assets/Resources/dragon_knight/dragon_knight/png/4x/attack_on_hit_a/attack_on_hit_a3.png","Resources","613","未被正式场景、预设、构建配置或动态加载路径引用"
"Assets/Resources/dragon_knight/dragon_knight/png/4x/attack_on_hit_b/attack_on_hit_b1.png","Resources","521","未被正式场景、预设、构建配置或动态加载路径引用"
"Assets/Resources/dragon_knight/dragon_knight/png/4x/attack_on_hit_b/attack_on_hit_b2.png","Resources","660","未被正式场景、预设、构建配置或动态加载路径引用"
"Assets/Resources/dragon_knight/dragon_knight/png/4x/attack_on_hit_b/attack_on_hit_b3.png","Resources","604","未被正式场景、预设、构建配置或动态加载路径引用"
"Assets/Resources/dragon_knight/dragon_knight/png/4x/dash_flame_trail/dash_flame_trail1.png","Resources","1614","未被正式场景、预设、构建配置或动态加载路径引用"
"Assets/Resources/dragon_knight/dragon_knight/png/4x/dash_flame_trail/dash_flame_trail2.png","Resources","1367","未被正式场景、预设、构建配置或动态加载路径引用"
"Assets/Resources/dragon_knight/dragon_knight/png/4x/dash_flame_trail/dash_flame_trail3.png","Resources","824","未被正式场景、预设、构建配置或动态加载路径引用"
"Assets/Resources/dragon_knight/dragon_knight/png/4x/dragon_knight_attack_1/dragon_knight_attack_1.png","Resources","1300","未被正式场景、预设、构建配置或动态加载路径引用"
"Assets/Resources/dragon_knight/dragon_knight/png/4x/dragon_knight_attack_1/dragon_knight_attack_2.png","Resources","1482","未被正式场景、预设、构建配置或动态加载路径引用"
"Assets/Resources/dragon_knight/dragon_knight/png/4x/dragon_knight_attack_1/dragon_knight_attack_3.png","Resources","1758","未被正式场景、预设、构建配置或动态加载路径引用"
"Assets/Resources/dragon_knight/dragon_knight/png/4x/dragon_knight_attack_1/dragon_knight_attack_4.png","Resources","1762","未被正式场景、预设、构建配置或动态加载路径引用"
"Assets/Resources/dragon_knight/dragon_knight/png/4x/dragon_knight_attack_1/dragon_knight_attack_5.png","Resources","1599","未被正式场景、预设、构建配置或动态加载路径引用"
"Assets/Resources/dragon_knight/dragon_knight/png/4x/dragon_knight_attack_1/dragon_knight_attack_6.png","Resources","1257","未被正式场景、预设、构建配置或动态加载路径引用"
"Assets/Resources/dragon_knight/dragon_knight/png/4x/dragon_knight_attack_2/dragon_knight_attack_2.png","Resources","1321","未被正式场景、预设、构建配置或动态加载路径引用"
"Assets/Resources/dragon_knight/dragon_knight/png/4x/dragon_knight_attack_2/dragon_knight_attack_3.png","Resources","1496","未被正式场景、预设、构建配置或动态加载路径引用"
"Assets/Resources/dragon_knight/dragon_knight/png/4x/dragon_knight_attack_2/dragon_knight_attack_4.png","Resources","1799","未被正式场景、预设、构建配置或动态加载路径引用"
"Assets/Resources/dragon_knight/dragon_knight/png/4x/dragon_knight_attack_2/dragon_knight_attack_5.png","Resources","1735","未被正式场景、预设、构建配置或动态加载路径引用"
"Assets/Resources/dragon_knight/dragon_knight/png/4x/dragon_knight_attack_2/dragon_knight_attack_6.png","Resources","1477","未被正式场景、预设、构建配置或动态加载路径引用"
"Assets/Resources/dragon_knight/dragon_knight/png/4x/dragon_knight_attack_2/dragon_knight_attack_7.png","Resources","1269","未被正式场景、预设、构建配置或动态加载路径引用"
"Assets/Resources/dragon_knight/dragon_knight/png/4x/dragon_knight_attack_3/dragon_knight_attack_10.png","Resources","1279","未被正式场景、预设、构建配置或动态加载路径引用"
"Assets/Resources/dragon_knight/dragon_knight/png/4x/dragon_knight_attack_3/dragon_knight_attack_3.png","Resources","1542","未被正式场景、预设、构建配置或动态加载路径引用"
"Assets/Resources/dragon_knight/dragon_knight/png/4x/dragon_knight_attack_3/dragon_knight_attack_4.png","Resources","1857","未被正式场景、预设、构建配置或动态加载路径引用"
"Assets/Resources/dragon_knight/dragon_knight/png/4x/dragon_knight_attack_3/dragon_knight_attack_5.png","Resources","2533","未被正式场景、预设、构建配置或动态加载路径引用"
"Assets/Resources/dragon_knight/dragon_knight/png/4x/dragon_knight_attack_3/dragon_knight_attack_6.png","Resources","1733","未被正式场景、预设、构建配置或动态加载路径引用"
"Assets/Resources/dragon_knight/dragon_knight/png/4x/dragon_knight_attack_3/dragon_knight_attack_7.png","Resources","1716","未被正式场景、预设、构建配置或动态加载路径引用"
"Assets/Resources/dragon_knight/dragon_knight/png/4x/dragon_knight_attack_3/dragon_knight_attack_8.png","Resources","2267","未被正式场景、预设、构建配置或动态加载路径引用"
"Assets/Resources/dragon_knight/dragon_knight/png/4x/dragon_knight_attack_3/dragon_knight_attack_9.png","Resources","1557","未被正式场景、预设、构建配置或动态加载路径引用"
"Assets/Resources/dragon_knight/dragon_knight/png/4x/dragon_knight_dash/dragon_knight_dash.png","Resources","1259","未被正式场景、预设、构建配置或动态加载路径引用"
"Assets/Resources/dragon_knight/dragon_knight/png/4x/dragon_knight_death/dragon_knight_death1.png","Resources","1017","未被正式场景、预设、构建配置或动态加载路径引用"
"Assets/Resources/dragon_knight/dragon_knight/png/4x/dragon_knight_death/dragon_knight_death10.png","Resources","999","未被正式场景、预设、构建配置或动态加载路径引用"
"Assets/Resources/dragon_knight/dragon_knight/png/4x/dragon_knight_death/dragon_knight_death11.png","Resources","999","未被正式场景、预设、构建配置或动态加载路径引用"
"Assets/Resources/dragon_knight/dragon_knight/png/4x/dragon_knight_death/dragon_knight_death12.png","Resources","991","未被正式场景、预设、构建配置或动态加载路径引用"
"Assets/Resources/dragon_knight/dragon_knight/png/4x/dragon_knight_death/dragon_knight_death13.png","Resources","991","未被正式场景、预设、构建配置或动态加载路径引用"
"Assets/Resources/dragon_knight/dragon_knight/png/4x/dragon_knight_death/dragon_knight_death2.png","Resources","1339","未被正式场景、预设、构建配置或动态加载路径引用"
"Assets/Resources/dragon_knight/dragon_knight/png/4x/dragon_knight_death/dragon_knight_death3.png","Resources","1219","未被正式场景、预设、构建配置或动态加载路径引用"
"Assets/Resources/dragon_knight/dragon_knight/png/4x/dragon_knight_death/dragon_knight_death4.png","Resources","1095","未被正式场景、预设、构建配置或动态加载路径引用"
"Assets/Resources/dragon_knight/dragon_knight/png/4x/dragon_knight_death/dragon_knight_death5.png","Resources","1106","未被正式场景、预设、构建配置或动态加载路径引用"
"Assets/Resources/dragon_knight/dragon_knight/png/4x/dragon_knight_death/dragon_knight_death6.png","Resources","997","未被正式场景、预设、构建配置或动态加载路径引用"
"Assets/Resources/dragon_knight/dragon_knight/png/4x/dragon_knight_death/dragon_knight_death7.png","Resources","1045","未被正式场景、预设、构建配置或动态加载路径引用"
"Assets/Resources/dragon_knight/dragon_knight/png/4x/dragon_knight_death/dragon_knight_death8.png","Resources","997","未被正式场景、预设、构建配置或动态加载路径引用"
"Assets/Resources/dragon_knight/dragon_knight/png/4x/dragon_knight_death/dragon_knight_death9.png","Resources","1000","未被正式场景、预设、构建配置或动态加载路径引用"
"Assets/Resources/dragon_knight/dragon_knight/png/4x/dragon_knight_drink_potion/dragon_knight_drink_potion1.png","Resources","1356","未被正式场景、预设、构建配置或动态加载路径引用"
"Assets/Resources/dragon_knight/dragon_knight/png/4x/dragon_knight_drink_potion/dragon_knight_drink_potion10.png","Resources","1051","未被正式场景、预设、构建配置或动态加载路径引用"
"Assets/Resources/dragon_knight/dragon_knight/png/4x/dragon_knight_drink_potion/dragon_knight_drink_potion11.png","Resources","1028","未被正式场景、预设、构建配置或动态加载路径引用"
"Assets/Resources/dragon_knight/dragon_knight/png/4x/dragon_knight_drink_potion/dragon_knight_drink_potion12.png","Resources","1255","未被正式场景、预设、构建配置或动态加载路径引用"
"Assets/Resources/dragon_knight/dragon_knight/png/4x/dragon_knight_drink_potion/dragon_knight_drink_potion13.png","Resources","1266","未被正式场景、预设、构建配置或动态加载路径引用"
"Assets/Resources/dragon_knight/dragon_knight/png/4x/dragon_knight_drink_potion/dragon_knight_drink_potion14.png","Resources","1339","未被正式场景、预设、构建配置或动态加载路径引用"
"Assets/Resources/dragon_knight/dragon_knight/png/4x/dragon_knight_drink_potion/dragon_knight_drink_potion2.png","Resources","1356","未被正式场景、预设、构建配置或动态加载路径引用"
"Assets/Resources/dragon_knight/dragon_knight/png/4x/dragon_knight_drink_potion/dragon_knight_drink_potion3.png","Resources","1359","未被正式场景、预设、构建配置或动态加载路径引用"
"Assets/Resources/dragon_knight/dragon_knight/png/4x/dragon_knight_drink_potion/dragon_knight_drink_potion4.png","Resources","1374","未被正式场景、预设、构建配置或动态加载路径引用"
"Assets/Resources/dragon_knight/dragon_knight/png/4x/dragon_knight_drink_potion/dragon_knight_drink_potion5.png","Resources","1372","未被正式场景、预设、构建配置或动态加载路径引用"
"Assets/Resources/dragon_knight/dragon_knight/png/4x/dragon_knight_drink_potion/dragon_knight_drink_potion6.png","Resources","1331","未被正式场景、预设、构建配置或动态加载路径引用"
"Assets/Resources/dragon_knight/dragon_knight/png/4x/dragon_knight_drink_potion/dragon_knight_drink_potion7.png","Resources","1316","未被正式场景、预设、构建配置或动态加载路径引用"
"Assets/Resources/dragon_knight/dragon_knight/png/4x/dragon_knight_drink_potion/dragon_knight_drink_potion8.png","Resources","1316","未被正式场景、预设、构建配置或动态加载路径引用"
"Assets/Resources/dragon_knight/dragon_knight/png/4x/dragon_knight_drink_potion/dragon_knight_drink_potion9.png","Resources","1373","未被正式场景、预设、构建配置或动态加载路径引用"
"Assets/Resources/dragon_knight/dragon_knight/png/4x/dragon_knight_falling/dragon_knight_falling.png","Resources","1392","未被正式场景、预设、构建配置或动态加载路径引用"
"Assets/Resources/dragon_knight/dragon_knight/png/4x/dragon_knight_fireball_down/dragon_knight_fireball_down1.png","Resources","964","未被正式场景、预设、构建配置或动态加载路径引用"
"Assets/Resources/dragon_knight/dragon_knight/png/4x/dragon_knight_fireball_down/dragon_knight_fireball_down2.png","Resources","1098","未被正式场景、预设、构建配置或动态加载路径引用"
"Assets/Resources/dragon_knight/dragon_knight/png/4x/dragon_knight_fireball_down/dragon_knight_fireball_down3.png","Resources","1137","未被正式场景、预设、构建配置或动态加载路径引用"
"Assets/Resources/dragon_knight/dragon_knight/png/4x/dragon_knight_firebreath/dragon_knight_firebreath1.png","Resources","1390","未被正式场景、预设、构建配置或动态加载路径引用"
"Assets/Resources/dragon_knight/dragon_knight/png/4x/dragon_knight_firebreath/dragon_knight_firebreath10.png","Resources","1917","未被正式场景、预设、构建配置或动态加载路径引用"
"Assets/Resources/dragon_knight/dragon_knight/png/4x/dragon_knight_firebreath/dragon_knight_firebreath11.png","Resources","1602","未被正式场景、预设、构建配置或动态加载路径引用"
"Assets/Resources/dragon_knight/dragon_knight/png/4x/dragon_knight_firebreath/dragon_knight_firebreath2.png","Resources","1450","未被正式场景、预设、构建配置或动态加载路径引用"
"Assets/Resources/dragon_knight/dragon_knight/png/4x/dragon_knight_firebreath/dragon_knight_firebreath3.png","Resources","1517","未被正式场景、预设、构建配置或动态加载路径引用"
"Assets/Resources/dragon_knight/dragon_knight/png/4x/dragon_knight_firebreath/dragon_knight_firebreath4.png","Resources","1502","未被正式场景、预设、构建配置或动态加载路径引用"
"Assets/Resources/dragon_knight/dragon_knight/png/4x/dragon_knight_firebreath/dragon_knight_firebreath5.png","Resources","2150","未被正式场景、预设、构建配置或动态加载路径引用"
"Assets/Resources/dragon_knight/dragon_knight/png/4x/dragon_knight_firebreath/dragon_knight_firebreath6.png","Resources","2213","未被正式场景、预设、构建配置或动态加载路径引用"
"Assets/Resources/dragon_knight/dragon_knight/png/4x/dragon_knight_firebreath/dragon_knight_firebreath7.png","Resources","2235","未被正式场景、预设、构建配置或动态加载路径引用"
"Assets/Resources/dragon_knight/dragon_knight/png/4x/dragon_knight_firebreath/dragon_knight_firebreath8.png","Resources","2220","未被正式场景、预设、构建配置或动态加载路径引用"
"Assets/Resources/dragon_knight/dragon_knight/png/4x/dragon_knight_firebreath/dragon_knight_firebreath9.png","Resources","2355","未被正式场景、预设、构建配置或动态加载路径引用"
"Assets/Resources/dragon_knight/dragon_knight/png/4x/dragon_knight_firebreath_character_only/dragon_knight_firebreath_character_only1.png","Resources","1390","未被正式场景、预设、构建配置或动态加载路径引用"
"Assets/Resources/dragon_knight/dragon_knight/png/4x/dragon_knight_firebreath_character_only/dragon_knight_firebreath_character_only10.png","Resources","1330","未被正式场景、预设、构建配置或动态加载路径引用"
"Assets/Resources/dragon_knight/dragon_knight/png/4x/dragon_knight_firebreath_character_only/dragon_knight_firebreath_character_only11.png","Resources","1330","未被正式场景、预设、构建配置或动态加载路径引用"
"Assets/Resources/dragon_knight/dragon_knight/png/4x/dragon_knight_firebreath_character_only/dragon_knight_firebreath_character_only2.png","Resources","1450","未被正式场景、预设、构建配置或动态加载路径引用"
"Assets/Resources/dragon_knight/dragon_knight/png/4x/dragon_knight_firebreath_character_only/dragon_knight_firebreath_character_only3.png","Resources","1517","未被正式场景、预设、构建配置或动态加载路径引用"
"Assets/Resources/dragon_knight/dragon_knight/png/4x/dragon_knight_firebreath_character_only/dragon_knight_firebreath_character_only4.png","Resources","1502","未被正式场景、预设、构建配置或动态加载路径引用"
"Assets/Resources/dragon_knight/dragon_knight/png/4x/dragon_knight_firebreath_character_only/dragon_knight_firebreath_character_only5.png","Resources","1282","未被正式场景、预设、构建配置或动态加载路径引用"
"Assets/Resources/dragon_knight/dragon_knight/png/4x/dragon_knight_firebreath_character_only/dragon_knight_firebreath_character_only6.png","Resources","1282","未被正式场景、预设、构建配置或动态加载路径引用"
"Assets/Resources/dragon_knight/dragon_knight/png/4x/dragon_knight_firebreath_character_only/dragon_knight_firebreath_character_only7.png","Resources","1282","未被正式场景、预设、构建配置或动态加载路径引用"
"Assets/Resources/dragon_knight/dragon_knight/png/4x/dragon_knight_firebreath_character_only/dragon_knight_firebreath_character_only8.png","Resources","1282","未被正式场景、预设、构建配置或动态加载路径引用"
"Assets/Resources/dragon_knight/dragon_knight/png/4x/dragon_knight_firebreath_character_only/dragon_knight_firebreath_character_only9.png","Resources","1330","未被正式场景、预设、构建配置或动态加载路径引用"
"Assets/Resources/dragon_knight/dragon_knight/png/4x/dragon_knight_firebreath_downward_air/dragon_knight_firebreath_downward_air1.png","Resources","1585","未被正式场景、预设、构建配置或动态加载路径引用"
"Assets/Resources/dragon_knight/dragon_knight/png/4x/dragon_knight_firebreath_downward_air/dragon_knight_firebreath_downward_air10.png","Resources","1817","未被正式场景、预设、构建配置或动态加载路径引用"
"Assets/Resources/dragon_knight/dragon_knight/png/4x/dragon_knight_firebreath_downward_air/dragon_knight_firebreath_downward_air11.png","Resources","1340","未被正式场景、预设、构建配置或动态加载路径引用"
"Assets/Resources/dragon_knight/dragon_knight/png/4x/dragon_knight_firebreath_downward_air/dragon_knight_firebreath_downward_air2.png","Resources","1609","未被正式场景、预设、构建配置或动态加载路径引用"
"Assets/Resources/dragon_knight/dragon_knight/png/4x/dragon_knight_firebreath_downward_air/dragon_knight_firebreath_downward_air3.png","Resources","1898","未被正式场景、预设、构建配置或动态加载路径引用"
"Assets/Resources/dragon_knight/dragon_knight/png/4x/dragon_knight_firebreath_downward_air/dragon_knight_firebreath_downward_air4.png","Resources","2264","未被正式场景、预设、构建配置或动态加载路径引用"
"Assets/Resources/dragon_knight/dragon_knight/png/4x/dragon_knight_firebreath_downward_air/dragon_knight_firebreath_downward_air5.png","Resources","2313","未被正式场景、预设、构建配置或动态加载路径引用"
"Assets/Resources/dragon_knight/dragon_knight/png/4x/dragon_knight_firebreath_downward_air/dragon_knight_firebreath_downward_air6.png","Resources","1790","未被正式场景、预设、构建配置或动态加载路径引用"
"Assets/Resources/dragon_knight/dragon_knight/png/4x/dragon_knight_firebreath_downward_air/dragon_knight_firebreath_downward_air7.png","Resources","1727","未被正式场景、预设、构建配置或动态加载路径引用"
"Assets/Resources/dragon_knight/dragon_knight/png/4x/dragon_knight_firebreath_downward_air/dragon_knight_firebreath_downward_air8.png","Resources","2974","未被正式场景、预设、构建配置或动态加载路径引用"
"Assets/Resources/dragon_knight/dragon_knight/png/4x/dragon_knight_firebreath_downward_air/dragon_knight_firebreath_downward_air9.png","Resources","2596","未被正式场景、预设、构建配置或动态加载路径引用"
"Assets/Resources/dragon_knight/dragon_knight/png/4x/dragon_knight_firebreath_effect/dragon_knight_firebreath_effect1.png","Resources","1562","未被正式场景、预设、构建配置或动态加载路径引用"
"Assets/Resources/dragon_knight/dragon_knight/png/4x/dragon_knight_firebreath_effect/dragon_knight_firebreath_effect2.png","Resources","1568","未被正式场景、预设、构建配置或动态加载路径引用"
"Assets/Resources/dragon_knight/dragon_knight/png/4x/dragon_knight_firebreath_effect/dragon_knight_firebreath_effect3.png","Resources","1635","未被正式场景、预设、构建配置或动态加载路径引用"
"Assets/Resources/dragon_knight/dragon_knight/png/4x/dragon_knight_firebreath_effect/dragon_knight_firebreath_effect4.png","Resources","1593","未被正式场景、预设、构建配置或动态加载路径引用"
"Assets/Resources/dragon_knight/dragon_knight/png/4x/dragon_knight_firebreath_effect/dragon_knight_firebreath_effect5.png","Resources","1653","未被正式场景、预设、构建配置或动态加载路径引用"
"Assets/Resources/dragon_knight/dragon_knight/png/4x/dragon_knight_firebreath_effect/dragon_knight_firebreath_effect6.png","Resources","1079","未被正式场景、预设、构建配置或动态加载路径引用"
"Assets/Resources/dragon_knight/dragon_knight/png/4x/dragon_knight_firebreath_effect/dragon_knight_firebreath_effect7.png","Resources","763","未被正式场景、预设、构建配置或动态加载路径引用"
"Assets/Resources/dragon_knight/dragon_knight/png/4x/dragon_knight_idle/dragon_knight_idle1.png","Resources","1339","未被正式场景、预设、构建配置或动态加载路径引用"
"Assets/Resources/dragon_knight/dragon_knight/png/4x/dragon_knight_idle/dragon_knight_idle2.png","Resources","1362","未被正式场景、预设、构建配置或动态加载路径引用"
"Assets/Resources/dragon_knight/dragon_knight/png/4x/dragon_knight_jump/dragon_knight_jump.png","Resources","1355","未被正式场景、预设、构建配置或动态加载路径引用"
"Assets/Resources/dragon_knight/dragon_knight/png/4x/dragon_knight_jump_attack_1/dragon_knight_jump_attack_1.png","Resources","1341","未被正式场景、预设、构建配置或动态加载路径引用"
"Assets/Resources/dragon_knight/dragon_knight/png/4x/dragon_knight_jump_attack_1/dragon_knight_jump_attack_2.png","Resources","1652","未被正式场景、预设、构建配置或动态加载路径引用"
"Assets/Resources/dragon_knight/dragon_knight/png/4x/dragon_knight_jump_attack_1/dragon_knight_jump_attack_3.png","Resources","1852","未被正式场景、预设、构建配置或动态加载路径引用"
"Assets/Resources/dragon_knight/dragon_knight/png/4x/dragon_knight_jump_attack_1/dragon_knight_jump_attack_4.png","Resources","1905","未被正式场景、预设、构建配置或动态加载路径引用"
"Assets/Resources/dragon_knight/dragon_knight/png/4x/dragon_knight_jump_attack_1/dragon_knight_jump_attack_5.png","Resources","1694","未被正式场景、预设、构建配置或动态加载路径引用"
"Assets/Resources/dragon_knight/dragon_knight/png/4x/dragon_knight_jump_attack_1/dragon_knight_jump_attack_6.png","Resources","1454","未被正式场景、预设、构建配置或动态加载路径引用"
"Assets/Resources/dragon_knight/dragon_knight/png/4x/dragon_knight_jump_attack_2/dragon_knight_jump_attack_2.png","Resources","1626","未被正式场景、预设、构建配置或动态加载路径引用"
"Assets/Resources/dragon_knight/dragon_knight/png/4x/dragon_knight_jump_attack_2/dragon_knight_jump_attack_3.png","Resources","2020","未被正式场景、预设、构建配置或动态加载路径引用"
"Assets/Resources/dragon_knight/dragon_knight/png/4x/dragon_knight_jump_attack_2/dragon_knight_jump_attack_4.png","Resources","1787","未被正式场景、预设、构建配置或动态加载路径引用"
"Assets/Resources/dragon_knight/dragon_knight/png/4x/dragon_knight_jump_attack_2/dragon_knight_jump_attack_5.png","Resources","1690","未被正式场景、预设、构建配置或动态加载路径引用"
"Assets/Resources/dragon_knight/dragon_knight/png/4x/dragon_knight_jump_attack_2/dragon_knight_jump_attack_6.png","Resources","1487","未被正式场景、预设、构建配置或动态加载路径引用"
"Assets/Resources/dragon_knight/dragon_knight/png/4x/dragon_knight_jump_attack_3/dragon_knight_jump_attack_3.png","Resources","1648","未被正式场景、预设、构建配置或动态加载路径引用"
"Assets/Resources/dragon_knight/dragon_knight/png/4x/dragon_knight_jump_attack_3/dragon_knight_jump_attack_4.png","Resources","1903","未被正式场景、预设、构建配置或动态加载路径引用"
"Assets/Resources/dragon_knight/dragon_knight/png/4x/dragon_knight_jump_attack_3/dragon_knight_jump_attack_5.png","Resources","1642","未被正式场景、预设、构建配置或动态加载路径引用"
"Assets/Resources/dragon_knight/dragon_knight/png/4x/dragon_knight_jump_attack_3/dragon_knight_jump_attack_6.png","Resources","1500","未被正式场景、预设、构建配置或动态加载路径引用"
"Assets/Resources/dragon_knight/dragon_knight/png/4x/dragon_knight_jump_attack_3/dragon_knight_jump_attack_7.png","Resources","1362","未被正式场景、预设、构建配置或动态加载路径引用"
"Assets/Resources/dragon_knight/dragon_knight/png/4x/dragon_knight_on_hit/dragon_knight_on_hit1.png","Resources","1017","未被正式场景、预设、构建配置或动态加载路径引用"
"Assets/Resources/dragon_knight/dragon_knight/png/4x/dragon_knight_on_hit/dragon_knight_on_hit2.png","Resources","1256","未被正式场景、预设、构建配置或动态加载路径引用"
"Assets/Resources/dragon_knight/dragon_knight/png/4x/dragon_knight_prep_dash/dragon_knight_prep_dash1.png","Resources","1276","未被正式场景、预设、构建配置或动态加载路径引用"
"Assets/Resources/dragon_knight/dragon_knight/png/4x/dragon_knight_prep_dash/dragon_knight_prep_dash2.png","Resources","1305","未被正式场景、预设、构建配置或动态加载路径引用"
"Assets/Resources/dragon_knight/dragon_knight/png/4x/dragon_knight_prep_dash/dragon_knight_prep_dash3.png","Resources","1301","未被正式场景、预设、构建配置或动态加载路径引用"
"Assets/Resources/dragon_knight/dragon_knight/png/4x/dragon_knight_prepare_jump/dragon_knight_prepare_jump.png","Resources","1272","未被正式场景、预设、构建配置或动态加载路径引用"
"Assets/Resources/dragon_knight/dragon_knight/png/4x/dragon_knight_run/dragon_knight_run1.png","Resources","1362","未被正式场景、预设、构建配置或动态加载路径引用"
"Assets/Resources/dragon_knight/dragon_knight/png/4x/dragon_knight_run/dragon_knight_run2.png","Resources","1355","未被正式场景、预设、构建配置或动态加载路径引用"
"Assets/Resources/dragon_knight/dragon_knight/png/4x/dragon_knight_run/dragon_knight_run3.png","Resources","1348","未被正式场景、预设、构建配置或动态加载路径引用"
"Assets/Resources/dragon_knight/dragon_knight/png/4x/dragon_knight_run/dragon_knight_run4.png","Resources","1303","未被正式场景、预设、构建配置或动态加载路径引用"
"Assets/Resources/dragon_knight/dragon_knight/png/4x/fireball_explosion/fireball_explosion1.png","Resources","790","未被正式场景、预设、构建配置或动态加载路径引用"
"Assets/Resources/dragon_knight/dragon_knight/png/4x/fireball_explosion/fireball_explosion2.png","Resources","828","未被正式场景、预设、构建配置或动态加载路径引用"
"Assets/Resources/dragon_knight/dragon_knight/png/4x/fireball_explosion/fireball_explosion3.png","Resources","2071","未被正式场景、预设、构建配置或动态加载路径引用"
"Assets/Resources/dragon_knight/dragon_knight/png/4x/fireball_explosion/fireball_explosion4.png","Resources","1976","未被正式场景、预设、构建配置或动态加载路径引用"
"Assets/Resources/dragon_knight/dragon_knight/png/4x/fireball_explosion/fireball_explosion5.png","Resources","1128","未被正式场景、预设、构建配置或动态加载路径引用"
"Assets/Resources/dragon_knight/dragon_knight/png/5x/attack_on_hit_a/attack_on_hit_a1.png","Resources","782","未被正式场景、预设、构建配置或动态加载路径引用"
"Assets/Resources/dragon_knight/dragon_knight/png/5x/attack_on_hit_a/attack_on_hit_a2.png","Resources","954","未被正式场景、预设、构建配置或动态加载路径引用"
"Assets/Resources/dragon_knight/dragon_knight/png/5x/attack_on_hit_a/attack_on_hit_a3.png","Resources","839","未被正式场景、预设、构建配置或动态加载路径引用"
"Assets/Resources/dragon_knight/dragon_knight/png/5x/attack_on_hit_b/attack_on_hit_b1.png","Resources","742","未被正式场景、预设、构建配置或动态加载路径引用"
"Assets/Resources/dragon_knight/dragon_knight/png/5x/attack_on_hit_b/attack_on_hit_b2.png","Resources","895","未被正式场景、预设、构建配置或动态加载路径引用"
"Assets/Resources/dragon_knight/dragon_knight/png/5x/attack_on_hit_b/attack_on_hit_b3.png","Resources","831","未被正式场景、预设、构建配置或动态加载路径引用"
"Assets/Resources/dragon_knight/dragon_knight/png/5x/dash_flame_trail/dash_flame_trail1.png","Resources","1901","未被正式场景、预设、构建配置或动态加载路径引用"
"Assets/Resources/dragon_knight/dragon_knight/png/5x/dash_flame_trail/dash_flame_trail2.png","Resources","1662","未被正式场景、预设、构建配置或动态加载路径引用"
"Assets/Resources/dragon_knight/dragon_knight/png/5x/dash_flame_trail/dash_flame_trail3.png","Resources","1087","未被正式场景、预设、构建配置或动态加载路径引用"
"Assets/Resources/dragon_knight/dragon_knight/png/5x/dragon_knight_attack_1/dragon_knight_attack_1.png","Resources","1587","未被正式场景、预设、构建配置或动态加载路径引用"
"Assets/Resources/dragon_knight/dragon_knight/png/5x/dragon_knight_attack_1/dragon_knight_attack_2.png","Resources","1755","未被正式场景、预设、构建配置或动态加载路径引用"
"Assets/Resources/dragon_knight/dragon_knight/png/5x/dragon_knight_attack_1/dragon_knight_attack_3.png","Resources","2052","未被正式场景、预设、构建配置或动态加载路径引用"
"Assets/Resources/dragon_knight/dragon_knight/png/5x/dragon_knight_attack_1/dragon_knight_attack_4.png","Resources","2080","未被正式场景、预设、构建配置或动态加载路径引用"
"Assets/Resources/dragon_knight/dragon_knight/png/5x/dragon_knight_attack_1/dragon_knight_attack_5.png","Resources","1912","未被正式场景、预设、构建配置或动态加载路径引用"
"Assets/Resources/dragon_knight/dragon_knight/png/5x/dragon_knight_attack_1/dragon_knight_attack_6.png","Resources","1549","未被正式场景、预设、构建配置或动态加载路径引用"
"Assets/Resources/dragon_knight/dragon_knight/png/5x/dragon_knight_attack_2/dragon_knight_attack_2.png","Resources","1612","未被正式场景、预设、构建配置或动态加载路径引用"
"Assets/Resources/dragon_knight/dragon_knight/png/5x/dragon_knight_attack_2/dragon_knight_attack_3.png","Resources","1789","未被正式场景、预设、构建配置或动态加载路径引用"
"Assets/Resources/dragon_knight/dragon_knight/png/5x/dragon_knight_attack_2/dragon_knight_attack_4.png","Resources","2124","未被正式场景、预设、构建配置或动态加载路径引用"
"Assets/Resources/dragon_knight/dragon_knight/png/5x/dragon_knight_attack_2/dragon_knight_attack_5.png","Resources","2033","未被正式场景、预设、构建配置或动态加载路径引用"
"Assets/Resources/dragon_knight/dragon_knight/png/5x/dragon_knight_attack_2/dragon_knight_attack_6.png","Resources","1761","未被正式场景、预设、构建配置或动态加载路径引用"
"Assets/Resources/dragon_knight/dragon_knight/png/5x/dragon_knight_attack_2/dragon_knight_attack_7.png","Resources","1547","未被正式场景、预设、构建配置或动态加载路径引用"
"Assets/Resources/dragon_knight/dragon_knight/png/5x/dragon_knight_attack_3/dragon_knight_attack_10.png","Resources","1545","未被正式场景、预设、构建配置或动态加载路径引用"
"Assets/Resources/dragon_knight/dragon_knight/png/5x/dragon_knight_attack_3/dragon_knight_attack_3.png","Resources","1838","未被正式场景、预设、构建配置或动态加载路径引用"
"Assets/Resources/dragon_knight/dragon_knight/png/5x/dragon_knight_attack_3/dragon_knight_attack_4.png","Resources","2181","未被正式场景、预设、构建配置或动态加载路径引用"
"Assets/Resources/dragon_knight/dragon_knight/png/5x/dragon_knight_attack_3/dragon_knight_attack_5.png","Resources","2864","未被正式场景、预设、构建配置或动态加载路径引用"
"Assets/Resources/dragon_knight/dragon_knight/png/5x/dragon_knight_attack_3/dragon_knight_attack_6.png","Resources","2021","未被正式场景、预设、构建配置或动态加载路径引用"
"Assets/Resources/dragon_knight/dragon_knight/png/5x/dragon_knight_attack_3/dragon_knight_attack_7.png","Resources","1977","未被正式场景、预设、构建配置或动态加载路径引用"
"Assets/Resources/dragon_knight/dragon_knight/png/5x/dragon_knight_attack_3/dragon_knight_attack_8.png","Resources","2571","未被正式场景、预设、构建配置或动态加载路径引用"
"Assets/Resources/dragon_knight/dragon_knight/png/5x/dragon_knight_attack_3/dragon_knight_attack_9.png","Resources","1861","未被正式场景、预设、构建配置或动态加载路径引用"
"Assets/Resources/dragon_knight/dragon_knight/png/5x/dragon_knight_dash/dragon_knight_dash.png","Resources","1536","未被正式场景、预设、构建配置或动态加载路径引用"
"Assets/Resources/dragon_knight/dragon_knight/png/5x/dragon_knight_death/dragon_knight_death1.png","Resources","1286","未被正式场景、预设、构建配置或动态加载路径引用"
"Assets/Resources/dragon_knight/dragon_knight/png/5x/dragon_knight_death/dragon_knight_death10.png","Resources","1249","未被正式场景、预设、构建配置或动态加载路径引用"
"Assets/Resources/dragon_knight/dragon_knight/png/5x/dragon_knight_death/dragon_knight_death11.png","Resources","1252","未被正式场景、预设、构建配置或动态加载路径引用"
"Assets/Resources/dragon_knight/dragon_knight/png/5x/dragon_knight_death/dragon_knight_death12.png","Resources","1243","未被正式场景、预设、构建配置或动态加载路径引用"
"Assets/Resources/dragon_knight/dragon_knight/png/5x/dragon_knight_death/dragon_knight_death13.png","Resources","1243","未被正式场景、预设、构建配置或动态加载路径引用"
"Assets/Resources/dragon_knight/dragon_knight/png/5x/dragon_knight_death/dragon_knight_death2.png","Resources","1623","未被正式场景、预设、构建配置或动态加载路径引用"
"Assets/Resources/dragon_knight/dragon_knight/png/5x/dragon_knight_death/dragon_knight_death3.png","Resources","1487","未被正式场景、预设、构建配置或动态加载路径引用"
"Assets/Resources/dragon_knight/dragon_knight/png/5x/dragon_knight_death/dragon_knight_death4.png","Resources","1349","未被正式场景、预设、构建配置或动态加载路径引用"
"Assets/Resources/dragon_knight/dragon_knight/png/5x/dragon_knight_death/dragon_knight_death5.png","Resources","1349","未被正式场景、预设、构建配置或动态加载路径引用"
"Assets/Resources/dragon_knight/dragon_knight/png/5x/dragon_knight_death/dragon_knight_death6.png","Resources","1250","未被正式场景、预设、构建配置或动态加载路径引用"
"Assets/Resources/dragon_knight/dragon_knight/png/5x/dragon_knight_death/dragon_knight_death7.png","Resources","1304","未被正式场景、预设、构建配置或动态加载路径引用"
"Assets/Resources/dragon_knight/dragon_knight/png/5x/dragon_knight_death/dragon_knight_death8.png","Resources","1250","未被正式场景、预设、构建配置或动态加载路径引用"
"Assets/Resources/dragon_knight/dragon_knight/png/5x/dragon_knight_death/dragon_knight_death9.png","Resources","1253","未被正式场景、预设、构建配置或动态加载路径引用"
"Assets/Resources/dragon_knight/dragon_knight/png/5x/dragon_knight_drink_potion/dragon_knight_drink_potion1.png","Resources","1639","未被正式场景、预设、构建配置或动态加载路径引用"
"Assets/Resources/dragon_knight/dragon_knight/png/5x/dragon_knight_drink_potion/dragon_knight_drink_potion10.png","Resources","1326","未被正式场景、预设、构建配置或动态加载路径引用"
"Assets/Resources/dragon_knight/dragon_knight/png/5x/dragon_knight_drink_potion/dragon_knight_drink_potion11.png","Resources","1298","未被正式场景、预设、构建配置或动态加载路径引用"
"Assets/Resources/dragon_knight/dragon_knight/png/5x/dragon_knight_drink_potion/dragon_knight_drink_potion12.png","Resources","1542","未被正式场景、预设、构建配置或动态加载路径引用"
"Assets/Resources/dragon_knight/dragon_knight/png/5x/dragon_knight_drink_potion/dragon_knight_drink_potion13.png","Resources","1547","未被正式场景、预设、构建配置或动态加载路径引用"
"Assets/Resources/dragon_knight/dragon_knight/png/5x/dragon_knight_drink_potion/dragon_knight_drink_potion14.png","Resources","1623","未被正式场景、预设、构建配置或动态加载路径引用"
"Assets/Resources/dragon_knight/dragon_knight/png/5x/dragon_knight_drink_potion/dragon_knight_drink_potion2.png","Resources","1639","未被正式场景、预设、构建配置或动态加载路径引用"
"Assets/Resources/dragon_knight/dragon_knight/png/5x/dragon_knight_drink_potion/dragon_knight_drink_potion3.png","Resources","1648","未被正式场景、预设、构建配置或动态加载路径引用"
"Assets/Resources/dragon_knight/dragon_knight/png/5x/dragon_knight_drink_potion/dragon_knight_drink_potion4.png","Resources","1663","未被正式场景、预设、构建配置或动态加载路径引用"
"Assets/Resources/dragon_knight/dragon_knight/png/5x/dragon_knight_drink_potion/dragon_knight_drink_potion5.png","Resources","1653","未被正式场景、预设、构建配置或动态加载路径引用"
"Assets/Resources/dragon_knight/dragon_knight/png/5x/dragon_knight_drink_potion/dragon_knight_drink_potion6.png","Resources","1616","未被正式场景、预设、构建配置或动态加载路径引用"
"Assets/Resources/dragon_knight/dragon_knight/png/5x/dragon_knight_drink_potion/dragon_knight_drink_potion7.png","Resources","1603","未被正式场景、预设、构建配置或动态加载路径引用"
"Assets/Resources/dragon_knight/dragon_knight/png/5x/dragon_knight_drink_potion/dragon_knight_drink_potion8.png","Resources","1603","未被正式场景、预设、构建配置或动态加载路径引用"
"Assets/Resources/dragon_knight/dragon_knight/png/5x/dragon_knight_drink_potion/dragon_knight_drink_potion9.png","Resources","1654","未被正式场景、预设、构建配置或动态加载路径引用"
"Assets/Resources/dragon_knight/dragon_knight/png/5x/dragon_knight_falling/dragon_knight_falling.png","Resources","1682","未被正式场景、预设、构建配置或动态加载路径引用"
"Assets/Resources/dragon_knight/dragon_knight/png/5x/dragon_knight_fireball_down/dragon_knight_fireball_down1.png","Resources","1217","未被正式场景、预设、构建配置或动态加载路径引用"
"Assets/Resources/dragon_knight/dragon_knight/png/5x/dragon_knight_fireball_down/dragon_knight_fireball_down2.png","Resources","1363","未被正式场景、预设、构建配置或动态加载路径引用"
"Assets/Resources/dragon_knight/dragon_knight/png/5x/dragon_knight_fireball_down/dragon_knight_fireball_down3.png","Resources","1414","未被正式场景、预设、构建配置或动态加载路径引用"
"Assets/Resources/dragon_knight/dragon_knight/png/5x/dragon_knight_firebreath/dragon_knight_firebreath1.png","Resources","1677","未被正式场景、预设、构建配置或动态加载路径引用"
"Assets/Resources/dragon_knight/dragon_knight/png/5x/dragon_knight_firebreath/dragon_knight_firebreath10.png","Resources","2241","未被正式场景、预设、构建配置或动态加载路径引用"
"Assets/Resources/dragon_knight/dragon_knight/png/5x/dragon_knight_firebreath/dragon_knight_firebreath11.png","Resources","1915","未被正式场景、预设、构建配置或动态加载路径引用"
"Assets/Resources/dragon_knight/dragon_knight/png/5x/dragon_knight_firebreath/dragon_knight_firebreath2.png","Resources","1744","未被正式场景、预设、构建配置或动态加载路径引用"
"Assets/Resources/dragon_knight/dragon_knight/png/5x/dragon_knight_firebreath/dragon_knight_firebreath3.png","Resources","1803","未被正式场景、预设、构建配置或动态加载路径引用"
"Assets/Resources/dragon_knight/dragon_knight/png/5x/dragon_knight_firebreath/dragon_knight_firebreath4.png","Resources","1796","未被正式场景、预设、构建配置或动态加载路径引用"
"Assets/Resources/dragon_knight/dragon_knight/png/5x/dragon_knight_firebreath/dragon_knight_firebreath5.png","Resources","2468","未被正式场景、预设、构建配置或动态加载路径引用"
"Assets/Resources/dragon_knight/dragon_knight/png/5x/dragon_knight_firebreath/dragon_knight_firebreath6.png","Resources","2532","未被正式场景、预设、构建配置或动态加载路径引用"
"Assets/Resources/dragon_knight/dragon_knight/png/5x/dragon_knight_firebreath/dragon_knight_firebreath7.png","Resources","2567","未被正式场景、预设、构建配置或动态加载路径引用"
"Assets/Resources/dragon_knight/dragon_knight/png/5x/dragon_knight_firebreath/dragon_knight_firebreath8.png","Resources","2575","未被正式场景、预设、构建配置或动态加载路径引用"
"Assets/Resources/dragon_knight/dragon_knight/png/5x/dragon_knight_firebreath/dragon_knight_firebreath9.png","Resources","2681","未被正式场景、预设、构建配置或动态加载路径引用"
"Assets/Resources/dragon_knight/dragon_knight/png/5x/dragon_knight_firebreath_character_only/dragon_knight_firebreath_character_only1.png","Resources","1677","未被正式场景、预设、构建配置或动态加载路径引用"
"Assets/Resources/dragon_knight/dragon_knight/png/5x/dragon_knight_firebreath_character_only/dragon_knight_firebreath_character_only10.png","Resources","1614","未被正式场景、预设、构建配置或动态加载路径引用"
"Assets/Resources/dragon_knight/dragon_knight/png/5x/dragon_knight_firebreath_character_only/dragon_knight_firebreath_character_only11.png","Resources","1614","未被正式场景、预设、构建配置或动态加载路径引用"
"Assets/Resources/dragon_knight/dragon_knight/png/5x/dragon_knight_firebreath_character_only/dragon_knight_firebreath_character_only2.png","Resources","1744","未被正式场景、预设、构建配置或动态加载路径引用"
"Assets/Resources/dragon_knight/dragon_knight/png/5x/dragon_knight_firebreath_character_only/dragon_knight_firebreath_character_only3.png","Resources","1803","未被正式场景、预设、构建配置或动态加载路径引用"
"Assets/Resources/dragon_knight/dragon_knight/png/5x/dragon_knight_firebreath_character_only/dragon_knight_firebreath_character_only4.png","Resources","1796","未被正式场景、预设、构建配置或动态加载路径引用"
"Assets/Resources/dragon_knight/dragon_knight/png/5x/dragon_knight_firebreath_character_only/dragon_knight_firebreath_character_only5.png","Resources","1564","未被正式场景、预设、构建配置或动态加载路径引用"
"Assets/Resources/dragon_knight/dragon_knight/png/5x/dragon_knight_firebreath_character_only/dragon_knight_firebreath_character_only6.png","Resources","1564","未被正式场景、预设、构建配置或动态加载路径引用"
"Assets/Resources/dragon_knight/dragon_knight/png/5x/dragon_knight_firebreath_character_only/dragon_knight_firebreath_character_only7.png","Resources","1564","未被正式场景、预设、构建配置或动态加载路径引用"
"Assets/Resources/dragon_knight/dragon_knight/png/5x/dragon_knight_firebreath_character_only/dragon_knight_firebreath_character_only8.png","Resources","1564","未被正式场景、预设、构建配置或动态加载路径引用"
"Assets/Resources/dragon_knight/dragon_knight/png/5x/dragon_knight_firebreath_character_only/dragon_knight_firebreath_character_only9.png","Resources","1614","未被正式场景、预设、构建配置或动态加载路径引用"
"Assets/Resources/dragon_knight/dragon_knight/png/5x/dragon_knight_firebreath_downward_air/dragon_knight_firebreath_downward_air1.png","Resources","1886","未被正式场景、预设、构建配置或动态加载路径引用"
"Assets/Resources/dragon_knight/dragon_knight/png/5x/dragon_knight_firebreath_downward_air/dragon_knight_firebreath_downward_air10.png","Resources","2176","未被正式场景、预设、构建配置或动态加载路径引用"
"Assets/Resources/dragon_knight/dragon_knight/png/5x/dragon_knight_firebreath_downward_air/dragon_knight_firebreath_downward_air11.png","Resources","1624","未被正式场景、预设、构建配置或动态加载路径引用"
"Assets/Resources/dragon_knight/dragon_knight/png/5x/dragon_knight_firebreath_downward_air/dragon_knight_firebreath_downward_air2.png","Resources","1922","未被正式场景、预设、构建配置或动态加载路径引用"
"Assets/Resources/dragon_knight/dragon_knight/png/5x/dragon_knight_firebreath_downward_air/dragon_knight_firebreath_downward_air3.png","Resources","2222","未被正式场景、预设、构建配置或动态加载路径引用"
"Assets/Resources/dragon_knight/dragon_knight/png/5x/dragon_knight_firebreath_downward_air/dragon_knight_firebreath_downward_air4.png","Resources","2629","未被正式场景、预设、构建配置或动态加载路径引用"
"Assets/Resources/dragon_knight/dragon_knight/png/5x/dragon_knight_firebreath_downward_air/dragon_knight_firebreath_downward_air5.png","Resources","2670","未被正式场景、预设、构建配置或动态加载路径引用"
"Assets/Resources/dragon_knight/dragon_knight/png/5x/dragon_knight_firebreath_downward_air/dragon_knight_firebreath_downward_air6.png","Resources","2118","未被正式场景、预设、构建配置或动态加载路径引用"
"Assets/Resources/dragon_knight/dragon_knight/png/5x/dragon_knight_firebreath_downward_air/dragon_knight_firebreath_downward_air7.png","Resources","2047","未被正式场景、预设、构建配置或动态加载路径引用"
"Assets/Resources/dragon_knight/dragon_knight/png/5x/dragon_knight_firebreath_downward_air/dragon_knight_firebreath_downward_air8.png","Resources","3390","未被正式场景、预设、构建配置或动态加载路径引用"
"Assets/Resources/dragon_knight/dragon_knight/png/5x/dragon_knight_firebreath_downward_air/dragon_knight_firebreath_downward_air9.png","Resources","2959","未被正式场景、预设、构建配置或动态加载路径引用"
"Assets/Resources/dragon_knight/dragon_knight/png/5x/dragon_knight_firebreath_effect/dragon_knight_firebreath_effect1.png","Resources","1845","未被正式场景、预设、构建配置或动态加载路径引用"
"Assets/Resources/dragon_knight/dragon_knight/png/5x/dragon_knight_firebreath_effect/dragon_knight_firebreath_effect2.png","Resources","1859","未被正式场景、预设、构建配置或动态加载路径引用"
"Assets/Resources/dragon_knight/dragon_knight/png/5x/dragon_knight_firebreath_effect/dragon_knight_firebreath_effect3.png","Resources","1914","未被正式场景、预设、构建配置或动态加载路径引用"
"Assets/Resources/dragon_knight/dragon_knight/png/5x/dragon_knight_firebreath_effect/dragon_knight_firebreath_effect4.png","Resources","1904","未被正式场景、预设、构建配置或动态加载路径引用"
"Assets/Resources/dragon_knight/dragon_knight/png/5x/dragon_knight_firebreath_effect/dragon_knight_firebreath_effect5.png","Resources","1958","未被正式场景、预设、构建配置或动态加载路径引用"
"Assets/Resources/dragon_knight/dragon_knight/png/5x/dragon_knight_firebreath_effect/dragon_knight_firebreath_effect6.png","Resources","1337","未被正式场景、预设、构建配置或动态加载路径引用"
"Assets/Resources/dragon_knight/dragon_knight/png/5x/dragon_knight_firebreath_effect/dragon_knight_firebreath_effect7.png","Resources","1003","未被正式场景、预设、构建配置或动态加载路径引用"
"Assets/Resources/dragon_knight/dragon_knight/png/5x/dragon_knight_idle/dragon_knight_idle1.png","Resources","1623","未被正式场景、预设、构建配置或动态加载路径引用"
"Assets/Resources/dragon_knight/dragon_knight/png/5x/dragon_knight_idle/dragon_knight_idle2.png","Resources","1644","未被正式场景、预设、构建配置或动态加载路径引用"
"Assets/Resources/dragon_knight/dragon_knight/png/5x/dragon_knight_jump/dragon_knight_jump.png","Resources","1633","未被正式场景、预设、构建配置或动态加载路径引用"
"Assets/Resources/dragon_knight/dragon_knight/png/5x/dragon_knight_jump_attack_1/dragon_knight_jump_attack_1.png","Resources","1617","未被正式场景、预设、构建配置或动态加载路径引用"
"Assets/Resources/dragon_knight/dragon_knight/png/5x/dragon_knight_jump_attack_1/dragon_knight_jump_attack_2.png","Resources","1931","未被正式场景、预设、构建配置或动态加载路径引用"
"Assets/Resources/dragon_knight/dragon_knight/png/5x/dragon_knight_jump_attack_1/dragon_knight_jump_attack_3.png","Resources","2138","未被正式场景、预设、构建配置或动态加载路径引用"
"Assets/Resources/dragon_knight/dragon_knight/png/5x/dragon_knight_jump_attack_1/dragon_knight_jump_attack_4.png","Resources","2196","未被正式场景、预设、构建配置或动态加载路径引用"
"Assets/Resources/dragon_knight/dragon_knight/png/5x/dragon_knight_jump_attack_1/dragon_knight_jump_attack_5.png","Resources","1987","未被正式场景、预设、构建配置或动态加载路径引用"
"Assets/Resources/dragon_knight/dragon_knight/png/5x/dragon_knight_jump_attack_1/dragon_knight_jump_attack_6.png","Resources","1733","未被正式场景、预设、构建配置或动态加载路径引用"
"Assets/Resources/dragon_knight/dragon_knight/png/5x/dragon_knight_jump_attack_2/dragon_knight_jump_attack_2.png","Resources","1903","未被正式场景、预设、构建配置或动态加载路径引用"
"Assets/Resources/dragon_knight/dragon_knight/png/5x/dragon_knight_jump_attack_2/dragon_knight_jump_attack_3.png","Resources","2297","未被正式场景、预设、构建配置或动态加载路径引用"
"Assets/Resources/dragon_knight/dragon_knight/png/5x/dragon_knight_jump_attack_2/dragon_knight_jump_attack_4.png","Resources","2079","未被正式场景、预设、构建配置或动态加载路径引用"
"Assets/Resources/dragon_knight/dragon_knight/png/5x/dragon_knight_jump_attack_2/dragon_knight_jump_attack_5.png","Resources","1974","未被正式场景、预设、构建配置或动态加载路径引用"
"Assets/Resources/dragon_knight/dragon_knight/png/5x/dragon_knight_jump_attack_2/dragon_knight_jump_attack_6.png","Resources","1755","未被正式场景、预设、构建配置或动态加载路径引用"
"Assets/Resources/dragon_knight/dragon_knight/png/5x/dragon_knight_jump_attack_3/dragon_knight_jump_attack_3.png","Resources","1944","未被正式场景、预设、构建配置或动态加载路径引用"
"Assets/Resources/dragon_knight/dragon_knight/png/5x/dragon_knight_jump_attack_3/dragon_knight_jump_attack_4.png","Resources","2201","未被正式场景、预设、构建配置或动态加载路径引用"
"Assets/Resources/dragon_knight/dragon_knight/png/5x/dragon_knight_jump_attack_3/dragon_knight_jump_attack_5.png","Resources","1950","未被正式场景、预设、构建配置或动态加载路径引用"
"Assets/Resources/dragon_knight/dragon_knight/png/5x/dragon_knight_jump_attack_3/dragon_knight_jump_attack_6.png","Resources","1792","未被正式场景、预设、构建配置或动态加载路径引用"
"Assets/Resources/dragon_knight/dragon_knight/png/5x/dragon_knight_jump_attack_3/dragon_knight_jump_attack_7.png","Resources","1650","未被正式场景、预设、构建配置或动态加载路径引用"
"Assets/Resources/dragon_knight/dragon_knight/png/5x/dragon_knight_on_hit/dragon_knight_on_hit1.png","Resources","1286","未被正式场景、预设、构建配置或动态加载路径引用"
"Assets/Resources/dragon_knight/dragon_knight/png/5x/dragon_knight_on_hit/dragon_knight_on_hit2.png","Resources","1542","未被正式场景、预设、构建配置或动态加载路径引用"
"Assets/Resources/dragon_knight/dragon_knight/png/5x/dragon_knight_prep_dash/dragon_knight_prep_dash1.png","Resources","1553","未被正式场景、预设、构建配置或动态加载路径引用"
"Assets/Resources/dragon_knight/dragon_knight/png/5x/dragon_knight_prep_dash/dragon_knight_prep_dash2.png","Resources","1584","未被正式场景、预设、构建配置或动态加载路径引用"
"Assets/Resources/dragon_knight/dragon_knight/png/5x/dragon_knight_prep_dash/dragon_knight_prep_dash3.png","Resources","1577","未被正式场景、预设、构建配置或动态加载路径引用"
"Assets/Resources/dragon_knight/dragon_knight/png/5x/dragon_knight_prepare_jump/dragon_knight_prepare_jump.png","Resources","1548","未被正式场景、预设、构建配置或动态加载路径引用"
"Assets/Resources/dragon_knight/dragon_knight/png/5x/dragon_knight_run/dragon_knight_run1.png","Resources","1650","未被正式场景、预设、构建配置或动态加载路径引用"
"Assets/Resources/dragon_knight/dragon_knight/png/5x/dragon_knight_run/dragon_knight_run2.png","Resources","1644","未被正式场景、预设、构建配置或动态加载路径引用"
"Assets/Resources/dragon_knight/dragon_knight/png/5x/dragon_knight_run/dragon_knight_run3.png","Resources","1638","未被正式场景、预设、构建配置或动态加载路径引用"
"Assets/Resources/dragon_knight/dragon_knight/png/5x/dragon_knight_run/dragon_knight_run4.png","Resources","1586","未被正式场景、预设、构建配置或动态加载路径引用"
"Assets/Resources/dragon_knight/dragon_knight/png/5x/fireball_explosion/fireball_explosion1.png","Resources","1026","未被正式场景、预设、构建配置或动态加载路径引用"
"Assets/Resources/dragon_knight/dragon_knight/png/5x/fireball_explosion/fireball_explosion2.png","Resources","1061","未被正式场景、预设、构建配置或动态加载路径引用"
"Assets/Resources/dragon_knight/dragon_knight/png/5x/fireball_explosion/fireball_explosion3.png","Resources","2378","未被正式场景、预设、构建配置或动态加载路径引用"
"Assets/Resources/dragon_knight/dragon_knight/png/5x/fireball_explosion/fireball_explosion4.png","Resources","2303","未被正式场景、预设、构建配置或动态加载路径引用"
"Assets/Resources/dragon_knight/dragon_knight/png/5x/fireball_explosion/fireball_explosion5.png","Resources","1453","未被正式场景、预设、构建配置或动态加载路径引用"
"Assets/Resources/dragon_knight/dragon_knight/spritesheets/1x/attack_on_hit_a.png","Resources","372","未被正式场景、预设、构建配置或动态加载路径引用"
"Assets/Resources/dragon_knight/dragon_knight/spritesheets/1x/attack_on_hit_b.png","Resources","317","未被正式场景、预设、构建配置或动态加载路径引用"
"Assets/Resources/dragon_knight/dragon_knight/spritesheets/1x/dash_flame_trail.png","Resources","1487","未被正式场景、预设、构建配置或动态加载路径引用"
"Assets/Resources/dragon_knight/dragon_knight/spritesheets/1x/dragon_knight_attack_2.png","Resources","2420","未被正式场景、预设、构建配置或动态加载路径引用"
"Assets/Resources/dragon_knight/dragon_knight/spritesheets/1x/dragon_knight_attack_3.png","Resources","4589","未被正式场景、预设、构建配置或动态加载路径引用"
"Assets/Resources/dragon_knight/dragon_knight/spritesheets/1x/dragon_knight_dash.png","Resources","671","未被正式场景、预设、构建配置或动态加载路径引用"
"Assets/Resources/dragon_knight/dragon_knight/spritesheets/1x/dragon_knight_drink_potion.png","Resources","3136","未被正式场景、预设、构建配置或动态加载路径引用"
"Assets/Resources/dragon_knight/dragon_knight/spritesheets/1x/dragon_knight_falling.png","Resources","735","未被正式场景、预设、构建配置或动态加载路径引用"
"Assets/Resources/dragon_knight/dragon_knight/spritesheets/1x/dragon_knight_fireball_down.png","Resources","1028","未被正式场景、预设、构建配置或动态加载路径引用"
"Assets/Resources/dragon_knight/dragon_knight/spritesheets/1x/dragon_knight_firebreath_character_only.png","Resources","2258","未被正式场景、预设、构建配置或动态加载路径引用"
"Assets/Resources/dragon_knight/dragon_knight/spritesheets/1x/dragon_knight_firebreath_downward_air.png","Resources","8043","未被正式场景、预设、构建配置或动态加载路径引用"
"Assets/Resources/dragon_knight/dragon_knight/spritesheets/1x/dragon_knight_firebreath_effect.png","Resources","3111","未被正式场景、预设、构建配置或动态加载路径引用"
"Assets/Resources/dragon_knight/dragon_knight/spritesheets/1x/dragon_knight_jump.png","Resources","715","未被正式场景、预设、构建配置或动态加载路径引用"
"Assets/Resources/dragon_knight/dragon_knight/spritesheets/1x/dragon_knight_jump_attack_1.png","Resources","2440","未被正式场景、预设、构建配置或动态加载路径引用"
"Assets/Resources/dragon_knight/dragon_knight/spritesheets/1x/dragon_knight_jump_attack_2.png","Resources","2345","未被正式场景、预设、构建配置或动态加载路径引用"
"Assets/Resources/dragon_knight/dragon_knight/spritesheets/1x/dragon_knight_jump_attack_3.png","Resources","2201","未被正式场景、预设、构建配置或动态加载路径引用"
"Assets/Resources/dragon_knight/dragon_knight/spritesheets/1x/dragon_knight_prep_dash.png","Resources","894","未被正式场景、预设、构建配置或动态加载路径引用"
"Assets/Resources/dragon_knight/dragon_knight/spritesheets/1x/dragon_knight_prepare_jump.png","Resources","650","未被正式场景、预设、构建配置或动态加载路径引用"
"Assets/Resources/dragon_knight/dragon_knight/spritesheets/1x/fireball_explosion.png","Resources","2759","未被正式场景、预设、构建配置或动态加载路径引用"
"Assets/Resources/dragon_knight/dragon_knight/spritesheets/2x/attack_on_hit_a.png","Resources","642","未被正式场景、预设、构建配置或动态加载路径引用"
"Assets/Resources/dragon_knight/dragon_knight/spritesheets/2x/attack_on_hit_b.png","Resources","583","未被正式场景、预设、构建配置或动态加载路径引用"
"Assets/Resources/dragon_knight/dragon_knight/spritesheets/2x/dash_flame_trail.png","Resources","2065","未被正式场景、预设、构建配置或动态加载路径引用"
"Assets/Resources/dragon_knight/dragon_knight/spritesheets/2x/dragon_knight_attack_1.png","Resources","3353","未被正式场景、预设、构建配置或动态加载路径引用"
"Assets/Resources/dragon_knight/dragon_knight/spritesheets/2x/dragon_knight_attack_2.png","Resources","3282","未被正式场景、预设、构建配置或动态加载路径引用"
"Assets/Resources/dragon_knight/dragon_knight/spritesheets/2x/dragon_knight_attack_3.png","Resources","6202","未被正式场景、预设、构建配置或动态加载路径引用"
"Assets/Resources/dragon_knight/dragon_knight/spritesheets/2x/dragon_knight_dash.png","Resources","888","未被正式场景、预设、构建配置或动态加载路径引用"
"Assets/Resources/dragon_knight/dragon_knight/spritesheets/2x/dragon_knight_death.png","Resources","3566","未被正式场景、预设、构建配置或动态加载路径引用"
"Assets/Resources/dragon_knight/dragon_knight/spritesheets/2x/dragon_knight_drink_potion.png","Resources","4725","未被正式场景、预设、构建配置或动态加载路径引用"
"Assets/Resources/dragon_knight/dragon_knight/spritesheets/2x/dragon_knight_falling.png","Resources","1006","未被正式场景、预设、构建配置或动态加载路径引用"
"Assets/Resources/dragon_knight/dragon_knight/spritesheets/2x/dragon_knight_fireball_down.png","Resources","1419","未被正式场景、预设、构建配置或动态加载路径引用"
"Assets/Resources/dragon_knight/dragon_knight/spritesheets/2x/dragon_knight_firebreath.png","Resources","7199","未被正式场景、预设、构建配置或动态加载路径引用"
"Assets/Resources/dragon_knight/dragon_knight/spritesheets/2x/dragon_knight_firebreath_character_only.png","Resources","3559","未被正式场景、预设、构建配置或动态加载路径引用"
"Assets/Resources/dragon_knight/dragon_knight/spritesheets/2x/dragon_knight_firebreath_downward_air.png","Resources","13281","未被正式场景、预设、构建配置或动态加载路径引用"
"Assets/Resources/dragon_knight/dragon_knight/spritesheets/2x/dragon_knight_firebreath_effect.png","Resources","4304","未被正式场景、预设、构建配置或动态加载路径引用"
"Assets/Resources/dragon_knight/dragon_knight/spritesheets/2x/dragon_knight_idle.png","Resources","1255","未被正式场景、预设、构建配置或动态加载路径引用"
"Assets/Resources/dragon_knight/dragon_knight/spritesheets/2x/dragon_knight_jump.png","Resources","963","未被正式场景、预设、构建配置或动态加载路径引用"
"Assets/Resources/dragon_knight/dragon_knight/spritesheets/2x/dragon_knight_jump_attack_1.png","Resources","3340","未被正式场景、预设、构建配置或动态加载路径引用"
"Assets/Resources/dragon_knight/dragon_knight/spritesheets/2x/dragon_knight_jump_attack_2.png","Resources","3164","未被正式场景、预设、构建配置或动态加载路径引用"
"Assets/Resources/dragon_knight/dragon_knight/spritesheets/2x/dragon_knight_jump_attack_3.png","Resources","2954","未被正式场景、预设、构建配置或动态加载路径引用"
"Assets/Resources/dragon_knight/dragon_knight/spritesheets/2x/dragon_knight_on_hit.png","Resources","1168","未被正式场景、预设、构建配置或动态加载路径引用"
"Assets/Resources/dragon_knight/dragon_knight/spritesheets/2x/dragon_knight_prep_dash.png","Resources","1295","未被正式场景、预设、构建配置或动态加载路径引用"
"Assets/Resources/dragon_knight/dragon_knight/spritesheets/2x/dragon_knight_prepare_jump.png","Resources","908","未被正式场景、预设、构建配置或动态加载路径引用"
"Assets/Resources/dragon_knight/dragon_knight/spritesheets/2x/dragon_knight_run.png","Resources","1672","未被正式场景、预设、构建配置或动态加载路径引用"
"Assets/Resources/dragon_knight/dragon_knight/spritesheets/2x/fireball_explosion.png","Resources","3675","未被正式场景、预设、构建配置或动态加载路径引用"
"Assets/Resources/dragon_knight/dragon_knight/spritesheets/3x/attack_on_hit_a.png","Resources","1054","未被正式场景、预设、构建配置或动态加载路径引用"
"Assets/Resources/dragon_knight/dragon_knight/spritesheets/3x/attack_on_hit_b.png","Resources","992","未被正式场景、预设、构建配置或动态加载路径引用"
"Assets/Resources/dragon_knight/dragon_knight/spritesheets/3x/dash_flame_trail.png","Resources","2614","未被正式场景、预设、构建配置或动态加载路径引用"
"Assets/Resources/dragon_knight/dragon_knight/spritesheets/3x/dragon_knight_attack_1.png","Resources","4361","未被正式场景、预设、构建配置或动态加载路径引用"
"Assets/Resources/dragon_knight/dragon_knight/spritesheets/3x/dragon_knight_attack_2.png","Resources","4347","未被正式场景、预设、构建配置或动态加载路径引用"
"Assets/Resources/dragon_knight/dragon_knight/spritesheets/3x/dragon_knight_attack_3.png","Resources","7534","未被正式场景、预设、构建配置或动态加载路径引用"
"Assets/Resources/dragon_knight/dragon_knight/spritesheets/3x/dragon_knight_dash.png","Resources","1042","未被正式场景、预设、构建配置或动态加载路径引用"
"Assets/Resources/dragon_knight/dragon_knight/spritesheets/3x/dragon_knight_death.png","Resources","5570","未被正式场景、预设、构建配置或动态加载路径引用"
"Assets/Resources/dragon_knight/dragon_knight/spritesheets/3x/dragon_knight_drink_potion.png","Resources","6784","未被正式场景、预设、构建配置或动态加载路径引用"
"Assets/Resources/dragon_knight/dragon_knight/spritesheets/3x/dragon_knight_falling.png","Resources","1167","未被正式场景、预设、构建配置或动态加载路径引用"
"Assets/Resources/dragon_knight/dragon_knight/spritesheets/3x/dragon_knight_fireball_down.png","Resources","1878","未被正式场景、预设、构建配置或动态加载路径引用"
"Assets/Resources/dragon_knight/dragon_knight/spritesheets/3x/dragon_knight_firebreath.png","Resources","9694","未被正式场景、预设、构建配置或动态加载路径引用"
"Assets/Resources/dragon_knight/dragon_knight/spritesheets/3x/dragon_knight_firebreath_character_only.png","Resources","5347","未被正式场景、预设、构建配置或动态加载路径引用"
"Assets/Resources/dragon_knight/dragon_knight/spritesheets/3x/dragon_knight_firebreath_downward_air.png","Resources","16861","未被正式场景、预设、构建配置或动态加载路径引用"
"Assets/Resources/dragon_knight/dragon_knight/spritesheets/3x/dragon_knight_firebreath_effect.png","Resources","5638","未被正式场景、预设、构建配置或动态加载路径引用"
"Assets/Resources/dragon_knight/dragon_knight/spritesheets/3x/dragon_knight_idle.png","Resources","1546","未被正式场景、预设、构建配置或动态加载路径引用"
"Assets/Resources/dragon_knight/dragon_knight/spritesheets/3x/dragon_knight_jump.png","Resources","1132","未被正式场景、预设、构建配置或动态加载路径引用"
"Assets/Resources/dragon_knight/dragon_knight/spritesheets/3x/dragon_knight_jump_attack_1.png","Resources","4372","未被正式场景、预设、构建配置或动态加载路径引用"
"Assets/Resources/dragon_knight/dragon_knight/spritesheets/3x/dragon_knight_jump_attack_2.png","Resources","4114","未被正式场景、预设、构建配置或动态加载路径引用"
"Assets/Resources/dragon_knight/dragon_knight/spritesheets/3x/dragon_knight_jump_attack_3.png","Resources","3796","未被正式场景、预设、构建配置或动态加载路径引用"
"Assets/Resources/dragon_knight/dragon_knight/spritesheets/3x/dragon_knight_on_hit.png","Resources","1464","未被正式场景、预设、构建配置或动态加载路径引用"
"Assets/Resources/dragon_knight/dragon_knight/spritesheets/3x/dragon_knight_prep_dash.png","Resources","1736","未被正式场景、预设、构建配置或动态加载路径引用"
"Assets/Resources/dragon_knight/dragon_knight/spritesheets/3x/dragon_knight_prepare_jump.png","Resources","1056","未被正式场景、预设、构建配置或动态加载路径引用"
"Assets/Resources/dragon_knight/dragon_knight/spritesheets/3x/dragon_knight_run.png","Resources","2261","未被正式场景、预设、构建配置或动态加载路径引用"
"Assets/Resources/dragon_knight/dragon_knight/spritesheets/3x/fireball_explosion.png","Resources","4765","未被正式场景、预设、构建配置或动态加载路径引用"
"Assets/Resources/dragon_knight/dragon_knight/spritesheets/4x/attack_on_hit_a.png","Resources","1623","未被正式场景、预设、构建配置或动态加载路径引用"
"Assets/Resources/dragon_knight/dragon_knight/spritesheets/4x/attack_on_hit_b.png","Resources","1556","未被正式场景、预设、构建配置或动态加载路径引用"
"Assets/Resources/dragon_knight/dragon_knight/spritesheets/4x/dash_flame_trail.png","Resources","3339","未被正式场景、预设、构建配置或动态加载路径引用"
"Assets/Resources/dragon_knight/dragon_knight/spritesheets/4x/dragon_knight_attack_1.png","Resources","5717","未被正式场景、预设、构建配置或动态加载路径引用"
"Assets/Resources/dragon_knight/dragon_knight/spritesheets/4x/dragon_knight_attack_2.png","Resources","5685","未被正式场景、预设、构建配置或动态加载路径引用"
"Assets/Resources/dragon_knight/dragon_knight/spritesheets/4x/dragon_knight_attack_3.png","Resources","10030","未被正式场景、预设、构建配置或动态加载路径引用"
"Assets/Resources/dragon_knight/dragon_knight/spritesheets/4x/dragon_knight_dash.png","Resources","1259","未被正式场景、预设、构建配置或动态加载路径引用"
"Assets/Resources/dragon_knight/dragon_knight/spritesheets/4x/dragon_knight_death.png","Resources","7894","未被正式场景、预设、构建配置或动态加载路径引用"
"Assets/Resources/dragon_knight/dragon_knight/spritesheets/4x/dragon_knight_drink_potion.png","Resources","9314","未被正式场景、预设、构建配置或动态加载路径引用"
"Assets/Resources/dragon_knight/dragon_knight/spritesheets/4x/dragon_knight_falling.png","Resources","1392","未被正式场景、预设、构建配置或动态加载路径引用"
"Assets/Resources/dragon_knight/dragon_knight/spritesheets/4x/dragon_knight_fireball_down.png","Resources","2528","未被正式场景、预设、构建配置或动态加载路径引用"
"Assets/Resources/dragon_knight/dragon_knight/spritesheets/4x/dragon_knight_firebreath.png","Resources","11962","未被正式场景、预设、构建配置或动态加载路径引用"
"Assets/Resources/dragon_knight/dragon_knight/spritesheets/4x/dragon_knight_firebreath_character_only.png","Resources","7412","未被正式场景、预设、构建配置或动态加载路径引用"
"Assets/Resources/dragon_knight/dragon_knight/spritesheets/4x/dragon_knight_firebreath_downward_air.png","Resources","19263","未被正式场景、预设、构建配置或动态加载路径引用"
"Assets/Resources/dragon_knight/dragon_knight/spritesheets/4x/dragon_knight_firebreath_effect.png","Resources","7473","未被正式场景、预设、构建配置或动态加载路径引用"
"Assets/Resources/dragon_knight/dragon_knight/spritesheets/4x/dragon_knight_idle.png","Resources","1962","未被正式场景、预设、构建配置或动态加载路径引用"
"Assets/Resources/dragon_knight/dragon_knight/spritesheets/4x/dragon_knight_jump.png","Resources","1355","未被正式场景、预设、构建配置或动态加载路径引用"
"Assets/Resources/dragon_knight/dragon_knight/spritesheets/4x/dragon_knight_jump_attack_1.png","Resources","5735","未被正式场景、预设、构建配置或动态加载路径引用"
"Assets/Resources/dragon_knight/dragon_knight/spritesheets/4x/dragon_knight_jump_attack_2.png","Resources","5052","未被正式场景、预设、构建配置或动态加载路径引用"
"Assets/Resources/dragon_knight/dragon_knight/spritesheets/4x/dragon_knight_jump_attack_3.png","Resources","4759","未被正式场景、预设、构建配置或动态加载路径引用"
"Assets/Resources/dragon_knight/dragon_knight/spritesheets/4x/dragon_knight_on_hit.png","Resources","1896","未被正式场景、预设、构建配置或动态加载路径引用"
"Assets/Resources/dragon_knight/dragon_knight/spritesheets/4x/dragon_knight_prep_dash.png","Resources","2330","未被正式场景、预设、构建配置或动态加载路径引用"
"Assets/Resources/dragon_knight/dragon_knight/spritesheets/4x/dragon_knight_prepare_jump.png","Resources","1272","未被正式场景、预设、构建配置或动态加载路径引用"
"Assets/Resources/dragon_knight/dragon_knight/spritesheets/4x/dragon_knight_run.png","Resources","3008","未被正式场景、预设、构建配置或动态加载路径引用"
"Assets/Resources/dragon_knight/dragon_knight/spritesheets/4x/fireball_explosion.png","Resources","5694","未被正式场景、预设、构建配置或动态加载路径引用"
"Assets/Resources/dragon_knight/dragon_knight/spritesheets/5x/attack_on_hit_a.png","Resources","2299","未被正式场景、预设、构建配置或动态加载路径引用"
"Assets/Resources/dragon_knight/dragon_knight/spritesheets/5x/attack_on_hit_b.png","Resources","2238","未被正式场景、预设、构建配置或动态加载路径引用"
"Assets/Resources/dragon_knight/dragon_knight/spritesheets/5x/dash_flame_trail.png","Resources","4094","未被正式场景、预设、构建配置或动态加载路径引用"
"Assets/Resources/dragon_knight/dragon_knight/spritesheets/5x/dragon_knight_attack_1.png","Resources","7337","未被正式场景、预设、构建配置或动态加载路径引用"
"Assets/Resources/dragon_knight/dragon_knight/spritesheets/5x/dragon_knight_attack_2.png","Resources","7095","未被正式场景、预设、构建配置或动态加载路径引用"
"Assets/Resources/dragon_knight/dragon_knight/spritesheets/5x/dragon_knight_attack_3.png","Resources","11997","未被正式场景、预设、构建配置或动态加载路径引用"
"Assets/Resources/dragon_knight/dragon_knight/spritesheets/5x/dragon_knight_dash.png","Resources","1536","未被正式场景、预设、构建配置或动态加载路径引用"
"Assets/Resources/dragon_knight/dragon_knight/spritesheets/5x/dragon_knight_death.png","Resources","10727","未被正式场景、预设、构建配置或动态加载路径引用"
"Assets/Resources/dragon_knight/dragon_knight/spritesheets/5x/dragon_knight_drink_potion.png","Resources","12412","未被正式场景、预设、构建配置或动态加载路径引用"
"Assets/Resources/dragon_knight/dragon_knight/spritesheets/5x/dragon_knight_falling.png","Resources","1682","未被正式场景、预设、构建配置或动态加载路径引用"
"Assets/Resources/dragon_knight/dragon_knight/spritesheets/5x/dragon_knight_fireball_down.png","Resources","3242","未被正式场景、预设、构建配置或动态加载路径引用"
"Assets/Resources/dragon_knight/dragon_knight/spritesheets/5x/dragon_knight_firebreath.png","Resources","14540","未被正式场景、预设、构建配置或动态加载路径引用"
"Assets/Resources/dragon_knight/dragon_knight/spritesheets/5x/dragon_knight_firebreath_character_only.png","Resources","9880","未被正式场景、预设、构建配置或动态加载路径引用"
"Assets/Resources/dragon_knight/dragon_knight/spritesheets/5x/dragon_knight_firebreath_downward_air.png","Resources","22109","未被正式场景、预设、构建配置或动态加载路径引用"
"Assets/Resources/dragon_knight/dragon_knight/spritesheets/5x/dragon_knight_firebreath_effect.png","Resources","9221","未被正式场景、预设、构建配置或动态加载路径引用"
"Assets/Resources/dragon_knight/dragon_knight/spritesheets/5x/dragon_knight_idle.png","Resources","2436","未被正式场景、预设、构建配置或动态加载路径引用"
"Assets/Resources/dragon_knight/dragon_knight/spritesheets/5x/dragon_knight_jump.png","Resources","1633","未被正式场景、预设、构建配置或动态加载路径引用"
"Assets/Resources/dragon_knight/dragon_knight/spritesheets/5x/dragon_knight_jump_attack_1.png","Resources","7190","未被正式场景、预设、构建配置或动态加载路径引用"
"Assets/Resources/dragon_knight/dragon_knight/spritesheets/5x/dragon_knight_jump_attack_2.png","Resources","6505","未被正式场景、预设、构建配置或动态加载路径引用"
"Assets/Resources/dragon_knight/dragon_knight/spritesheets/5x/dragon_knight_jump_attack_3.png","Resources","6165","未被正式场景、预设、构建配置或动态加载路径引用"
"Assets/Resources/dragon_knight/dragon_knight/spritesheets/5x/dragon_knight_on_hit.png","Resources","2412","未被正式场景、预设、构建配置或动态加载路径引用"
"Assets/Resources/dragon_knight/dragon_knight/spritesheets/5x/dragon_knight_prep_dash.png","Resources","3032","未被正式场景、预设、构建配置或动态加载路径引用"
"Assets/Resources/dragon_knight/dragon_knight/spritesheets/5x/dragon_knight_prepare_jump.png","Resources","1548","未被正式场景、预设、构建配置或动态加载路径引用"
"Assets/Resources/dragon_knight/dragon_knight/spritesheets/5x/dragon_knight_run.png","Resources","4495","未被正式场景、预设、构建配置或动态加载路径引用"
"Assets/Resources/dragon_knight/dragon_knight/spritesheets/5x/fireball_explosion.png","Resources","7445","未被正式场景、预设、构建配置或动态加载路径引用"
"Assets/Resources/FreeDarkFantasyMusic/__MACOSX/Free Dark Fantasy Music/._.DS_Store","Resources","120","未被正式场景、预设、构建配置或动态加载路径引用"
"Assets/Resources/FreeDarkFantasyMusic/__MACOSX/Free Dark Fantasy Music/MP3/._.DS_Store","Resources","120","未被正式场景、预设、构建配置或动态加载路径引用"
"Assets/Resources/FreeDarkFantasyMusic/__MACOSX/Free Dark Fantasy Music/MP3/._Elkmire Keep (LOOP).mp3","Resources","176","未被正式场景、预设、构建配置或动态加载路径引用"
"Assets/Resources/FreeDarkFantasyMusic/__MACOSX/Free Dark Fantasy Music/MP3/._Library of Veles (LOOP).mp3","Resources","276","未被正式场景、预设、构建配置或动态加载路径引用"
"Assets/Resources/FreeDarkFantasyMusic/__MACOSX/Free Dark Fantasy Music/WAV/._.DS_Store","Resources","120","未被正式场景、预设、构建配置或动态加载路径引用"
"Assets/Resources/FreeDarkFantasyMusic/__MACOSX/Free Dark Fantasy Music/WAV/._Elkmire Keep (LOOP).wav","Resources","276","未被正式场景、预设、构建配置或动态加载路径引用"
"Assets/Resources/FreeDarkFantasyMusic/__MACOSX/Free Dark Fantasy Music/WAV/._Library of Veles (LOOP).wav","Resources","276","未被正式场景、预设、构建配置或动态加载路径引用"
"Assets/Resources/FreeDarkFantasyMusic/Free Dark Fantasy Music/.DS_Store","Resources","6148","未被正式场景、预设、构建配置或动态加载路径引用"
"Assets/Resources/FreeDarkFantasyMusic/Free Dark Fantasy Music/MP3/.DS_Store","Resources","6148","未被正式场景、预设、构建配置或动态加载路径引用"
"Assets/Resources/FreeDarkFantasyMusic/Free Dark Fantasy Music/MP3/Elkmire Keep (LOOP).mp3","Resources","1866093","未被正式场景、预设、构建配置或动态加载路径引用"
"Assets/Resources/FreeDarkFantasyMusic/Free Dark Fantasy Music/MP3/Library of Veles (LOOP).mp3","Resources","2119149","未被正式场景、预设、构建配置或动态加载路径引用"
"Assets/Resources/FreeDarkFantasyMusic/Free Dark Fantasy Music/WAV/.DS_Store","Resources","6148","未被正式场景、预设、构建配置或动态加载路径引用"
"Assets/Resources/FreeDarkFantasyMusic/Free Dark Fantasy Music/WAV/Elkmire Keep (LOOP).wav","Resources","44765558","未被正式场景、预设、构建配置或动态加载路径引用"
"Assets/Resources/FreeDarkFantasyMusic/Free Dark Fantasy Music/WAV/Library of Veles (LOOP).wav","Resources","50843712","未被正式场景、预设、构建配置或动态加载路径引用"
"Assets/Resources/kenney_impact-sounds/Audio/footstep_carpet_000.ogg","Resources","6353","未被正式场景、预设、构建配置或动态加载路径引用"
"Assets/Resources/kenney_impact-sounds/Audio/footstep_carpet_001.ogg","Resources","6411","未被正式场景、预设、构建配置或动态加载路径引用"
"Assets/Resources/kenney_impact-sounds/Audio/footstep_carpet_002.ogg","Resources","6411","未被正式场景、预设、构建配置或动态加载路径引用"
"Assets/Resources/kenney_impact-sounds/Audio/footstep_carpet_003.ogg","Resources","6301","未被正式场景、预设、构建配置或动态加载路径引用"
"Assets/Resources/kenney_impact-sounds/Audio/footstep_carpet_004.ogg","Resources","6301","未被正式场景、预设、构建配置或动态加载路径引用"
"Assets/Resources/kenney_impact-sounds/Audio/footstep_concrete_000.ogg","Resources","5808","未被正式场景、预设、构建配置或动态加载路径引用"
"Assets/Resources/kenney_impact-sounds/Audio/footstep_concrete_001.ogg","Resources","6308","未被正式场景、预设、构建配置或动态加载路径引用"
"Assets/Resources/kenney_impact-sounds/Audio/footstep_concrete_002.ogg","Resources","6255","未被正式场景、预设、构建配置或动态加载路径引用"
"Assets/Resources/kenney_impact-sounds/Audio/footstep_concrete_003.ogg","Resources","5805","未被正式场景、预设、构建配置或动态加载路径引用"
"Assets/Resources/kenney_impact-sounds/Audio/footstep_concrete_004.ogg","Resources","5912","未被正式场景、预设、构建配置或动态加载路径引用"
"Assets/Resources/kenney_impact-sounds/Audio/footstep_grass_000.ogg","Resources","8290","未被正式场景、预设、构建配置或动态加载路径引用"
"Assets/Resources/kenney_impact-sounds/Audio/footstep_grass_001.ogg","Resources","8313","未被正式场景、预设、构建配置或动态加载路径引用"
"Assets/Resources/kenney_impact-sounds/Audio/footstep_grass_002.ogg","Resources","8278","未被正式场景、预设、构建配置或动态加载路径引用"
"Assets/Resources/kenney_impact-sounds/Audio/footstep_grass_003.ogg","Resources","8129","未被正式场景、预设、构建配置或动态加载路径引用"
"Assets/Resources/kenney_impact-sounds/Audio/footstep_grass_004.ogg","Resources","7800","未被正式场景、预设、构建配置或动态加载路径引用"
"Assets/Resources/kenney_impact-sounds/Audio/footstep_snow_000.ogg","Resources","7880","未被正式场景、预设、构建配置或动态加载路径引用"
"Assets/Resources/kenney_impact-sounds/Audio/footstep_snow_001.ogg","Resources","7794","未被正式场景、预设、构建配置或动态加载路径引用"
"Assets/Resources/kenney_impact-sounds/Audio/footstep_snow_002.ogg","Resources","7694","未被正式场景、预设、构建配置或动态加载路径引用"
"Assets/Resources/kenney_impact-sounds/Audio/footstep_snow_003.ogg","Resources","7860","未被正式场景、预设、构建配置或动态加载路径引用"
"Assets/Resources/kenney_impact-sounds/Audio/footstep_snow_004.ogg","Resources","7630","未被正式场景、预设、构建配置或动态加载路径引用"
"Assets/Resources/kenney_impact-sounds/Audio/footstep_wood_000.ogg","Resources","5949","未被正式场景、预设、构建配置或动态加载路径引用"
"Assets/Resources/kenney_impact-sounds/Audio/footstep_wood_001.ogg","Resources","5929","未被正式场景、预设、构建配置或动态加载路径引用"
"Assets/Resources/kenney_impact-sounds/Audio/footstep_wood_002.ogg","Resources","5895","未被正式场景、预设、构建配置或动态加载路径引用"
"Assets/Resources/kenney_impact-sounds/Audio/footstep_wood_003.ogg","Resources","6207","未被正式场景、预设、构建配置或动态加载路径引用"
"Assets/Resources/kenney_impact-sounds/Audio/footstep_wood_004.ogg","Resources","5799","未被正式场景、预设、构建配置或动态加载路径引用"
"Assets/Resources/kenney_impact-sounds/Audio/impactBell_heavy_000.ogg","Resources","13915","未被正式场景、预设、构建配置或动态加载路径引用"
"Assets/Resources/kenney_impact-sounds/Audio/impactBell_heavy_001.ogg","Resources","15577","未被正式场景、预设、构建配置或动态加载路径引用"
"Assets/Resources/kenney_impact-sounds/Audio/impactBell_heavy_002.ogg","Resources","9252","未被正式场景、预设、构建配置或动态加载路径引用"
"Assets/Resources/kenney_impact-sounds/Audio/impactBell_heavy_003.ogg","Resources","9429","未被正式场景、预设、构建配置或动态加载路径引用"
"Assets/Resources/kenney_impact-sounds/Audio/impactBell_heavy_004.ogg","Resources","6529","未被正式场景、预设、构建配置或动态加载路径引用"
"Assets/Resources/kenney_impact-sounds/Audio/impactGeneric_light_000.ogg","Resources","5827","未被正式场景、预设、构建配置或动态加载路径引用"
"Assets/Resources/kenney_impact-sounds/Audio/impactGeneric_light_001.ogg","Resources","5636","未被正式场景、预设、构建配置或动态加载路径引用"
"Assets/Resources/kenney_impact-sounds/Audio/impactGeneric_light_002.ogg","Resources","5795","未被正式场景、预设、构建配置或动态加载路径引用"
"Assets/Resources/kenney_impact-sounds/Audio/impactGeneric_light_003.ogg","Resources","5792","未被正式场景、预设、构建配置或动态加载路径引用"
"Assets/Resources/kenney_impact-sounds/Audio/impactGeneric_light_004.ogg","Resources","5747","未被正式场景、预设、构建配置或动态加载路径引用"
"Assets/Resources/kenney_impact-sounds/Audio/impactGlass_heavy_000.ogg","Resources","7403","未被正式场景、预设、构建配置或动态加载路径引用"
"Assets/Resources/kenney_impact-sounds/Audio/impactGlass_heavy_001.ogg","Resources","8946","未被正式场景、预设、构建配置或动态加载路径引用"
"Assets/Resources/kenney_impact-sounds/Audio/impactGlass_heavy_002.ogg","Resources","7661","未被正式场景、预设、构建配置或动态加载路径引用"
"Assets/Resources/kenney_impact-sounds/Audio/impactGlass_heavy_003.ogg","Resources","6956","未被正式场景、预设、构建配置或动态加载路径引用"
"Assets/Resources/kenney_impact-sounds/Audio/impactGlass_heavy_004.ogg","Resources","8300","未被正式场景、预设、构建配置或动态加载路径引用"
"Assets/Resources/kenney_impact-sounds/Audio/impactGlass_light_000.ogg","Resources","6526","未被正式场景、预设、构建配置或动态加载路径引用"
"Assets/Resources/kenney_impact-sounds/Audio/impactGlass_light_001.ogg","Resources","6544","未被正式场景、预设、构建配置或动态加载路径引用"
"Assets/Resources/kenney_impact-sounds/Audio/impactGlass_light_002.ogg","Resources","6562","未被正式场景、预设、构建配置或动态加载路径引用"
"Assets/Resources/kenney_impact-sounds/Audio/impactGlass_light_003.ogg","Resources","6618","未被正式场景、预设、构建配置或动态加载路径引用"
"Assets/Resources/kenney_impact-sounds/Audio/impactGlass_light_004.ogg","Resources","6641","未被正式场景、预设、构建配置或动态加载路径引用"
"Assets/Resources/kenney_impact-sounds/Audio/impactGlass_medium_000.ogg","Resources","8400","未被正式场景、预设、构建配置或动态加载路径引用"
"Assets/Resources/kenney_impact-sounds/Audio/impactGlass_medium_001.ogg","Resources","8605","未被正式场景、预设、构建配置或动态加载路径引用"
"Assets/Resources/kenney_impact-sounds/Audio/impactGlass_medium_002.ogg","Resources","8341","未被正式场景、预设、构建配置或动态加载路径引用"
"Assets/Resources/kenney_impact-sounds/Audio/impactGlass_medium_003.ogg","Resources","8596","未被正式场景、预设、构建配置或动态加载路径引用"
"Assets/Resources/kenney_impact-sounds/Audio/impactGlass_medium_004.ogg","Resources","8397","未被正式场景、预设、构建配置或动态加载路径引用"
"Assets/Resources/kenney_impact-sounds/Audio/impactMetal_heavy_000.ogg","Resources","6110","未被正式场景、预设、构建配置或动态加载路径引用"
"Assets/Resources/kenney_impact-sounds/Audio/impactMetal_heavy_001.ogg","Resources","7279","未被正式场景、预设、构建配置或动态加载路径引用"
"Assets/Resources/kenney_impact-sounds/Audio/impactMetal_heavy_002.ogg","Resources","5634","未被正式场景、预设、构建配置或动态加载路径引用"
"Assets/Resources/kenney_impact-sounds/Audio/impactMetal_heavy_003.ogg","Resources","6209","未被正式场景、预设、构建配置或动态加载路径引用"
"Assets/Resources/kenney_impact-sounds/Audio/impactMetal_heavy_004.ogg","Resources","5788","未被正式场景、预设、构建配置或动态加载路径引用"
"Assets/Resources/kenney_impact-sounds/Audio/impactMetal_light_001.ogg","Resources","6967","未被正式场景、预设、构建配置或动态加载路径引用"
"Assets/Resources/kenney_impact-sounds/Audio/impactMetal_light_002.ogg","Resources","6804","未被正式场景、预设、构建配置或动态加载路径引用"
"Assets/Resources/kenney_impact-sounds/Audio/impactMetal_light_003.ogg","Resources","9023","未被正式场景、预设、构建配置或动态加载路径引用"
"Assets/Resources/kenney_impact-sounds/Audio/impactMetal_light_004.ogg","Resources","6675","未被正式场景、预设、构建配置或动态加载路径引用"
"Assets/Resources/kenney_impact-sounds/Audio/impactMetal_medium_000.ogg","Resources","7117","未被正式场景、预设、构建配置或动态加载路径引用"
"Assets/Resources/kenney_impact-sounds/Audio/impactMetal_medium_001.ogg","Resources","6151","未被正式场景、预设、构建配置或动态加载路径引用"
"Assets/Resources/kenney_impact-sounds/Audio/impactMetal_medium_002.ogg","Resources","5857","未被正式场景、预设、构建配置或动态加载路径引用"
"Assets/Resources/kenney_impact-sounds/Audio/impactMetal_medium_003.ogg","Resources","6964","未被正式场景、预设、构建配置或动态加载路径引用"
"Assets/Resources/kenney_impact-sounds/Audio/impactMetal_medium_004.ogg","Resources","5744","未被正式场景、预设、构建配置或动态加载路径引用"
"Assets/Resources/kenney_impact-sounds/Audio/impactMining_000.ogg","Resources","12035","未被正式场景、预设、构建配置或动态加载路径引用"
"Assets/Resources/kenney_impact-sounds/Audio/impactMining_001.ogg","Resources","11481","未被正式场景、预设、构建配置或动态加载路径引用"
"Assets/Resources/kenney_impact-sounds/Audio/impactMining_002.ogg","Resources","11235","未被正式场景、预设、构建配置或动态加载路径引用"
"Assets/Resources/kenney_impact-sounds/Audio/impactMining_003.ogg","Resources","12160","未被正式场景、预设、构建配置或动态加载路径引用"
"Assets/Resources/kenney_impact-sounds/Audio/impactMining_004.ogg","Resources","11668","未被正式场景、预设、构建配置或动态加载路径引用"
"Assets/Resources/kenney_impact-sounds/Audio/impactPlank_medium_000.ogg","Resources","12016","未被正式场景、预设、构建配置或动态加载路径引用"
"Assets/Resources/kenney_impact-sounds/Audio/impactPlank_medium_001.ogg","Resources","12082","未被正式场景、预设、构建配置或动态加载路径引用"
"Assets/Resources/kenney_impact-sounds/Audio/impactPlank_medium_002.ogg","Resources","12313","未被正式场景、预设、构建配置或动态加载路径引用"
"Assets/Resources/kenney_impact-sounds/Audio/impactPlank_medium_003.ogg","Resources","12138","未被正式场景、预设、构建配置或动态加载路径引用"
"Assets/Resources/kenney_impact-sounds/Audio/impactPlank_medium_004.ogg","Resources","12084","未被正式场景、预设、构建配置或动态加载路径引用"
"Assets/Resources/kenney_impact-sounds/Audio/impactPlate_heavy_000.ogg","Resources","10032","未被正式场景、预设、构建配置或动态加载路径引用"
"Assets/Resources/kenney_impact-sounds/Audio/impactPlate_heavy_001.ogg","Resources","8713","未被正式场景、预设、构建配置或动态加载路径引用"
"Assets/Resources/kenney_impact-sounds/Audio/impactPlate_heavy_002.ogg","Resources","10188","未被正式场景、预设、构建配置或动态加载路径引用"
"Assets/Resources/kenney_impact-sounds/Audio/impactPlate_heavy_003.ogg","Resources","8490","未被正式场景、预设、构建配置或动态加载路径引用"
"Assets/Resources/kenney_impact-sounds/Audio/impactPlate_heavy_004.ogg","Resources","11092","未被正式场景、预设、构建配置或动态加载路径引用"
"Assets/Resources/kenney_impact-sounds/Audio/impactPlate_light_000.ogg","Resources","10474","未被正式场景、预设、构建配置或动态加载路径引用"
"Assets/Resources/kenney_impact-sounds/Audio/impactPlate_light_001.ogg","Resources","11730","未被正式场景、预设、构建配置或动态加载路径引用"
"Assets/Resources/kenney_impact-sounds/Audio/impactPlate_light_002.ogg","Resources","9932","未被正式场景、预设、构建配置或动态加载路径引用"
"Assets/Resources/kenney_impact-sounds/Audio/impactPlate_light_003.ogg","Resources","10626","未被正式场景、预设、构建配置或动态加载路径引用"
"Assets/Resources/kenney_impact-sounds/Audio/impactPlate_light_004.ogg","Resources","11928","未被正式场景、预设、构建配置或动态加载路径引用"
"Assets/Resources/kenney_impact-sounds/Audio/impactPlate_medium_000.ogg","Resources","10921","未被正式场景、预设、构建配置或动态加载路径引用"
"Assets/Resources/kenney_impact-sounds/Audio/impactPlate_medium_001.ogg","Resources","11491","未被正式场景、预设、构建配置或动态加载路径引用"
"Assets/Resources/kenney_impact-sounds/Audio/impactPlate_medium_002.ogg","Resources","10250","未被正式场景、预设、构建配置或动态加载路径引用"
"Assets/Resources/kenney_impact-sounds/Audio/impactPlate_medium_003.ogg","Resources","11616","未被正式场景、预设、构建配置或动态加载路径引用"
"Assets/Resources/kenney_impact-sounds/Audio/impactPlate_medium_004.ogg","Resources","10803","未被正式场景、预设、构建配置或动态加载路径引用"
"Assets/Resources/kenney_impact-sounds/Audio/impactPunch_heavy_000.ogg","Resources","11617","未被正式场景、预设、构建配置或动态加载路径引用"
"Assets/Resources/kenney_impact-sounds/Audio/impactPunch_heavy_001.ogg","Resources","10861","未被正式场景、预设、构建配置或动态加载路径引用"
"Assets/Resources/kenney_impact-sounds/Audio/impactPunch_heavy_002.ogg","Resources","9025","未被正式场景、预设、构建配置或动态加载路径引用"
"Assets/Resources/kenney_impact-sounds/Audio/impactPunch_heavy_003.ogg","Resources","10029","未被正式场景、预设、构建配置或动态加载路径引用"
"Assets/Resources/kenney_impact-sounds/Audio/impactPunch_heavy_004.ogg","Resources","10452","未被正式场景、预设、构建配置或动态加载路径引用"
"Assets/Resources/kenney_impact-sounds/Audio/impactPunch_medium_001.ogg","Resources","8701","未被正式场景、预设、构建配置或动态加载路径引用"
"Assets/Resources/kenney_impact-sounds/Audio/impactPunch_medium_002.ogg","Resources","10399","未被正式场景、预设、构建配置或动态加载路径引用"
"Assets/Resources/kenney_impact-sounds/Audio/impactPunch_medium_003.ogg","Resources","9509","未被正式场景、预设、构建配置或动态加载路径引用"
"Assets/Resources/kenney_impact-sounds/Audio/impactPunch_medium_004.ogg","Resources","10032","未被正式场景、预设、构建配置或动态加载路径引用"
"Assets/Resources/kenney_impact-sounds/Audio/impactSoft_heavy_001.ogg","Resources","6689","未被正式场景、预设、构建配置或动态加载路径引用"
"Assets/Resources/kenney_impact-sounds/Audio/impactSoft_heavy_002.ogg","Resources","6749","未被正式场景、预设、构建配置或动态加载路径引用"
"Assets/Resources/kenney_impact-sounds/Audio/impactSoft_heavy_003.ogg","Resources","6665","未被正式场景、预设、构建配置或动态加载路径引用"
"Assets/Resources/kenney_impact-sounds/Audio/impactSoft_heavy_004.ogg","Resources","6478","未被正式场景、预设、构建配置或动态加载路径引用"
"Assets/Resources/kenney_impact-sounds/Audio/impactSoft_medium_000.ogg","Resources","5351","未被正式场景、预设、构建配置或动态加载路径引用"
"Assets/Resources/kenney_impact-sounds/Audio/impactSoft_medium_001.ogg","Resources","5506","未被正式场景、预设、构建配置或动态加载路径引用"
"Assets/Resources/kenney_impact-sounds/Audio/impactSoft_medium_002.ogg","Resources","5358","未被正式场景、预设、构建配置或动态加载路径引用"
"Assets/Resources/kenney_impact-sounds/Audio/impactSoft_medium_003.ogg","Resources","5392","未被正式场景、预设、构建配置或动态加载路径引用"
"Assets/Resources/kenney_impact-sounds/Audio/impactSoft_medium_004.ogg","Resources","5438","未被正式场景、预设、构建配置或动态加载路径引用"
"Assets/Resources/kenney_impact-sounds/Audio/impactTin_medium_000.ogg","Resources","6509","未被正式场景、预设、构建配置或动态加载路径引用"
"Assets/Resources/kenney_impact-sounds/Audio/impactTin_medium_001.ogg","Resources","6603","未被正式场景、预设、构建配置或动态加载路径引用"
"Assets/Resources/kenney_impact-sounds/Audio/impactTin_medium_002.ogg","Resources","6156","未被正式场景、预设、构建配置或动态加载路径引用"
"Assets/Resources/kenney_impact-sounds/Audio/impactTin_medium_003.ogg","Resources","6541","未被正式场景、预设、构建配置或动态加载路径引用"
"Assets/Resources/kenney_impact-sounds/Audio/impactTin_medium_004.ogg","Resources","6362","未被正式场景、预设、构建配置或动态加载路径引用"
"Assets/Resources/kenney_impact-sounds/Audio/impactWood_heavy_000.ogg","Resources","6233","未被正式场景、预设、构建配置或动态加载路径引用"
"Assets/Resources/kenney_impact-sounds/Audio/impactWood_heavy_001.ogg","Resources","6239","未被正式场景、预设、构建配置或动态加载路径引用"
"Assets/Resources/kenney_impact-sounds/Audio/impactWood_heavy_002.ogg","Resources","6146","未被正式场景、预设、构建配置或动态加载路径引用"
"Assets/Resources/kenney_impact-sounds/Audio/impactWood_heavy_003.ogg","Resources","6181","未被正式场景、预设、构建配置或动态加载路径引用"
"Assets/Resources/kenney_impact-sounds/Audio/impactWood_heavy_004.ogg","Resources","6253","未被正式场景、预设、构建配置或动态加载路径引用"
"Assets/Resources/kenney_impact-sounds/Audio/impactWood_light_000.ogg","Resources","6343","未被正式场景、预设、构建配置或动态加载路径引用"
"Assets/Resources/kenney_impact-sounds/Audio/impactWood_light_001.ogg","Resources","6373","未被正式场景、预设、构建配置或动态加载路径引用"
"Assets/Resources/kenney_impact-sounds/Audio/impactWood_light_002.ogg","Resources","6366","未被正式场景、预设、构建配置或动态加载路径引用"
"Assets/Resources/kenney_impact-sounds/Audio/impactWood_light_003.ogg","Resources","6381","未被正式场景、预设、构建配置或动态加载路径引用"
"Assets/Resources/kenney_impact-sounds/Audio/impactWood_light_004.ogg","Resources","6395","未被正式场景、预设、构建配置或动态加载路径引用"
"Assets/Resources/kenney_impact-sounds/Audio/impactWood_medium_000.ogg","Resources","6575","未被正式场景、预设、构建配置或动态加载路径引用"
"Assets/Resources/kenney_impact-sounds/Audio/impactWood_medium_001.ogg","Resources","6555","未被正式场景、预设、构建配置或动态加载路径引用"
"Assets/Resources/kenney_impact-sounds/Audio/impactWood_medium_002.ogg","Resources","6607","未被正式场景、预设、构建配置或动态加载路径引用"
"Assets/Resources/kenney_impact-sounds/Audio/impactWood_medium_003.ogg","Resources","6598","未被正式场景、预设、构建配置或动态加载路径引用"
"Assets/Resources/kenney_impact-sounds/Audio/impactWood_medium_004.ogg","Resources","6481","未被正式场景、预设、构建配置或动态加载路径引用"
"Assets/Resources/kenney_impact-sounds/Kenney.url","Resources","45","未被正式场景、预设、构建配置或动态加载路径引用"
"Assets/Resources/kenney_impact-sounds/Patreon.url","Resources","55","未被正式场景、预设、构建配置或动态加载路径引用"
"Assets/Resources/kenney_interface-sounds/Audio/back_001.ogg","Resources","6997","未被正式场景、预设、构建配置或动态加载路径引用"
"Assets/Resources/kenney_interface-sounds/Audio/back_002.ogg","Resources","7029","未被正式场景、预设、构建配置或动态加载路径引用"
"Assets/Resources/kenney_interface-sounds/Audio/back_003.ogg","Resources","7208","未被正式场景、预设、构建配置或动态加载路径引用"
"Assets/Resources/kenney_interface-sounds/Audio/back_004.ogg","Resources","6923","未被正式场景、预设、构建配置或动态加载路径引用"
"Assets/Resources/kenney_interface-sounds/Audio/bong_001.ogg","Resources","4848","未被正式场景、预设、构建配置或动态加载路径引用"
"Assets/Resources/kenney_interface-sounds/Audio/click_001.ogg","Resources","4876","未被正式场景、预设、构建配置或动态加载路径引用"
"Assets/Resources/kenney_interface-sounds/Audio/click_002.ogg","Resources","4275","未被正式场景、预设、构建配置或动态加载路径引用"
"Assets/Resources/kenney_interface-sounds/Audio/click_003.ogg","Resources","4371","未被正式场景、预设、构建配置或动态加载路径引用"
"Assets/Resources/kenney_interface-sounds/Audio/click_004.ogg","Resources","4486","未被正式场景、预设、构建配置或动态加载路径引用"
"Assets/Resources/kenney_interface-sounds/Audio/click_005.ogg","Resources","4410","未被正式场景、预设、构建配置或动态加载路径引用"
"Assets/Resources/kenney_interface-sounds/Audio/close_001.ogg","Resources","9915","未被正式场景、预设、构建配置或动态加载路径引用"
"Assets/Resources/kenney_interface-sounds/Audio/close_002.ogg","Resources","14752","未被正式场景、预设、构建配置或动态加载路径引用"
"Assets/Resources/kenney_interface-sounds/Audio/close_003.ogg","Resources","15648","未被正式场景、预设、构建配置或动态加载路径引用"
"Assets/Resources/kenney_interface-sounds/Audio/close_004.ogg","Resources","16263","未被正式场景、预设、构建配置或动态加载路径引用"
"Assets/Resources/kenney_interface-sounds/Audio/confirmation_001.ogg","Resources","8968","未被正式场景、预设、构建配置或动态加载路径引用"
"Assets/Resources/kenney_interface-sounds/Audio/confirmation_002.ogg","Resources","14169","未被正式场景、预设、构建配置或动态加载路径引用"
"Assets/Resources/kenney_interface-sounds/Audio/confirmation_003.ogg","Resources","9535","未被正式场景、预设、构建配置或动态加载路径引用"
"Assets/Resources/kenney_interface-sounds/Audio/confirmation_004.ogg","Resources","12391","未被正式场景、预设、构建配置或动态加载路径引用"
"Assets/Resources/kenney_interface-sounds/Audio/drop_001.ogg","Resources","5859","未被正式场景、预设、构建配置或动态加载路径引用"
"Assets/Resources/kenney_interface-sounds/Audio/drop_002.ogg","Resources","6411","未被正式场景、预设、构建配置或动态加载路径引用"
"Assets/Resources/kenney_interface-sounds/Audio/drop_003.ogg","Resources","6288","未被正式场景、预设、构建配置或动态加载路径引用"
"Assets/Resources/kenney_interface-sounds/Audio/drop_004.ogg","Resources","7230","未被正式场景、预设、构建配置或动态加载路径引用"
"Assets/Resources/kenney_interface-sounds/Audio/error_001.ogg","Resources","7373","未被正式场景、预设、构建配置或动态加载路径引用"
"Assets/Resources/kenney_interface-sounds/Audio/error_002.ogg","Resources","7369","未被正式场景、预设、构建配置或动态加载路径引用"
"Assets/Resources/kenney_interface-sounds/Audio/error_003.ogg","Resources","12256","未被正式场景、预设、构建配置或动态加载路径引用"
"Assets/Resources/kenney_interface-sounds/Audio/error_004.ogg","Resources","6393","未被正式场景、预设、构建配置或动态加载路径引用"
"Assets/Resources/kenney_interface-sounds/Audio/error_005.ogg","Resources","7266","未被正式场景、预设、构建配置或动态加载路径引用"
"Assets/Resources/kenney_interface-sounds/Audio/error_006.ogg","Resources","8288","未被正式场景、预设、构建配置或动态加载路径引用"
"Assets/Resources/kenney_interface-sounds/Audio/error_007.ogg","Resources","10225","未被正式场景、预设、构建配置或动态加载路径引用"
"Assets/Resources/kenney_interface-sounds/Audio/error_008.ogg","Resources","9215","未被正式场景、预设、构建配置或动态加载路径引用"
"Assets/Resources/kenney_interface-sounds/Audio/glass_001.ogg","Resources","6103","未被正式场景、预设、构建配置或动态加载路径引用"
"Assets/Resources/kenney_interface-sounds/Audio/glass_002.ogg","Resources","4917","未被正式场景、预设、构建配置或动态加载路径引用"
"Assets/Resources/kenney_interface-sounds/Audio/glass_003.ogg","Resources","5732","未被正式场景、预设、构建配置或动态加载路径引用"
"Assets/Resources/kenney_interface-sounds/Audio/glass_004.ogg","Resources","8323","未被正式场景、预设、构建配置或动态加载路径引用"
"Assets/Resources/kenney_interface-sounds/Audio/glass_005.ogg","Resources","6206","未被正式场景、预设、构建配置或动态加载路径引用"
"Assets/Resources/kenney_interface-sounds/Audio/glass_006.ogg","Resources","6956","未被正式场景、预设、构建配置或动态加载路径引用"
"Assets/Resources/kenney_interface-sounds/Audio/glitch_001.ogg","Resources","5121","未被正式场景、预设、构建配置或动态加载路径引用"
"Assets/Resources/kenney_interface-sounds/Audio/glitch_002.ogg","Resources","5473","未被正式场景、预设、构建配置或动态加载路径引用"
"Assets/Resources/kenney_interface-sounds/Audio/glitch_003.ogg","Resources","4915","未被正式场景、预设、构建配置或动态加载路径引用"
"Assets/Resources/kenney_interface-sounds/Audio/glitch_004.ogg","Resources","5225","未被正式场景、预设、构建配置或动态加载路径引用"
"Assets/Resources/kenney_interface-sounds/Audio/maximize_001.ogg","Resources","12111","未被正式场景、预设、构建配置或动态加载路径引用"
"Assets/Resources/kenney_interface-sounds/Audio/maximize_002.ogg","Resources","9915","未被正式场景、预设、构建配置或动态加载路径引用"
"Assets/Resources/kenney_interface-sounds/Audio/maximize_003.ogg","Resources","11748","未被正式场景、预设、构建配置或动态加载路径引用"
"Assets/Resources/kenney_interface-sounds/Audio/maximize_004.ogg","Resources","17723","未被正式场景、预设、构建配置或动态加载路径引用"
"Assets/Resources/kenney_interface-sounds/Audio/maximize_005.ogg","Resources","20900","未被正式场景、预设、构建配置或动态加载路径引用"
"Assets/Resources/kenney_interface-sounds/Audio/maximize_006.ogg","Resources","11618","未被正式场景、预设、构建配置或动态加载路径引用"
"Assets/Resources/kenney_interface-sounds/Audio/maximize_007.ogg","Resources","8097","未被正式场景、预设、构建配置或动态加载路径引用"
"Assets/Resources/kenney_interface-sounds/Audio/maximize_008.ogg","Resources","9085","未被正式场景、预设、构建配置或动态加载路径引用"
"Assets/Resources/kenney_interface-sounds/Audio/maximize_009.ogg","Resources","7650","未被正式场景、预设、构建配置或动态加载路径引用"
"Assets/Resources/kenney_interface-sounds/Audio/minimize_001.ogg","Resources","11924","未被正式场景、预设、构建配置或动态加载路径引用"
"Assets/Resources/kenney_interface-sounds/Audio/minimize_002.ogg","Resources","9441","未被正式场景、预设、构建配置或动态加载路径引用"
"Assets/Resources/kenney_interface-sounds/Audio/minimize_003.ogg","Resources","11739","未被正式场景、预设、构建配置或动态加载路径引用"
"Assets/Resources/kenney_interface-sounds/Audio/minimize_004.ogg","Resources","17099","未被正式场景、预设、构建配置或动态加载路径引用"
"Assets/Resources/kenney_interface-sounds/Audio/minimize_005.ogg","Resources","19501","未被正式场景、预设、构建配置或动态加载路径引用"
"Assets/Resources/kenney_interface-sounds/Audio/minimize_006.ogg","Resources","11292","未被正式场景、预设、构建配置或动态加载路径引用"
"Assets/Resources/kenney_interface-sounds/Audio/minimize_007.ogg","Resources","7677","未被正式场景、预设、构建配置或动态加载路径引用"
"Assets/Resources/kenney_interface-sounds/Audio/minimize_008.ogg","Resources","9298","未被正式场景、预设、构建配置或动态加载路径引用"
"Assets/Resources/kenney_interface-sounds/Audio/minimize_009.ogg","Resources","7665","未被正式场景、预设、构建配置或动态加载路径引用"
"Assets/Resources/kenney_interface-sounds/Audio/open_001.ogg","Resources","9834","未被正式场景、预设、构建配置或动态加载路径引用"
"Assets/Resources/kenney_interface-sounds/Audio/open_002.ogg","Resources","14975","未被正式场景、预设、构建配置或动态加载路径引用"
"Assets/Resources/kenney_interface-sounds/Audio/open_003.ogg","Resources","15046","未被正式场景、预设、构建配置或动态加载路径引用"
"Assets/Resources/kenney_interface-sounds/Audio/open_004.ogg","Resources","15879","未被正式场景、预设、构建配置或动态加载路径引用"
"Assets/Resources/kenney_interface-sounds/Audio/pluck_001.ogg","Resources","6317","未被正式场景、预设、构建配置或动态加载路径引用"
"Assets/Resources/kenney_interface-sounds/Audio/pluck_002.ogg","Resources","6941","未被正式场景、预设、构建配置或动态加载路径引用"
"Assets/Resources/kenney_interface-sounds/Audio/question_001.ogg","Resources","11700","未被正式场景、预设、构建配置或动态加载路径引用"
"Assets/Resources/kenney_interface-sounds/Audio/question_002.ogg","Resources","9455","未被正式场景、预设、构建配置或动态加载路径引用"
"Assets/Resources/kenney_interface-sounds/Audio/question_003.ogg","Resources","8233","未被正式场景、预设、构建配置或动态加载路径引用"
"Assets/Resources/kenney_interface-sounds/Audio/question_004.ogg","Resources","9821","未被正式场景、预设、构建配置或动态加载路径引用"
"Assets/Resources/kenney_interface-sounds/Audio/scratch_001.ogg","Resources","8989","未被正式场景、预设、构建配置或动态加载路径引用"
"Assets/Resources/kenney_interface-sounds/Audio/scratch_002.ogg","Resources","9319","未被正式场景、预设、构建配置或动态加载路径引用"
"Assets/Resources/kenney_interface-sounds/Audio/scratch_003.ogg","Resources","8849","未被正式场景、预设、构建配置或动态加载路径引用"
"Assets/Resources/kenney_interface-sounds/Audio/scratch_004.ogg","Resources","16478","未被正式场景、预设、构建配置或动态加载路径引用"
"Assets/Resources/kenney_interface-sounds/Audio/scratch_005.ogg","Resources","15824","未被正式场景、预设、构建配置或动态加载路径引用"
"Assets/Resources/kenney_interface-sounds/Audio/scroll_001.ogg","Resources","21633","未被正式场景、预设、构建配置或动态加载路径引用"
"Assets/Resources/kenney_interface-sounds/Audio/scroll_002.ogg","Resources","24628","未被正式场景、预设、构建配置或动态加载路径引用"
"Assets/Resources/kenney_interface-sounds/Audio/scroll_003.ogg","Resources","29488","未被正式场景、预设、构建配置或动态加载路径引用"
"Assets/Resources/kenney_interface-sounds/Audio/scroll_004.ogg","Resources","20348","未被正式场景、预设、构建配置或动态加载路径引用"
"Assets/Resources/kenney_interface-sounds/Audio/scroll_005.ogg","Resources","20448","未被正式场景、预设、构建配置或动态加载路径引用"
"Assets/Resources/kenney_interface-sounds/Audio/select_002.ogg","Resources","5463","未被正式场景、预设、构建配置或动态加载路径引用"
"Assets/Resources/kenney_interface-sounds/Audio/select_003.ogg","Resources","6901","未被正式场景、预设、构建配置或动态加载路径引用"
"Assets/Resources/kenney_interface-sounds/Audio/select_004.ogg","Resources","6909","未被正式场景、预设、构建配置或动态加载路径引用"
"Assets/Resources/kenney_interface-sounds/Audio/select_005.ogg","Resources","6767","未被正式场景、预设、构建配置或动态加载路径引用"
"Assets/Resources/kenney_interface-sounds/Audio/select_006.ogg","Resources","8101","未被正式场景、预设、构建配置或动态加载路径引用"
"Assets/Resources/kenney_interface-sounds/Audio/select_007.ogg","Resources","6580","未被正式场景、预设、构建配置或动态加载路径引用"
"Assets/Resources/kenney_interface-sounds/Audio/select_008.ogg","Resources","6339","未被正式场景、预设、构建配置或动态加载路径引用"
"Assets/Resources/kenney_interface-sounds/Audio/switch_002.ogg","Resources","7097","未被正式场景、预设、构建配置或动态加载路径引用"
"Assets/Resources/kenney_interface-sounds/Audio/switch_003.ogg","Resources","9653","未被正式场景、预设、构建配置或动态加载路径引用"
"Assets/Resources/kenney_interface-sounds/Audio/switch_004.ogg","Resources","7248","未被正式场景、预设、构建配置或动态加载路径引用"
"Assets/Resources/kenney_interface-sounds/Audio/switch_005.ogg","Resources","7814","未被正式场景、预设、构建配置或动态加载路径引用"
"Assets/Resources/kenney_interface-sounds/Audio/switch_006.ogg","Resources","7873","未被正式场景、预设、构建配置或动态加载路径引用"
"Assets/Resources/kenney_interface-sounds/Audio/switch_007.ogg","Resources","7921","未被正式场景、预设、构建配置或动态加载路径引用"
"Assets/Resources/kenney_interface-sounds/Audio/tick_002.ogg","Resources","4514","未被正式场景、预设、构建配置或动态加载路径引用"
"Assets/Resources/kenney_interface-sounds/Audio/tick_004.ogg","Resources","5031","未被正式场景、预设、构建配置或动态加载路径引用"
"Assets/Resources/kenney_interface-sounds/Audio/toggle_001.ogg","Resources","7369","未被正式场景、预设、构建配置或动态加载路径引用"
"Assets/Resources/kenney_interface-sounds/Audio/toggle_002.ogg","Resources","8056","未被正式场景、预设、构建配置或动态加载路径引用"
"Assets/Resources/kenney_interface-sounds/Audio/toggle_003.ogg","Resources","8654","未被正式场景、预设、构建配置或动态加载路径引用"
"Assets/Resources/kenney_interface-sounds/Audio/toggle_004.ogg","Resources","6695","未被正式场景、预设、构建配置或动态加载路径引用"
"Assets/Resources/kenney_interface-sounds/Kenney.url","Resources","45","未被正式场景、预设、构建配置或动态加载路径引用"
"Assets/Resources/kenney_interface-sounds/Patreon.url","Resources","55","未被正式场景、预设、构建配置或动态加载路径引用"
"Assets/Resources/Medieval_Castle/Medieval_Castle/Medieval_Castle.aseprite","Resources","25113","未被正式场景、预设、构建配置或动态加载路径引用"
"Assets/Resources/Medieval_Castle/Medieval_Castle/Medieval_Castle_BackGround_16x16.png","Resources","1201","未被正式场景、预设、构建配置或动态加载路径引用"
"Assets/Resources/Medieval_Castle/Medieval_Castle/Medieval_Castle_TileGround_16x16.png","Resources","1944","未被正式场景、预设、构建配置或动态加载路径引用"
"Assets/Resources/Medieval_Castle/Medieval_Castle/Medieval_Castle_TileSet_16x16.png","Resources","9286","未被正式场景、预设、构建配置或动态加载路径引用"
"Assets/Resources/PixelFantasy_Caves_1.0/background1.png","Resources","9744","未被正式场景、预设、构建配置或动态加载路径引用"
"Assets/Resources/PixelFantasy_Caves_1.0/background4a.png","Resources","64016","未被正式场景、预设、构建配置或动态加载路径引用"
"Assets/Resources/PixelFantasy_Caves_1.0/background4b.png","Resources","70976","未被正式场景、预设、构建配置或动态加载路径引用"
"Assets/Resources/PixelFantasy_Caves_1.0/PSD/background.psd","Resources","976492","未被正式场景、预设、构建配置或动态加载路径引用"
"Assets/Resources/PixelFantasy_Caves_1.0/PSD/mainlev_build.psd","Resources","894735","未被正式场景、预设、构建配置或动态加载路径引用"
"Assets/Resources/PixelFantasy_Caves_1.0/PSD/props1.psd","Resources","1481695","未被正式场景、预设、构建配置或动态加载路径引用"
"Assets/Resources/PixelFantasy_Caves_1.0/PSD/props2.psd","Resources","1008152","未被正式场景、预设、构建配置或动态加载路径引用"
"Assets/Resources/PixelPlatformerSet1v.1.1/Anim/diamond-01.png","Resources","3767","未被正式场景、预设、构建配置或动态加载路径引用"
"Assets/Resources/PixelPlatformerSet1v.1.1/Anim/diamond-02.png","Resources","3783","未被正式场景、预设、构建配置或动态加载路径引用"
"Assets/Resources/PixelPlatformerSet1v.1.1/Anim/diamond-03.png","Resources","3777","未被正式场景、预设、构建配置或动态加载路径引用"
"Assets/Resources/PixelPlatformerSet1v.1.1/Anim/diamond-04.png","Resources","3758","未被正式场景、预设、构建配置或动态加载路径引用"
"Assets/Resources/PixelPlatformerSet1v.1.1/Anim/diamond-05.png","Resources","3742","未被正式场景、预设、构建配置或动态加载路径引用"
"Assets/Resources/PixelPlatformerSet1v.1.1/Anim/light-01.png","Resources","4163","未被正式场景、预设、构建配置或动态加载路径引用"
"Assets/Resources/PixelPlatformerSet1v.1.1/Anim/light-02.png","Resources","4233","未被正式场景、预设、构建配置或动态加载路径引用"
"Assets/Resources/PixelPlatformerSet1v.1.1/Anim/light-03.png","Resources","4243","未被正式场景、预设、构建配置或动态加载路径引用"
"Assets/Resources/PixelPlatformerSet1v.1.1/Anim/light-04.png","Resources","4177","未被正式场景、预设、构建配置或动态加载路径引用"
"Assets/Resources/PixelPlatformerSet1v.1.1/Background/01 background.png","Resources","14615","未被正式场景、预设、构建配置或动态加载路径引用"
"Assets/Resources/PixelPlatformerSet1v.1.1/Background/02 background.png","Resources","8368","未被正式场景、预设、构建配置或动态加载路径引用"
"Assets/Resources/PixelPlatformerSet1v.1.1/Background/03 background B.png","Resources","13622","未被正式场景、预设、构建配置或动态加载路径引用"
"Assets/Resources/PixelPlatformerSet1v.1.1/Background/04 background.png","Resources","24382","未被正式场景、预设、构建配置或动态加载路径引用"
"Assets/Resources/PixelPlatformerSet1v.1.1/Background/05 background.png","Resources","20352","未被正式场景、预设、构建配置或动态加载路径引用"
"Assets/Resources/PixelPlatformerSet1v.1.1/Character/character_anim.psd","Resources","90255","未被正式场景、预设、构建配置或动态加载路径引用"
"Assets/Resources/PixelPlatformerSet1v.1.1/Character/Sprite/attack-01.png","Resources","4099","未被正式场景、预设、构建配置或动态加载路径引用"
"Assets/Resources/PixelPlatformerSet1v.1.1/Character/Sprite/attack-02.png","Resources","4118","未被正式场景、预设、构建配置或动态加载路径引用"
"Assets/Resources/PixelPlatformerSet1v.1.1/Character/Sprite/attack-03.png","Resources","4215","未被正式场景、预设、构建配置或动态加载路径引用"
"Assets/Resources/PixelPlatformerSet1v.1.1/Character/Sprite/attack-04.png","Resources","4196","未被正式场景、预设、构建配置或动态加载路径引用"
"Assets/Resources/PixelPlatformerSet1v.1.1/Character/Sprite/attack-05.png","Resources","4193","未被正式场景、预设、构建配置或动态加载路径引用"
"Assets/Resources/PixelPlatformerSet1v.1.1/Character/Sprite/attack-06.png","Resources","4128","未被正式场景、预设、构建配置或动态加载路径引用"
"Assets/Resources/PixelPlatformerSet1v.1.1/Character/Sprite/attack-07-continue.png","Resources","4263","未被正式场景、预设、构建配置或动态加载路径引用"
"Assets/Resources/PixelPlatformerSet1v.1.1/Character/Sprite/attack-08-continue.png","Resources","4264","未被正式场景、预设、构建配置或动态加载路径引用"
"Assets/Resources/PixelPlatformerSet1v.1.1/Character/Sprite/dead-01.png","Resources","4070","未被正式场景、预设、构建配置或动态加载路径引用"
"Assets/Resources/PixelPlatformerSet1v.1.1/Character/Sprite/dead-02.png","Resources","4078","未被正式场景、预设、构建配置或动态加载路径引用"
"Assets/Resources/PixelPlatformerSet1v.1.1/Character/Sprite/dead-03.png","Resources","3925","未被正式场景、预设、构建配置或动态加载路径引用"
"Assets/Resources/PixelPlatformerSet1v.1.1/Character/Sprite/dead-04.png","Resources","3887","未被正式场景、预设、构建配置或动态加载路径引用"
"Assets/Resources/PixelPlatformerSet1v.1.1/Character/Sprite/idle-01.png","Resources","4053","未被正式场景、预设、构建配置或动态加载路径引用"
"Assets/Resources/PixelPlatformerSet1v.1.1/Character/Sprite/idle-02.png","Resources","4056","未被正式场景、预设、构建配置或动态加载路径引用"
"Assets/Resources/PixelPlatformerSet1v.1.1/Character/Sprite/idle-03.png","Resources","4050","未被正式场景、预设、构建配置或动态加载路径引用"
"Assets/Resources/PixelPlatformerSet1v.1.1/Character/Sprite/idle-04.png","Resources","4071","未被正式场景、预设、构建配置或动态加载路径引用"
"Assets/Resources/PixelPlatformerSet1v.1.1/Character/Sprite/idle-05.png","Resources","4057","未被正式场景、预设、构建配置或动态加载路径引用"
"Assets/Resources/PixelPlatformerSet1v.1.1/Character/Sprite/idle-06.png","Resources","4056","未被正式场景、预设、构建配置或动态加载路径引用"
"Assets/Resources/PixelPlatformerSet1v.1.1/Character/Sprite/jump-01.png","Resources","4111","未被正式场景、预设、构建配置或动态加载路径引用"
"Assets/Resources/PixelPlatformerSet1v.1.1/Character/Sprite/jump-02.png","Resources","4084","未被正式场景、预设、构建配置或动态加载路径引用"
"Assets/Resources/PixelPlatformerSet1v.1.1/Character/Sprite/jump-landing-01.png","Resources","4133","未被正式场景、预设、构建配置或动态加载路径引用"
"Assets/Resources/PixelPlatformerSet1v.1.1/Character/Sprite/jump-landing-02.png","Resources","4144","未被正式场景、预设、构建配置或动态加载路径引用"
"Assets/Resources/PixelPlatformerSet1v.1.1/Character/Sprite/jump-landing-03.png","Resources","4145","未被正式场景、预设、构建配置或动态加载路径引用"
"Assets/Resources/PixelPlatformerSet1v.1.1/Character/Sprite/run-01.png","Resources","4081","未被正式场景、预设、构建配置或动态加载路径引用"
"Assets/Resources/PixelPlatformerSet1v.1.1/Character/Sprite/run-02.png","Resources","4108","未被正式场景、预设、构建配置或动态加载路径引用"
"Assets/Resources/PixelPlatformerSet1v.1.1/Character/Sprite/run-03.png","Resources","4120","未被正式场景、预设、构建配置或动态加载路径引用"
"Assets/Resources/PixelPlatformerSet1v.1.1/Character/Sprite/run-04.png","Resources","4059","未被正式场景、预设、构建配置或动态加载路径引用"
"Assets/Resources/PixelPlatformerSet1v.1.1/Character/Sprite/run-05.png","Resources","4049","未被正式场景、预设、构建配置或动态加载路径引用"
"Assets/Resources/PixelPlatformerSet1v.1.1/Character/Sprite/run-06.png","Resources","4075","未被正式场景、预设、构建配置或动态加载路径引用"
"Assets/Resources/PixelPlatformerSet1v.1.1/Character/Sprite/run-07.png","Resources","4036","未被正式场景、预设、构建配置或动态加载路径引用"
"Assets/Resources/PixelUIkit/__MACOSX/Pixel UI kit/._.DS_Store","Resources","120","未被正式场景、预设、构建配置或动态加载路径引用"
"Assets/Resources/PixelUIkit/__MACOSX/Pixel UI kit/._credits.txt","Resources","542","未被正式场景、预设、构建配置或动态加载路径引用"
"Assets/Resources/PixelUIkit/__MACOSX/Pixel UI kit/._Example Action Bar.png","Resources","120","未被正式场景、预设、构建配置或动态加载路径引用"
"Assets/Resources/PixelUIkit/__MACOSX/Pixel UI kit/._Example Window.png","Resources","120","未被正式场景、预设、构建配置或动态加载路径引用"
"Assets/Resources/PixelUIkit/__MACOSX/Pixel UI kit/._Example.png","Resources","120","未被正式场景、预设、构建配置或动态加载路径引用"
"Assets/Resources/PixelUIkit/__MACOSX/Pixel UI kit/._Pixel UI Kit - Example.psd","Resources","120","未被正式场景、预设、构建配置或动态加载路径引用"
"Assets/Resources/PixelUIkit/__MACOSX/Pixel UI kit/._Pixel UI Kit.psd","Resources","176","未被正式场景、预设、构建配置或动态加载路径引用"
"Assets/Resources/PixelUIkit/__MACOSX/Pixel UI kit/PNGs/._.DS_Store","Resources","120","未被正式场景、预设、构建配置或动态加载路径引用"
"Assets/Resources/PixelUIkit/__MACOSX/Pixel UI kit/PNGs/._Active Tab.png","Resources","120","未被正式场景、预设、构建配置或动态加载路径引用"
"Assets/Resources/PixelUIkit/__MACOSX/Pixel UI kit/PNGs/._Base Bg 1.png","Resources","120","未被正式场景、预设、构建配置或动态加载路径引用"
"Assets/Resources/PixelUIkit/__MACOSX/Pixel UI kit/PNGs/._Base Bg 2.png","Resources","120","未被正式场景、预设、构建配置或动态加载路径引用"
"Assets/Resources/PixelUIkit/__MACOSX/Pixel UI kit/PNGs/._Base Bg 3.png","Resources","120","未被正式场景、预设、构建配置或动态加载路径引用"
"Assets/Resources/PixelUIkit/__MACOSX/Pixel UI kit/PNGs/._Button Base Green.png","Resources","120","未被正式场景、预设、构建配置或动态加载路径引用"
"Assets/Resources/PixelUIkit/__MACOSX/Pixel UI kit/PNGs/._Button Base Red.png","Resources","120","未被正式场景、预设、构建配置或动态加载路径引用"
"Assets/Resources/PixelUIkit/__MACOSX/Pixel UI kit/PNGs/._Button Round Green.png","Resources","120","未被正式场景、预设、构建配置或动态加载路径引用"
"Assets/Resources/PixelUIkit/__MACOSX/Pixel UI kit/PNGs/._Button Round Red.png","Resources","120","未被正式场景、预设、构建配置或动态加载路径引用"
"Assets/Resources/PixelUIkit/__MACOSX/Pixel UI kit/PNGs/._Button Small Green.png","Resources","120","未被正式场景、预设、构建配置或动态加载路径引用"
"Assets/Resources/PixelUIkit/__MACOSX/Pixel UI kit/PNGs/._Button Small Red.png","Resources","120","未被正式场景、预设、构建配置或动态加载路径引用"
"Assets/Resources/PixelUIkit/__MACOSX/Pixel UI kit/PNGs/._Header.png","Resources","120","未被正式场景、预设、构建配置或动态加载路径引用"
"Assets/Resources/PixelUIkit/__MACOSX/Pixel UI kit/PNGs/._Inactive Tab.png","Resources","120","未被正式场景、预设、构建配置或动态加载路径引用"
"Assets/Resources/PixelUIkit/__MACOSX/Pixel UI kit/PNGs/._Progress Bar Top Small.png","Resources","120","未被正式场景、预设、构建配置或动态加载路径引用"
"Assets/Resources/PixelUIkit/__MACOSX/Pixel UI kit/PNGs/._Progress Bar Top.png","Resources","120","未被正式场景、预设、构建配置或动态加载路径引用"
"Assets/Resources/PixelUIkit/__MACOSX/Pixel UI kit/PNGs/._Round Bg B.png","Resources","120","未被正式场景、预设、构建配置或动态加载路径引用"
"Assets/Resources/PixelUIkit/__MACOSX/Pixel UI kit/PNGs/._Round Bg M.png","Resources","120","未被正式场景、预设、构建配置或动态加载路径引用"
"Assets/Resources/PixelUIkit/__MACOSX/Pixel UI kit/PNGs/._Roung Bg S.png","Resources","120","未被正式场景、预设、构建配置或动态加载路径引用"
"Assets/Resources/PixelUIkit/__MACOSX/Pixel UI kit/PNGs/._Scroll Button.png","Resources","120","未被正式场景、预设、构建配置或动态加载路径引用"
"Assets/Resources/PixelUIkit/__MACOSX/Pixel UI kit/PNGs/._Scroll Line.png","Resources","120","未被正式场景、预设、构建配置或动态加载路径引用"
"Assets/Resources/PixelUIkit/__MACOSX/Pixel UI kit/PNGs/._Small Bg.png","Resources","120","未被正式场景、预设、构建配置或动态加载路径引用"
"Assets/Resources/PixelUIkit/__MACOSX/Pixel UI kit/PNGs/Icons/._-.png","Resources","120","未被正式场景、预设、构建配置或动态加载路径引用"
"Assets/Resources/PixelUIkit/__MACOSX/Pixel UI kit/PNGs/Icons/._+.png","Resources","120","未被正式场景、预设、构建配置或动态加载路径引用"
"Assets/Resources/PixelUIkit/__MACOSX/Pixel UI kit/PNGs/Icons/._Check_.png","Resources","120","未被正式场景、预设、构建配置或动态加载路径引用"
"Assets/Resources/PixelUIkit/__MACOSX/Pixel UI kit/PNGs/Icons/._Coin.png","Resources","120","未被正式场景、预设、构建配置或动态加载路径引用"
"Assets/Resources/PixelUIkit/__MACOSX/Pixel UI kit/PNGs/Icons/._Energy.png","Resources","120","未被正式场景、预设、构建配置或动态加载路径引用"
"Assets/Resources/PixelUIkit/__MACOSX/Pixel UI kit/PNGs/Icons/._Food.png","Resources","120","未被正式场景、预设、构建配置或动态加载路径引用"
"Assets/Resources/PixelUIkit/__MACOSX/Pixel UI kit/PNGs/Icons/._Gem.png","Resources","120","未被正式场景、预设、构建配置或动态加载路径引用"
"Assets/Resources/PixelUIkit/__MACOSX/Pixel UI kit/PNGs/Icons/._Heart.png","Resources","120","未被正式场景、预设、构建配置或动态加载路径引用"
"Assets/Resources/PixelUIkit/__MACOSX/Pixel UI kit/PNGs/Icons/._Magic.png","Resources","120","未被正式场景、预设、构建配置或动态加载路径引用"
"Assets/Resources/PixelUIkit/__MACOSX/Pixel UI kit/PNGs/Icons/._Water.png","Resources","120","未被正式场景、预设、构建配置或动态加载路径引用"
"Assets/Resources/PixelUIkit/__MACOSX/Pixel UI kit/PNGs/Icons/._X.png","Resources","120","未被正式场景、预设、构建配置或动态加载路径引用"
"Assets/Resources/PixelUIkit/Pixel UI kit/.DS_Store","Resources","6148","未被正式场景、预设、构建配置或动态加载路径引用"
"Assets/Resources/PixelUIkit/Pixel UI kit/Example Action Bar.png","Resources","2934","未被正式场景、预设、构建配置或动态加载路径引用"
"Assets/Resources/PixelUIkit/Pixel UI kit/Example Window.png","Resources","2903","未被正式场景、预设、构建配置或动态加载路径引用"
"Assets/Resources/PixelUIkit/Pixel UI kit/Example.png","Resources","40427","未被正式场景、预设、构建配置或动态加载路径引用"
"Assets/Resources/PixelUIkit/Pixel UI kit/Pixel UI Kit - Example.psd","Resources","1123218","未被正式场景、预设、构建配置或动态加载路径引用"
"Assets/Resources/PixelUIkit/Pixel UI kit/Pixel UI Kit.psd","Resources","125703","未被正式场景、预设、构建配置或动态加载路径引用"
"Assets/Resources/PixelUIkit/Pixel UI kit/PNGs/.DS_Store","Resources","8196","未被正式场景、预设、构建配置或动态加载路径引用"
"Assets/Resources/PixelUIkit/Pixel UI kit/PNGs/Active Tab.png","Resources","2882","未被正式场景、预设、构建配置或动态加载路径引用"
"Assets/Resources/PixelUIkit/Pixel UI kit/PNGs/Base Bg 2.png","Resources","2900","未被正式场景、预设、构建配置或动态加载路径引用"
"Assets/Resources/PixelUIkit/Pixel UI kit/PNGs/Button Base Green.png","Resources","3071","未被正式场景、预设、构建配置或动态加载路径引用"
"Assets/Resources/PixelUIkit/Pixel UI kit/PNGs/Button Base Red.png","Resources","3044","未被正式场景、预设、构建配置或动态加载路径引用"
"Assets/Resources/PixelUIkit/Pixel UI kit/PNGs/Button Round Green.png","Resources","3196","未被正式场景、预设、构建配置或动态加载路径引用"
"Assets/Resources/PixelUIkit/Pixel UI kit/PNGs/Button Round Red.png","Resources","3163","未被正式场景、预设、构建配置或动态加载路径引用"
"Assets/Resources/PixelUIkit/Pixel UI kit/PNGs/Button Small Green.png","Resources","3011","未被正式场景、预设、构建配置或动态加载路径引用"
"Assets/Resources/PixelUIkit/Pixel UI kit/PNGs/Button Small Red.png","Resources","3022","未被正式场景、预设、构建配置或动态加载路径引用"
"Assets/Resources/PixelUIkit/Pixel UI kit/PNGs/Icons/-.png","Resources","2806","未被正式场景、预设、构建配置或动态加载路径引用"
"Assets/Resources/PixelUIkit/Pixel UI kit/PNGs/Icons/+.png","Resources","2822","未被正式场景、预设、构建配置或动态加载路径引用"
"Assets/Resources/PixelUIkit/Pixel UI kit/PNGs/Icons/Check_.png","Resources","149","未被正式场景、预设、构建配置或动态加载路径引用"
"Assets/Resources/PixelUIkit/Pixel UI kit/PNGs/Icons/Coin.png","Resources","3016","未被正式场景、预设、构建配置或动态加载路径引用"
"Assets/Resources/PixelUIkit/Pixel UI kit/PNGs/Icons/Food.png","Resources","3148","未被正式场景、预设、构建配置或动态加载路径引用"
"Assets/Resources/PixelUIkit/Pixel UI kit/PNGs/Icons/Gem.png","Resources","3078","未被正式场景、预设、构建配置或动态加载路径引用"
"Assets/Resources/PixelUIkit/Pixel UI kit/PNGs/Icons/Magic.png","Resources","3088","未被正式场景、预设、构建配置或动态加载路径引用"
"Assets/Resources/PixelUIkit/Pixel UI kit/PNGs/Icons/Water.png","Resources","2977","未被正式场景、预设、构建配置或动态加载路径引用"
"Assets/Resources/PixelUIkit/Pixel UI kit/PNGs/Icons/X.png","Resources","146","未被正式场景、预设、构建配置或动态加载路径引用"
"Assets/Resources/PixelUIkit/Pixel UI kit/PNGs/Inactive Tab.png","Resources","2881","未被正式场景、预设、构建配置或动态加载路径引用"
"Assets/Resources/PixelUIkit/Pixel UI kit/PNGs/Progress Bar Top Small.png","Resources","2888","未被正式场景、预设、构建配置或动态加载路径引用"
"Assets/Resources/PixelUIkit/Pixel UI kit/PNGs/Round Bg M.png","Resources","3005","未被正式场景、预设、构建配置或动态加载路径引用"
"Assets/Resources/PixelUIkit/Pixel UI kit/PNGs/Roung Bg S.png","Resources","2989","未被正式场景、预设、构建配置或动态加载路径引用"
"Assets/Resources/PixelUIkit/Pixel UI kit/PNGs/Scroll Button.png","Resources","2838","未被正式场景、预设、构建配置或动态加载路径引用"
"Assets/Resources/PixelUIkit/Pixel UI kit/PNGs/Scroll Line.png","Resources","2829","未被正式场景、预设、构建配置或动态加载路径引用"
"Assets/Resources/pixramen-valley-asset-pack-v2/pixramen-valley-asset-pack-v2/chest/aseprite_files/blue-chest.aseprite","Resources","3510","未被正式场景、预设、构建配置或动态加载路径引用"
"Assets/Resources/pixramen-valley-asset-pack-v2/pixramen-valley-asset-pack-v2/chest/aseprite_files/green-chest.aseprite","Resources","3510","未被正式场景、预设、构建配置或动态加载路径引用"
"Assets/Resources/pixramen-valley-asset-pack-v2/pixramen-valley-asset-pack-v2/chest/aseprite_files/red-chest.aseprite","Resources","3505","未被正式场景、预设、构建配置或动态加载路径引用"
"Assets/Resources/pixramen-valley-asset-pack-v2/pixramen-valley-asset-pack-v2/chest/gif/1x/blue-chest.gif","Resources","1061","未被正式场景、预设、构建配置或动态加载路径引用"
"Assets/Resources/pixramen-valley-asset-pack-v2/pixramen-valley-asset-pack-v2/chest/gif/1x/green-chest.gif","Resources","1061","未被正式场景、预设、构建配置或动态加载路径引用"
"Assets/Resources/pixramen-valley-asset-pack-v2/pixramen-valley-asset-pack-v2/chest/gif/1x/red-chest.gif","Resources","1060","未被正式场景、预设、构建配置或动态加载路径引用"
"Assets/Resources/pixramen-valley-asset-pack-v2/pixramen-valley-asset-pack-v2/chest/gif/2x/blue-chest.gif","Resources","1778","未被正式场景、预设、构建配置或动态加载路径引用"
"Assets/Resources/pixramen-valley-asset-pack-v2/pixramen-valley-asset-pack-v2/chest/gif/2x/green-chest.gif","Resources","1778","未被正式场景、预设、构建配置或动态加载路径引用"
"Assets/Resources/pixramen-valley-asset-pack-v2/pixramen-valley-asset-pack-v2/chest/gif/2x/red-chest.gif","Resources","1777","未被正式场景、预设、构建配置或动态加载路径引用"
"Assets/Resources/pixramen-valley-asset-pack-v2/pixramen-valley-asset-pack-v2/chest/gif/3x/blue-chest.gif","Resources","2602","未被正式场景、预设、构建配置或动态加载路径引用"
"Assets/Resources/pixramen-valley-asset-pack-v2/pixramen-valley-asset-pack-v2/chest/gif/3x/green-chest.gif","Resources","2602","未被正式场景、预设、构建配置或动态加载路径引用"
"Assets/Resources/pixramen-valley-asset-pack-v2/pixramen-valley-asset-pack-v2/chest/gif/3x/red-chest.gif","Resources","2596","未被正式场景、预设、构建配置或动态加载路径引用"
"Assets/Resources/pixramen-valley-asset-pack-v2/pixramen-valley-asset-pack-v2/chest/gif/4x/blue-chest.gif","Resources","3488","未被正式场景、预设、构建配置或动态加载路径引用"
"Assets/Resources/pixramen-valley-asset-pack-v2/pixramen-valley-asset-pack-v2/chest/gif/4x/green-chest.gif","Resources","3488","未被正式场景、预设、构建配置或动态加载路径引用"
"Assets/Resources/pixramen-valley-asset-pack-v2/pixramen-valley-asset-pack-v2/chest/gif/4x/red-chest.gif","Resources","3477","未被正式场景、预设、构建配置或动态加载路径引用"
"Assets/Resources/pixramen-valley-asset-pack-v2/pixramen-valley-asset-pack-v2/chest/gif/5x/blue-chest.gif","Resources","4343","未被正式场景、预设、构建配置或动态加载路径引用"
"Assets/Resources/pixramen-valley-asset-pack-v2/pixramen-valley-asset-pack-v2/chest/gif/5x/green-chest.gif","Resources","4343","未被正式场景、预设、构建配置或动态加载路径引用"
"Assets/Resources/pixramen-valley-asset-pack-v2/pixramen-valley-asset-pack-v2/chest/gif/5x/red-chest.gif","Resources","4332","未被正式场景、预设、构建配置或动态加载路径引用"
"Assets/Resources/pixramen-valley-asset-pack-v2/pixramen-valley-asset-pack-v2/chest/png/1x/blue-chest/blue-chest1.png","Resources","184","未被正式场景、预设、构建配置或动态加载路径引用"
"Assets/Resources/pixramen-valley-asset-pack-v2/pixramen-valley-asset-pack-v2/chest/png/1x/blue-chest/blue-chest10.png","Resources","181","未被正式场景、预设、构建配置或动态加载路径引用"
"Assets/Resources/pixramen-valley-asset-pack-v2/pixramen-valley-asset-pack-v2/chest/png/1x/blue-chest/blue-chest11.png","Resources","178","未被正式场景、预设、构建配置或动态加载路径引用"
"Assets/Resources/pixramen-valley-asset-pack-v2/pixramen-valley-asset-pack-v2/chest/png/1x/blue-chest/blue-chest2.png","Resources","181","未被正式场景、预设、构建配置或动态加载路径引用"
"Assets/Resources/pixramen-valley-asset-pack-v2/pixramen-valley-asset-pack-v2/chest/png/1x/blue-chest/blue-chest3.png","Resources","181","未被正式场景、预设、构建配置或动态加载路径引用"
"Assets/Resources/pixramen-valley-asset-pack-v2/pixramen-valley-asset-pack-v2/chest/png/1x/blue-chest/blue-chest4.png","Resources","184","未被正式场景、预设、构建配置或动态加载路径引用"
"Assets/Resources/pixramen-valley-asset-pack-v2/pixramen-valley-asset-pack-v2/chest/png/1x/blue-chest/blue-chest5.png","Resources","184","未被正式场景、预设、构建配置或动态加载路径引用"
"Assets/Resources/pixramen-valley-asset-pack-v2/pixramen-valley-asset-pack-v2/chest/png/1x/blue-chest/blue-chest6.png","Resources","186","未被正式场景、预设、构建配置或动态加载路径引用"
"Assets/Resources/pixramen-valley-asset-pack-v2/pixramen-valley-asset-pack-v2/chest/png/1x/blue-chest/blue-chest7.png","Resources","181","未被正式场景、预设、构建配置或动态加载路径引用"
"Assets/Resources/pixramen-valley-asset-pack-v2/pixramen-valley-asset-pack-v2/chest/png/1x/blue-chest/blue-chest8.png","Resources","177","未被正式场景、预设、构建配置或动态加载路径引用"
"Assets/Resources/pixramen-valley-asset-pack-v2/pixramen-valley-asset-pack-v2/chest/png/1x/blue-chest/blue-chest9.png","Resources","199","未被正式场景、预设、构建配置或动态加载路径引用"
"Assets/Resources/pixramen-valley-asset-pack-v2/pixramen-valley-asset-pack-v2/chest/png/1x/green-chest/green-chest1.png","Resources","184","未被正式场景、预设、构建配置或动态加载路径引用"
"Assets/Resources/pixramen-valley-asset-pack-v2/pixramen-valley-asset-pack-v2/chest/png/1x/green-chest/green-chest10.png","Resources","181","未被正式场景、预设、构建配置或动态加载路径引用"
"Assets/Resources/pixramen-valley-asset-pack-v2/pixramen-valley-asset-pack-v2/chest/png/1x/green-chest/green-chest11.png","Resources","178","未被正式场景、预设、构建配置或动态加载路径引用"
"Assets/Resources/pixramen-valley-asset-pack-v2/pixramen-valley-asset-pack-v2/chest/png/1x/green-chest/green-chest2.png","Resources","181","未被正式场景、预设、构建配置或动态加载路径引用"
"Assets/Resources/pixramen-valley-asset-pack-v2/pixramen-valley-asset-pack-v2/chest/png/1x/green-chest/green-chest3.png","Resources","181","未被正式场景、预设、构建配置或动态加载路径引用"
"Assets/Resources/pixramen-valley-asset-pack-v2/pixramen-valley-asset-pack-v2/chest/png/1x/green-chest/green-chest4.png","Resources","184","未被正式场景、预设、构建配置或动态加载路径引用"
"Assets/Resources/pixramen-valley-asset-pack-v2/pixramen-valley-asset-pack-v2/chest/png/1x/green-chest/green-chest5.png","Resources","184","未被正式场景、预设、构建配置或动态加载路径引用"
"Assets/Resources/pixramen-valley-asset-pack-v2/pixramen-valley-asset-pack-v2/chest/png/1x/green-chest/green-chest6.png","Resources","186","未被正式场景、预设、构建配置或动态加载路径引用"
"Assets/Resources/pixramen-valley-asset-pack-v2/pixramen-valley-asset-pack-v2/chest/png/1x/green-chest/green-chest7.png","Resources","181","未被正式场景、预设、构建配置或动态加载路径引用"
"Assets/Resources/pixramen-valley-asset-pack-v2/pixramen-valley-asset-pack-v2/chest/png/1x/green-chest/green-chest8.png","Resources","177","未被正式场景、预设、构建配置或动态加载路径引用"
"Assets/Resources/pixramen-valley-asset-pack-v2/pixramen-valley-asset-pack-v2/chest/png/1x/green-chest/green-chest9.png","Resources","199","未被正式场景、预设、构建配置或动态加载路径引用"
"Assets/Resources/pixramen-valley-asset-pack-v2/pixramen-valley-asset-pack-v2/chest/png/1x/red-chest/red-chest1.png","Resources","169","未被正式场景、预设、构建配置或动态加载路径引用"
"Assets/Resources/pixramen-valley-asset-pack-v2/pixramen-valley-asset-pack-v2/chest/png/1x/red-chest/red-chest10.png","Resources","176","未被正式场景、预设、构建配置或动态加载路径引用"
"Assets/Resources/pixramen-valley-asset-pack-v2/pixramen-valley-asset-pack-v2/chest/png/1x/red-chest/red-chest11.png","Resources","177","未被正式场景、预设、构建配置或动态加载路径引用"
"Assets/Resources/pixramen-valley-asset-pack-v2/pixramen-valley-asset-pack-v2/chest/png/1x/red-chest/red-chest2.png","Resources","183","未被正式场景、预设、构建配置或动态加载路径引用"
"Assets/Resources/pixramen-valley-asset-pack-v2/pixramen-valley-asset-pack-v2/chest/png/1x/red-chest/red-chest3.png","Resources","183","未被正式场景、预设、构建配置或动态加载路径引用"
"Assets/Resources/pixramen-valley-asset-pack-v2/pixramen-valley-asset-pack-v2/chest/png/1x/red-chest/red-chest4.png","Resources","183","未被正式场景、预设、构建配置或动态加载路径引用"
"Assets/Resources/pixramen-valley-asset-pack-v2/pixramen-valley-asset-pack-v2/chest/png/1x/red-chest/red-chest5.png","Resources","183","未被正式场景、预设、构建配置或动态加载路径引用"
"Assets/Resources/pixramen-valley-asset-pack-v2/pixramen-valley-asset-pack-v2/chest/png/1x/red-chest/red-chest6.png","Resources","181","未被正式场景、预设、构建配置或动态加载路径引用"
"Assets/Resources/pixramen-valley-asset-pack-v2/pixramen-valley-asset-pack-v2/chest/png/1x/red-chest/red-chest7.png","Resources","180","未被正式场景、预设、构建配置或动态加载路径引用"
"Assets/Resources/pixramen-valley-asset-pack-v2/pixramen-valley-asset-pack-v2/chest/png/1x/red-chest/red-chest8.png","Resources","177","未被正式场景、预设、构建配置或动态加载路径引用"
"Assets/Resources/pixramen-valley-asset-pack-v2/pixramen-valley-asset-pack-v2/chest/png/1x/red-chest/red-chest9.png","Resources","193","未被正式场景、预设、构建配置或动态加载路径引用"
"Assets/Resources/pixramen-valley-asset-pack-v2/pixramen-valley-asset-pack-v2/chest/png/2x/blue-chest/blue-chest1.png","Resources","230","未被正式场景、预设、构建配置或动态加载路径引用"
"Assets/Resources/pixramen-valley-asset-pack-v2/pixramen-valley-asset-pack-v2/chest/png/2x/blue-chest/blue-chest10.png","Resources","235","未被正式场景、预设、构建配置或动态加载路径引用"
"Assets/Resources/pixramen-valley-asset-pack-v2/pixramen-valley-asset-pack-v2/chest/png/2x/blue-chest/blue-chest11.png","Resources","239","未被正式场景、预设、构建配置或动态加载路径引用"
"Assets/Resources/pixramen-valley-asset-pack-v2/pixramen-valley-asset-pack-v2/chest/png/2x/blue-chest/blue-chest2.png","Resources","235","未被正式场景、预设、构建配置或动态加载路径引用"
"Assets/Resources/pixramen-valley-asset-pack-v2/pixramen-valley-asset-pack-v2/chest/png/2x/blue-chest/blue-chest3.png","Resources","235","未被正式场景、预设、构建配置或动态加载路径引用"
"Assets/Resources/pixramen-valley-asset-pack-v2/pixramen-valley-asset-pack-v2/chest/png/2x/blue-chest/blue-chest4.png","Resources","233","未被正式场景、预设、构建配置或动态加载路径引用"
"Assets/Resources/pixramen-valley-asset-pack-v2/pixramen-valley-asset-pack-v2/chest/png/2x/blue-chest/blue-chest5.png","Resources","233","未被正式场景、预设、构建配置或动态加载路径引用"
"Assets/Resources/pixramen-valley-asset-pack-v2/pixramen-valley-asset-pack-v2/chest/png/2x/blue-chest/blue-chest6.png","Resources","233","未被正式场景、预设、构建配置或动态加载路径引用"
"Assets/Resources/pixramen-valley-asset-pack-v2/pixramen-valley-asset-pack-v2/chest/png/2x/blue-chest/blue-chest7.png","Resources","232","未被正式场景、预设、构建配置或动态加载路径引用"
"Assets/Resources/pixramen-valley-asset-pack-v2/pixramen-valley-asset-pack-v2/chest/png/2x/blue-chest/blue-chest8.png","Resources","224","未被正式场景、预设、构建配置或动态加载路径引用"
"Assets/Resources/pixramen-valley-asset-pack-v2/pixramen-valley-asset-pack-v2/chest/png/2x/blue-chest/blue-chest9.png","Resources","251","未被正式场景、预设、构建配置或动态加载路径引用"
"Assets/Resources/pixramen-valley-asset-pack-v2/pixramen-valley-asset-pack-v2/chest/png/2x/green-chest/green-chest1.png","Resources","231","未被正式场景、预设、构建配置或动态加载路径引用"
"Assets/Resources/pixramen-valley-asset-pack-v2/pixramen-valley-asset-pack-v2/chest/png/2x/green-chest/green-chest10.png","Resources","235","未被正式场景、预设、构建配置或动态加载路径引用"
"Assets/Resources/pixramen-valley-asset-pack-v2/pixramen-valley-asset-pack-v2/chest/png/2x/green-chest/green-chest11.png","Resources","239","未被正式场景、预设、构建配置或动态加载路径引用"
"Assets/Resources/pixramen-valley-asset-pack-v2/pixramen-valley-asset-pack-v2/chest/png/2x/green-chest/green-chest2.png","Resources","235","未被正式场景、预设、构建配置或动态加载路径引用"
"Assets/Resources/pixramen-valley-asset-pack-v2/pixramen-valley-asset-pack-v2/chest/png/2x/green-chest/green-chest3.png","Resources","235","未被正式场景、预设、构建配置或动态加载路径引用"
"Assets/Resources/pixramen-valley-asset-pack-v2/pixramen-valley-asset-pack-v2/chest/png/2x/green-chest/green-chest4.png","Resources","233","未被正式场景、预设、构建配置或动态加载路径引用"
"Assets/Resources/pixramen-valley-asset-pack-v2/pixramen-valley-asset-pack-v2/chest/png/2x/green-chest/green-chest5.png","Resources","233","未被正式场景、预设、构建配置或动态加载路径引用"
"Assets/Resources/pixramen-valley-asset-pack-v2/pixramen-valley-asset-pack-v2/chest/png/2x/green-chest/green-chest6.png","Resources","233","未被正式场景、预设、构建配置或动态加载路径引用"
"Assets/Resources/pixramen-valley-asset-pack-v2/pixramen-valley-asset-pack-v2/chest/png/2x/green-chest/green-chest7.png","Resources","232","未被正式场景、预设、构建配置或动态加载路径引用"
"Assets/Resources/pixramen-valley-asset-pack-v2/pixramen-valley-asset-pack-v2/chest/png/2x/green-chest/green-chest8.png","Resources","224","未被正式场景、预设、构建配置或动态加载路径引用"
"Assets/Resources/pixramen-valley-asset-pack-v2/pixramen-valley-asset-pack-v2/chest/png/2x/green-chest/green-chest9.png","Resources","251","未被正式场景、预设、构建配置或动态加载路径引用"
"Assets/Resources/pixramen-valley-asset-pack-v2/pixramen-valley-asset-pack-v2/chest/png/2x/red-chest/red-chest1.png","Resources","212","未被正式场景、预设、构建配置或动态加载路径引用"
"Assets/Resources/pixramen-valley-asset-pack-v2/pixramen-valley-asset-pack-v2/chest/png/2x/red-chest/red-chest10.png","Resources","228","未被正式场景、预设、构建配置或动态加载路径引用"
"Assets/Resources/pixramen-valley-asset-pack-v2/pixramen-valley-asset-pack-v2/chest/png/2x/red-chest/red-chest11.png","Resources","231","未被正式场景、预设、构建配置或动态加载路径引用"
"Assets/Resources/pixramen-valley-asset-pack-v2/pixramen-valley-asset-pack-v2/chest/png/2x/red-chest/red-chest2.png","Resources","230","未被正式场景、预设、构建配置或动态加载路径引用"
"Assets/Resources/pixramen-valley-asset-pack-v2/pixramen-valley-asset-pack-v2/chest/png/2x/red-chest/red-chest3.png","Resources","228","未被正式场景、预设、构建配置或动态加载路径引用"
"Assets/Resources/pixramen-valley-asset-pack-v2/pixramen-valley-asset-pack-v2/chest/png/2x/red-chest/red-chest4.png","Resources","224","未被正式场景、预设、构建配置或动态加载路径引用"
"Assets/Resources/pixramen-valley-asset-pack-v2/pixramen-valley-asset-pack-v2/chest/png/2x/red-chest/red-chest5.png","Resources","224","未被正式场景、预设、构建配置或动态加载路径引用"
"Assets/Resources/pixramen-valley-asset-pack-v2/pixramen-valley-asset-pack-v2/chest/png/2x/red-chest/red-chest6.png","Resources","233","未被正式场景、预设、构建配置或动态加载路径引用"
"Assets/Resources/pixramen-valley-asset-pack-v2/pixramen-valley-asset-pack-v2/chest/png/2x/red-chest/red-chest7.png","Resources","231","未被正式场景、预设、构建配置或动态加载路径引用"
"Assets/Resources/pixramen-valley-asset-pack-v2/pixramen-valley-asset-pack-v2/chest/png/2x/red-chest/red-chest8.png","Resources","215","未被正式场景、预设、构建配置或动态加载路径引用"
"Assets/Resources/pixramen-valley-asset-pack-v2/pixramen-valley-asset-pack-v2/chest/png/2x/red-chest/red-chest9.png","Resources","241","未被正式场景、预设、构建配置或动态加载路径引用"
"Assets/Resources/pixramen-valley-asset-pack-v2/pixramen-valley-asset-pack-v2/chest/png/3x/blue-chest/blue-chest1.png","Resources","271","未被正式场景、预设、构建配置或动态加载路径引用"
"Assets/Resources/pixramen-valley-asset-pack-v2/pixramen-valley-asset-pack-v2/chest/png/3x/blue-chest/blue-chest10.png","Resources","263","未被正式场景、预设、构建配置或动态加载路径引用"
"Assets/Resources/pixramen-valley-asset-pack-v2/pixramen-valley-asset-pack-v2/chest/png/3x/blue-chest/blue-chest11.png","Resources","268","未被正式场景、预设、构建配置或动态加载路径引用"
"Assets/Resources/pixramen-valley-asset-pack-v2/pixramen-valley-asset-pack-v2/chest/png/3x/blue-chest/blue-chest2.png","Resources","277","未被正式场景、预设、构建配置或动态加载路径引用"
"Assets/Resources/pixramen-valley-asset-pack-v2/pixramen-valley-asset-pack-v2/chest/png/3x/blue-chest/blue-chest3.png","Resources","273","未被正式场景、预设、构建配置或动态加载路径引用"
"Assets/Resources/pixramen-valley-asset-pack-v2/pixramen-valley-asset-pack-v2/chest/png/3x/blue-chest/blue-chest4.png","Resources","270","未被正式场景、预设、构建配置或动态加载路径引用"
"Assets/Resources/pixramen-valley-asset-pack-v2/pixramen-valley-asset-pack-v2/chest/png/3x/blue-chest/blue-chest5.png","Resources","270","未被正式场景、预设、构建配置或动态加载路径引用"
"Assets/Resources/pixramen-valley-asset-pack-v2/pixramen-valley-asset-pack-v2/chest/png/3x/blue-chest/blue-chest6.png","Resources","277","未被正式场景、预设、构建配置或动态加载路径引用"
"Assets/Resources/pixramen-valley-asset-pack-v2/pixramen-valley-asset-pack-v2/chest/png/3x/blue-chest/blue-chest7.png","Resources","275","未被正式场景、预设、构建配置或动态加载路径引用"
"Assets/Resources/pixramen-valley-asset-pack-v2/pixramen-valley-asset-pack-v2/chest/png/3x/blue-chest/blue-chest8.png","Resources","261","未被正式场景、预设、构建配置或动态加载路径引用"
"Assets/Resources/pixramen-valley-asset-pack-v2/pixramen-valley-asset-pack-v2/chest/png/3x/blue-chest/blue-chest9.png","Resources","289","未被正式场景、预设、构建配置或动态加载路径引用"
"Assets/Resources/pixramen-valley-asset-pack-v2/pixramen-valley-asset-pack-v2/chest/png/3x/green-chest/green-chest1.png","Resources","269","未被正式场景、预设、构建配置或动态加载路径引用"
"Assets/Resources/pixramen-valley-asset-pack-v2/pixramen-valley-asset-pack-v2/chest/png/3x/green-chest/green-chest10.png","Resources","263","未被正式场景、预设、构建配置或动态加载路径引用"
"Assets/Resources/pixramen-valley-asset-pack-v2/pixramen-valley-asset-pack-v2/chest/png/3x/green-chest/green-chest11.png","Resources","268","未被正式场景、预设、构建配置或动态加载路径引用"
"Assets/Resources/pixramen-valley-asset-pack-v2/pixramen-valley-asset-pack-v2/chest/png/3x/green-chest/green-chest2.png","Resources","276","未被正式场景、预设、构建配置或动态加载路径引用"
"Assets/Resources/pixramen-valley-asset-pack-v2/pixramen-valley-asset-pack-v2/chest/png/3x/green-chest/green-chest3.png","Resources","275","未被正式场景、预设、构建配置或动态加载路径引用"
"Assets/Resources/pixramen-valley-asset-pack-v2/pixramen-valley-asset-pack-v2/chest/png/3x/green-chest/green-chest4.png","Resources","270","未被正式场景、预设、构建配置或动态加载路径引用"
"Assets/Resources/pixramen-valley-asset-pack-v2/pixramen-valley-asset-pack-v2/chest/png/3x/green-chest/green-chest5.png","Resources","270","未被正式场景、预设、构建配置或动态加载路径引用"
"Assets/Resources/pixramen-valley-asset-pack-v2/pixramen-valley-asset-pack-v2/chest/png/3x/green-chest/green-chest6.png","Resources","277","未被正式场景、预设、构建配置或动态加载路径引用"
"Assets/Resources/pixramen-valley-asset-pack-v2/pixramen-valley-asset-pack-v2/chest/png/3x/green-chest/green-chest7.png","Resources","275","未被正式场景、预设、构建配置或动态加载路径引用"
"Assets/Resources/pixramen-valley-asset-pack-v2/pixramen-valley-asset-pack-v2/chest/png/3x/green-chest/green-chest8.png","Resources","261","未被正式场景、预设、构建配置或动态加载路径引用"
"Assets/Resources/pixramen-valley-asset-pack-v2/pixramen-valley-asset-pack-v2/chest/png/3x/green-chest/green-chest9.png","Resources","287","未被正式场景、预设、构建配置或动态加载路径引用"
"Assets/Resources/pixramen-valley-asset-pack-v2/pixramen-valley-asset-pack-v2/chest/png/3x/red-chest/red-chest1.png","Resources","251","未被正式场景、预设、构建配置或动态加载路径引用"
"Assets/Resources/pixramen-valley-asset-pack-v2/pixramen-valley-asset-pack-v2/chest/png/3x/red-chest/red-chest10.png","Resources","256","未被正式场景、预设、构建配置或动态加载路径引用"
"Assets/Resources/pixramen-valley-asset-pack-v2/pixramen-valley-asset-pack-v2/chest/png/3x/red-chest/red-chest11.png","Resources","263","未被正式场景、预设、构建配置或动态加载路径引用"
"Assets/Resources/pixramen-valley-asset-pack-v2/pixramen-valley-asset-pack-v2/chest/png/3x/red-chest/red-chest2.png","Resources","270","未被正式场景、预设、构建配置或动态加载路径引用"
"Assets/Resources/pixramen-valley-asset-pack-v2/pixramen-valley-asset-pack-v2/chest/png/3x/red-chest/red-chest3.png","Resources","268","未被正式场景、预设、构建配置或动态加载路径引用"
"Assets/Resources/pixramen-valley-asset-pack-v2/pixramen-valley-asset-pack-v2/chest/png/3x/red-chest/red-chest4.png","Resources","264","未被正式场景、预设、构建配置或动态加载路径引用"
"Assets/Resources/pixramen-valley-asset-pack-v2/pixramen-valley-asset-pack-v2/chest/png/3x/red-chest/red-chest5.png","Resources","264","未被正式场景、预设、构建配置或动态加载路径引用"
"Assets/Resources/pixramen-valley-asset-pack-v2/pixramen-valley-asset-pack-v2/chest/png/3x/red-chest/red-chest6.png","Resources","271","未被正式场景、预设、构建配置或动态加载路径引用"
"Assets/Resources/pixramen-valley-asset-pack-v2/pixramen-valley-asset-pack-v2/chest/png/3x/red-chest/red-chest7.png","Resources","270","未被正式场景、预设、构建配置或动态加载路径引用"
"Assets/Resources/pixramen-valley-asset-pack-v2/pixramen-valley-asset-pack-v2/chest/png/3x/red-chest/red-chest8.png","Resources","255","未被正式场景、预设、构建配置或动态加载路径引用"
"Assets/Resources/pixramen-valley-asset-pack-v2/pixramen-valley-asset-pack-v2/chest/png/3x/red-chest/red-chest9.png","Resources","279","未被正式场景、预设、构建配置或动态加载路径引用"
"Assets/Resources/pixramen-valley-asset-pack-v2/pixramen-valley-asset-pack-v2/chest/png/4x/blue-chest/blue-chest1.png","Resources","331","未被正式场景、预设、构建配置或动态加载路径引用"
"Assets/Resources/pixramen-valley-asset-pack-v2/pixramen-valley-asset-pack-v2/chest/png/4x/blue-chest/blue-chest10.png","Resources","329","未被正式场景、预设、构建配置或动态加载路径引用"
"Assets/Resources/pixramen-valley-asset-pack-v2/pixramen-valley-asset-pack-v2/chest/png/4x/blue-chest/blue-chest11.png","Resources","330","未被正式场景、预设、构建配置或动态加载路径引用"
"Assets/Resources/pixramen-valley-asset-pack-v2/pixramen-valley-asset-pack-v2/chest/png/4x/blue-chest/blue-chest2.png","Resources","336","未被正式场景、预设、构建配置或动态加载路径引用"
"Assets/Resources/pixramen-valley-asset-pack-v2/pixramen-valley-asset-pack-v2/chest/png/4x/blue-chest/blue-chest3.png","Resources","333","未被正式场景、预设、构建配置或动态加载路径引用"
"Assets/Resources/pixramen-valley-asset-pack-v2/pixramen-valley-asset-pack-v2/chest/png/4x/blue-chest/blue-chest4.png","Resources","332","未被正式场景、预设、构建配置或动态加载路径引用"
"Assets/Resources/pixramen-valley-asset-pack-v2/pixramen-valley-asset-pack-v2/chest/png/4x/blue-chest/blue-chest5.png","Resources","332","未被正式场景、预设、构建配置或动态加载路径引用"
"Assets/Resources/pixramen-valley-asset-pack-v2/pixramen-valley-asset-pack-v2/chest/png/4x/blue-chest/blue-chest6.png","Resources","336","未被正式场景、预设、构建配置或动态加载路径引用"
"Assets/Resources/pixramen-valley-asset-pack-v2/pixramen-valley-asset-pack-v2/chest/png/4x/blue-chest/blue-chest7.png","Resources","334","未被正式场景、预设、构建配置或动态加载路径引用"
"Assets/Resources/pixramen-valley-asset-pack-v2/pixramen-valley-asset-pack-v2/chest/png/4x/blue-chest/blue-chest8.png","Resources","322","未被正式场景、预设、构建配置或动态加载路径引用"
"Assets/Resources/pixramen-valley-asset-pack-v2/pixramen-valley-asset-pack-v2/chest/png/4x/blue-chest/blue-chest9.png","Resources","352","未被正式场景、预设、构建配置或动态加载路径引用"
"Assets/Resources/pixramen-valley-asset-pack-v2/pixramen-valley-asset-pack-v2/chest/png/4x/green-chest/green-chest1.png","Resources","330","未被正式场景、预设、构建配置或动态加载路径引用"
"Assets/Resources/pixramen-valley-asset-pack-v2/pixramen-valley-asset-pack-v2/chest/png/4x/green-chest/green-chest10.png","Resources","329","未被正式场景、预设、构建配置或动态加载路径引用"
"Assets/Resources/pixramen-valley-asset-pack-v2/pixramen-valley-asset-pack-v2/chest/png/4x/green-chest/green-chest11.png","Resources","330","未被正式场景、预设、构建配置或动态加载路径引用"
"Assets/Resources/pixramen-valley-asset-pack-v2/pixramen-valley-asset-pack-v2/chest/png/4x/green-chest/green-chest2.png","Resources","336","未被正式场景、预设、构建配置或动态加载路径引用"
"Assets/Resources/pixramen-valley-asset-pack-v2/pixramen-valley-asset-pack-v2/chest/png/4x/green-chest/green-chest3.png","Resources","335","未被正式场景、预设、构建配置或动态加载路径引用"
"Assets/Resources/pixramen-valley-asset-pack-v2/pixramen-valley-asset-pack-v2/chest/png/4x/green-chest/green-chest4.png","Resources","332","未被正式场景、预设、构建配置或动态加载路径引用"
"Assets/Resources/pixramen-valley-asset-pack-v2/pixramen-valley-asset-pack-v2/chest/png/4x/green-chest/green-chest5.png","Resources","332","未被正式场景、预设、构建配置或动态加载路径引用"
"Assets/Resources/pixramen-valley-asset-pack-v2/pixramen-valley-asset-pack-v2/chest/png/4x/green-chest/green-chest6.png","Resources","336","未被正式场景、预设、构建配置或动态加载路径引用"
"Assets/Resources/pixramen-valley-asset-pack-v2/pixramen-valley-asset-pack-v2/chest/png/4x/green-chest/green-chest7.png","Resources","334","未被正式场景、预设、构建配置或动态加载路径引用"
"Assets/Resources/pixramen-valley-asset-pack-v2/pixramen-valley-asset-pack-v2/chest/png/4x/green-chest/green-chest8.png","Resources","322","未被正式场景、预设、构建配置或动态加载路径引用"
"Assets/Resources/pixramen-valley-asset-pack-v2/pixramen-valley-asset-pack-v2/chest/png/4x/green-chest/green-chest9.png","Resources","350","未被正式场景、预设、构建配置或动态加载路径引用"
"Assets/Resources/pixramen-valley-asset-pack-v2/pixramen-valley-asset-pack-v2/chest/png/4x/red-chest/red-chest1.png","Resources","307","未被正式场景、预设、构建配置或动态加载路径引用"
"Assets/Resources/pixramen-valley-asset-pack-v2/pixramen-valley-asset-pack-v2/chest/png/4x/red-chest/red-chest10.png","Resources","322","未被正式场景、预设、构建配置或动态加载路径引用"
"Assets/Resources/pixramen-valley-asset-pack-v2/pixramen-valley-asset-pack-v2/chest/png/4x/red-chest/red-chest11.png","Resources","323","未被正式场景、预设、构建配置或动态加载路径引用"
"Assets/Resources/pixramen-valley-asset-pack-v2/pixramen-valley-asset-pack-v2/chest/png/4x/red-chest/red-chest2.png","Resources","328","未被正式场景、预设、构建配置或动态加载路径引用"
"Assets/Resources/pixramen-valley-asset-pack-v2/pixramen-valley-asset-pack-v2/chest/png/4x/red-chest/red-chest3.png","Resources","327","未被正式场景、预设、构建配置或动态加载路径引用"
"Assets/Resources/pixramen-valley-asset-pack-v2/pixramen-valley-asset-pack-v2/chest/png/4x/red-chest/red-chest4.png","Resources","323","未被正式场景、预设、构建配置或动态加载路径引用"
"Assets/Resources/pixramen-valley-asset-pack-v2/pixramen-valley-asset-pack-v2/chest/png/4x/red-chest/red-chest5.png","Resources","323","未被正式场景、预设、构建配置或动态加载路径引用"
"Assets/Resources/pixramen-valley-asset-pack-v2/pixramen-valley-asset-pack-v2/chest/png/4x/red-chest/red-chest6.png","Resources","326","未被正式场景、预设、构建配置或动态加载路径引用"
"Assets/Resources/pixramen-valley-asset-pack-v2/pixramen-valley-asset-pack-v2/chest/png/4x/red-chest/red-chest7.png","Resources","326","未被正式场景、预设、构建配置或动态加载路径引用"
"Assets/Resources/pixramen-valley-asset-pack-v2/pixramen-valley-asset-pack-v2/chest/png/4x/red-chest/red-chest8.png","Resources","313","未被正式场景、预设、构建配置或动态加载路径引用"
"Assets/Resources/pixramen-valley-asset-pack-v2/pixramen-valley-asset-pack-v2/chest/png/4x/red-chest/red-chest9.png","Resources","340","未被正式场景、预设、构建配置或动态加载路径引用"
"Assets/Resources/pixramen-valley-asset-pack-v2/pixramen-valley-asset-pack-v2/chest/png/5x/blue-chest/blue-chest1.png","Resources","370","未被正式场景、预设、构建配置或动态加载路径引用"
"Assets/Resources/pixramen-valley-asset-pack-v2/pixramen-valley-asset-pack-v2/chest/png/5x/blue-chest/blue-chest10.png","Resources","367","未被正式场景、预设、构建配置或动态加载路径引用"
"Assets/Resources/pixramen-valley-asset-pack-v2/pixramen-valley-asset-pack-v2/chest/png/5x/blue-chest/blue-chest11.png","Resources","371","未被正式场景、预设、构建配置或动态加载路径引用"
"Assets/Resources/pixramen-valley-asset-pack-v2/pixramen-valley-asset-pack-v2/chest/png/5x/blue-chest/blue-chest2.png","Resources","376","未被正式场景、预设、构建配置或动态加载路径引用"
"Assets/Resources/pixramen-valley-asset-pack-v2/pixramen-valley-asset-pack-v2/chest/png/5x/blue-chest/blue-chest3.png","Resources","372","未被正式场景、预设、构建配置或动态加载路径引用"
"Assets/Resources/pixramen-valley-asset-pack-v2/pixramen-valley-asset-pack-v2/chest/png/5x/blue-chest/blue-chest4.png","Resources","371","未被正式场景、预设、构建配置或动态加载路径引用"
"Assets/Resources/pixramen-valley-asset-pack-v2/pixramen-valley-asset-pack-v2/chest/png/5x/blue-chest/blue-chest5.png","Resources","371","未被正式场景、预设、构建配置或动态加载路径引用"
"Assets/Resources/pixramen-valley-asset-pack-v2/pixramen-valley-asset-pack-v2/chest/png/5x/blue-chest/blue-chest6.png","Resources","377","未被正式场景、预设、构建配置或动态加载路径引用"
"Assets/Resources/pixramen-valley-asset-pack-v2/pixramen-valley-asset-pack-v2/chest/png/5x/blue-chest/blue-chest7.png","Resources","374","未被正式场景、预设、构建配置或动态加载路径引用"
"Assets/Resources/pixramen-valley-asset-pack-v2/pixramen-valley-asset-pack-v2/chest/png/5x/blue-chest/blue-chest8.png","Resources","362","未被正式场景、预设、构建配置或动态加载路径引用"
"Assets/Resources/pixramen-valley-asset-pack-v2/pixramen-valley-asset-pack-v2/chest/png/5x/blue-chest/blue-chest9.png","Resources","388","未被正式场景、预设、构建配置或动态加载路径引用"
"Assets/Resources/pixramen-valley-asset-pack-v2/pixramen-valley-asset-pack-v2/chest/png/5x/green-chest/green-chest1.png","Resources","370","未被正式场景、预设、构建配置或动态加载路径引用"
"Assets/Resources/pixramen-valley-asset-pack-v2/pixramen-valley-asset-pack-v2/chest/png/5x/green-chest/green-chest10.png","Resources","367","未被正式场景、预设、构建配置或动态加载路径引用"
"Assets/Resources/pixramen-valley-asset-pack-v2/pixramen-valley-asset-pack-v2/chest/png/5x/green-chest/green-chest11.png","Resources","371","未被正式场景、预设、构建配置或动态加载路径引用"
"Assets/Resources/pixramen-valley-asset-pack-v2/pixramen-valley-asset-pack-v2/chest/png/5x/green-chest/green-chest2.png","Resources","375","未被正式场景、预设、构建配置或动态加载路径引用"
"Assets/Resources/pixramen-valley-asset-pack-v2/pixramen-valley-asset-pack-v2/chest/png/5x/green-chest/green-chest3.png","Resources","374","未被正式场景、预设、构建配置或动态加载路径引用"
"Assets/Resources/pixramen-valley-asset-pack-v2/pixramen-valley-asset-pack-v2/chest/png/5x/green-chest/green-chest4.png","Resources","371","未被正式场景、预设、构建配置或动态加载路径引用"
"Assets/Resources/pixramen-valley-asset-pack-v2/pixramen-valley-asset-pack-v2/chest/png/5x/green-chest/green-chest5.png","Resources","371","未被正式场景、预设、构建配置或动态加载路径引用"
"Assets/Resources/pixramen-valley-asset-pack-v2/pixramen-valley-asset-pack-v2/chest/png/5x/green-chest/green-chest6.png","Resources","377","未被正式场景、预设、构建配置或动态加载路径引用"
"Assets/Resources/pixramen-valley-asset-pack-v2/pixramen-valley-asset-pack-v2/chest/png/5x/green-chest/green-chest7.png","Resources","374","未被正式场景、预设、构建配置或动态加载路径引用"
"Assets/Resources/pixramen-valley-asset-pack-v2/pixramen-valley-asset-pack-v2/chest/png/5x/green-chest/green-chest8.png","Resources","362","未被正式场景、预设、构建配置或动态加载路径引用"
"Assets/Resources/pixramen-valley-asset-pack-v2/pixramen-valley-asset-pack-v2/chest/png/5x/green-chest/green-chest9.png","Resources","390","未被正式场景、预设、构建配置或动态加载路径引用"
"Assets/Resources/pixramen-valley-asset-pack-v2/pixramen-valley-asset-pack-v2/chest/png/5x/red-chest/red-chest1.png","Resources","349","未被正式场景、预设、构建配置或动态加载路径引用"
"Assets/Resources/pixramen-valley-asset-pack-v2/pixramen-valley-asset-pack-v2/chest/png/5x/red-chest/red-chest10.png","Resources","360","未被正式场景、预设、构建配置或动态加载路径引用"
"Assets/Resources/pixramen-valley-asset-pack-v2/pixramen-valley-asset-pack-v2/chest/png/5x/red-chest/red-chest11.png","Resources","364","未被正式场景、预设、构建配置或动态加载路径引用"
"Assets/Resources/pixramen-valley-asset-pack-v2/pixramen-valley-asset-pack-v2/chest/png/5x/red-chest/red-chest2.png","Resources","369","未被正式场景、预设、构建配置或动态加载路径引用"
"Assets/Resources/pixramen-valley-asset-pack-v2/pixramen-valley-asset-pack-v2/chest/png/5x/red-chest/red-chest3.png","Resources","369","未被正式场景、预设、构建配置或动态加载路径引用"
"Assets/Resources/pixramen-valley-asset-pack-v2/pixramen-valley-asset-pack-v2/chest/png/5x/red-chest/red-chest4.png","Resources","365","未被正式场景、预设、构建配置或动态加载路径引用"
"Assets/Resources/pixramen-valley-asset-pack-v2/pixramen-valley-asset-pack-v2/chest/png/5x/red-chest/red-chest5.png","Resources","365","未被正式场景、预设、构建配置或动态加载路径引用"
"Assets/Resources/pixramen-valley-asset-pack-v2/pixramen-valley-asset-pack-v2/chest/png/5x/red-chest/red-chest6.png","Resources","371","未被正式场景、预设、构建配置或动态加载路径引用"
"Assets/Resources/pixramen-valley-asset-pack-v2/pixramen-valley-asset-pack-v2/chest/png/5x/red-chest/red-chest7.png","Resources","369","未被正式场景、预设、构建配置或动态加载路径引用"
"Assets/Resources/pixramen-valley-asset-pack-v2/pixramen-valley-asset-pack-v2/chest/png/5x/red-chest/red-chest8.png","Resources","357","未被正式场景、预设、构建配置或动态加载路径引用"
"Assets/Resources/pixramen-valley-asset-pack-v2/pixramen-valley-asset-pack-v2/chest/png/5x/red-chest/red-chest9.png","Resources","381","未被正式场景、预设、构建配置或动态加载路径引用"
"Assets/Resources/pixramen-valley-asset-pack-v2/pixramen-valley-asset-pack-v2/chest/spritesheets/1x/blue-chest.png","Resources","409","未被正式场景、预设、构建配置或动态加载路径引用"
"Assets/Resources/pixramen-valley-asset-pack-v2/pixramen-valley-asset-pack-v2/chest/spritesheets/1x/green-chest.png","Resources","408","未被正式场景、预设、构建配置或动态加载路径引用"
"Assets/Resources/pixramen-valley-asset-pack-v2/pixramen-valley-asset-pack-v2/chest/spritesheets/1x/red-chest.png","Resources","432","未被正式场景、预设、构建配置或动态加载路径引用"
"Assets/Resources/pixramen-valley-asset-pack-v2/pixramen-valley-asset-pack-v2/chest/spritesheets/2x/blue-chest.png","Resources","558","未被正式场景、预设、构建配置或动态加载路径引用"
"Assets/Resources/pixramen-valley-asset-pack-v2/pixramen-valley-asset-pack-v2/chest/spritesheets/2x/green-chest.png","Resources","555","未被正式场景、预设、构建配置或动态加载路径引用"
"Assets/Resources/pixramen-valley-asset-pack-v2/pixramen-valley-asset-pack-v2/chest/spritesheets/2x/red-chest.png","Resources","574","未被正式场景、预设、构建配置或动态加载路径引用"
"Assets/Resources/pixramen-valley-asset-pack-v2/pixramen-valley-asset-pack-v2/chest/spritesheets/3x/blue-chest.png","Resources","689","未被正式场景、预设、构建配置或动态加载路径引用"
"Assets/Resources/pixramen-valley-asset-pack-v2/pixramen-valley-asset-pack-v2/chest/spritesheets/3x/green-chest.png","Resources","682","未被正式场景、预设、构建配置或动态加载路径引用"
"Assets/Resources/pixramen-valley-asset-pack-v2/pixramen-valley-asset-pack-v2/chest/spritesheets/3x/red-chest.png","Resources","702","未被正式场景、预设、构建配置或动态加载路径引用"
"Assets/Resources/pixramen-valley-asset-pack-v2/pixramen-valley-asset-pack-v2/chest/spritesheets/4x/blue-chest.png","Resources","892","未被正式场景、预设、构建配置或动态加载路径引用"
"Assets/Resources/pixramen-valley-asset-pack-v2/pixramen-valley-asset-pack-v2/chest/spritesheets/4x/green-chest.png","Resources","887","未被正式场景、预设、构建配置或动态加载路径引用"
"Assets/Resources/pixramen-valley-asset-pack-v2/pixramen-valley-asset-pack-v2/chest/spritesheets/4x/red-chest.png","Resources","900","未被正式场景、预设、构建配置或动态加载路径引用"
"Assets/Resources/pixramen-valley-asset-pack-v2/pixramen-valley-asset-pack-v2/chest/spritesheets/5x/blue-chest.png","Resources","1061","未被正式场景、预设、构建配置或动态加载路径引用"
"Assets/Resources/pixramen-valley-asset-pack-v2/pixramen-valley-asset-pack-v2/chest/spritesheets/5x/green-chest.png","Resources","1061","未被正式场景、预设、构建配置或动态加载路径引用"
"Assets/Resources/pixramen-valley-asset-pack-v2/pixramen-valley-asset-pack-v2/chest/spritesheets/5x/red-chest.png","Resources","1084","未被正式场景、预设、构建配置或动态加载路径引用"
"Assets/Resources/pixramen-valley-asset-pack-v2/pixramen-valley-asset-pack-v2/dark-knight/aseprite_files/dark-knight-air-combo-a.aseprite","Resources","3512","未被正式场景、预设、构建配置或动态加载路径引用"
"Assets/Resources/pixramen-valley-asset-pack-v2/pixramen-valley-asset-pack-v2/dark-knight/aseprite_files/dark-knight-air-combo-b.aseprite","Resources","3334","未被正式场景、预设、构建配置或动态加载路径引用"
"Assets/Resources/pixramen-valley-asset-pack-v2/pixramen-valley-asset-pack-v2/dark-knight/aseprite_files/dark-knight-air-combo-c.aseprite","Resources","3145","未被正式场景、预设、构建配置或动态加载路径引用"
"Assets/Resources/pixramen-valley-asset-pack-v2/pixramen-valley-asset-pack-v2/dark-knight/aseprite_files/dark-knight-blocking.aseprite","Resources","1330","未被正式场景、预设、构建配置或动态加载路径引用"
"Assets/Resources/pixramen-valley-asset-pack-v2/pixramen-valley-asset-pack-v2/dark-knight/aseprite_files/dark-knight-climb.aseprite","Resources","1685","未被正式场景、预设、构建配置或动态加载路径引用"
"Assets/Resources/pixramen-valley-asset-pack-v2/pixramen-valley-asset-pack-v2/dark-knight/aseprite_files/dark-knight-dash.aseprite","Resources","2219","未被正式场景、预设、构建配置或动态加载路径引用"
"Assets/Resources/pixramen-valley-asset-pack-v2/pixramen-valley-asset-pack-v2/dark-knight/aseprite_files/dark-knight-dead-falling.aseprite","Resources","1084","未被正式场景、预设、构建配置或动态加载路径引用"
"Assets/Resources/pixramen-valley-asset-pack-v2/pixramen-valley-asset-pack-v2/dark-knight/aseprite_files/dark-knight-dead-ground.aseprite","Resources","1757","未被正式场景、预设、构建配置或动态加载路径引用"
"Assets/Resources/pixramen-valley-asset-pack-v2/pixramen-valley-asset-pack-v2/dark-knight/aseprite_files/dark-knight-drink-blue-potion.aseprite","Resources","5131","未被正式场景、预设、构建配置或动态加载路径引用"
"Assets/Resources/pixramen-valley-asset-pack-v2/pixramen-valley-asset-pack-v2/dark-knight/aseprite_files/dark-knight-drink-green-potion.aseprite","Resources","5108","未被正式场景、预设、构建配置或动态加载路径引用"
"Assets/Resources/pixramen-valley-asset-pack-v2/pixramen-valley-asset-pack-v2/dark-knight/aseprite_files/dark-knight-drink-red-potion.aseprite","Resources","5104","未被正式场景、预设、构建配置或动态加载路径引用"
"Assets/Resources/pixramen-valley-asset-pack-v2/pixramen-valley-asset-pack-v2/dark-knight/aseprite_files/dark-knight-falling.aseprite","Resources","1933","未被正式场景、预设、构建配置或动态加载路径引用"
"Assets/Resources/pixramen-valley-asset-pack-v2/pixramen-valley-asset-pack-v2/dark-knight/aseprite_files/dark-knight-fall-recovery.aseprite","Resources","1209","未被正式场景、预设、构建配置或动态加载路径引用"
"Assets/Resources/pixramen-valley-asset-pack-v2/pixramen-valley-asset-pack-v2/dark-knight/aseprite_files/dark-knight-heavy-combo-a.aseprite","Resources","6617","未被正式场景、预设、构建配置或动态加载路径引用"
"Assets/Resources/pixramen-valley-asset-pack-v2/pixramen-valley-asset-pack-v2/dark-knight/aseprite_files/dark-knight-heavy-combo-a-effect.aseprite","Resources","1524","未被正式场景、预设、构建配置或动态加载路径引用"
"Assets/Resources/pixramen-valley-asset-pack-v2/pixramen-valley-asset-pack-v2/dark-knight/aseprite_files/dark-knight-heavy-combo-b.aseprite","Resources","5801","未被正式场景、预设、构建配置或动态加载路径引用"
"Assets/Resources/pixramen-valley-asset-pack-v2/pixramen-valley-asset-pack-v2/dark-knight/aseprite_files/dark-knight-heavy-combo-b-effect.aseprite","Resources","1345","未被正式场景、预设、构建配置或动态加载路径引用"
"Assets/Resources/pixramen-valley-asset-pack-v2/pixramen-valley-asset-pack-v2/dark-knight/aseprite_files/dark-knight-heavy-combo-c.aseprite","Resources","7933","未被正式场景、预设、构建配置或动态加载路径引用"
"Assets/Resources/pixramen-valley-asset-pack-v2/pixramen-valley-asset-pack-v2/dark-knight/aseprite_files/dark-knight-heavy-combo-c-effect.aseprite","Resources","2479","未被正式场景、预设、构建配置或动态加载路径引用"
"Assets/Resources/pixramen-valley-asset-pack-v2/pixramen-valley-asset-pack-v2/dark-knight/aseprite_files/dark-knight-heavy-combo-leap-effect-a.aseprite","Resources","792","未被正式场景、预设、构建配置或动态加载路径引用"
"Assets/Resources/pixramen-valley-asset-pack-v2/pixramen-valley-asset-pack-v2/dark-knight/aseprite_files/dark-knight-heavy-combo-leap-effect-b.aseprite","Resources","752","未被正式场景、预设、构建配置或动态加载路径引用"
"Assets/Resources/pixramen-valley-asset-pack-v2/pixramen-valley-asset-pack-v2/dark-knight/aseprite_files/dark-knight-heavy-combo-leap-effect-c.aseprite","Resources","785","未被正式场景、预设、构建配置或动态加载路径引用"
"Assets/Resources/pixramen-valley-asset-pack-v2/pixramen-valley-asset-pack-v2/dark-knight/aseprite_files/dark-knight-heavy-combo-with-effect-a.aseprite","Resources","6617","未被正式场景、预设、构建配置或动态加载路径引用"
"Assets/Resources/pixramen-valley-asset-pack-v2/pixramen-valley-asset-pack-v2/dark-knight/aseprite_files/dark-knight-heavy-combo-with-effect-b.aseprite","Resources","5769","未被正式场景、预设、构建配置或动态加载路径引用"
"Assets/Resources/pixramen-valley-asset-pack-v2/pixramen-valley-asset-pack-v2/dark-knight/aseprite_files/dark-knight-heavy-combo-with-effect-c.aseprite","Resources","7933","未被正式场景、预设、构建配置或动态加载路径引用"
"Assets/Resources/pixramen-valley-asset-pack-v2/pixramen-valley-asset-pack-v2/dark-knight/aseprite_files/dark-knight-idle.aseprite","Resources","1304","未被正式场景、预设、构建配置或动态加载路径引用"
"Assets/Resources/pixramen-valley-asset-pack-v2/pixramen-valley-asset-pack-v2/dark-knight/aseprite_files/dark-knight-jump.aseprite","Resources","2235","未被正式场景、预设、构建配置或动态加载路径引用"
"Assets/Resources/pixramen-valley-asset-pack-v2/pixramen-valley-asset-pack-v2/dark-knight/aseprite_files/dark-knight-knockback.aseprite","Resources","1967","未被正式场景、预设、构建配置或动态加载路径引用"
"Assets/Resources/pixramen-valley-asset-pack-v2/pixramen-valley-asset-pack-v2/dark-knight/aseprite_files/dark-knight-normal-combo-a.aseprite","Resources","3708","未被正式场景、预设、构建配置或动态加载路径引用"
"Assets/Resources/pixramen-valley-asset-pack-v2/pixramen-valley-asset-pack-v2/dark-knight/aseprite_files/dark-knight-normal-combo-b.aseprite","Resources","3364","未被正式场景、预设、构建配置或动态加载路径引用"
"Assets/Resources/pixramen-valley-asset-pack-v2/pixramen-valley-asset-pack-v2/dark-knight/aseprite_files/dark-knight-normal-combo-c.aseprite","Resources","3513","未被正式场景、预设、构建配置或动态加载路径引用"
"Assets/Resources/pixramen-valley-asset-pack-v2/pixramen-valley-asset-pack-v2/dark-knight/aseprite_files/dark-knight-parry.aseprite","Resources","2770","未被正式场景、预设、构建配置或动态加载路径引用"
"Assets/Resources/pixramen-valley-asset-pack-v2/pixramen-valley-asset-pack-v2/dark-knight/aseprite_files/dark-knight-parry-effect.aseprite","Resources","2770","未被正式场景、预设、构建配置或动态加载路径引用"
"Assets/Resources/pixramen-valley-asset-pack-v2/pixramen-valley-asset-pack-v2/dark-knight/aseprite_files/dark-knight-parry-with-effect.aseprite","Resources","2770","未被正式场景、预设、构建配置或动态加载路径引用"
"Assets/Resources/pixramen-valley-asset-pack-v2/pixramen-valley-asset-pack-v2/dark-knight/aseprite_files/dark-knight-prepare-jump.aseprite","Resources","1209","未被正式场景、预设、构建配置或动态加载路径引用"
"Assets/Resources/pixramen-valley-asset-pack-v2/pixramen-valley-asset-pack-v2/dark-knight/aseprite_files/dark-knight-run.aseprite","Resources","3247","未被正式场景、预设、构建配置或动态加载路径引用"
"Assets/Resources/pixramen-valley-asset-pack-v2/pixramen-valley-asset-pack-v2/dark-knight/aseprite_files/preview/preview-dark-knight-air-combo.aseprite","Resources","31227","未被正式场景、预设、构建配置或动态加载路径引用"
"Assets/Resources/pixramen-valley-asset-pack-v2/pixramen-valley-asset-pack-v2/dark-knight/aseprite_files/preview/preview-dark-knight-climb.aseprite","Resources","3559","未被正式场景、预设、构建配置或动态加载路径引用"
"Assets/Resources/pixramen-valley-asset-pack-v2/pixramen-valley-asset-pack-v2/dark-knight/aseprite_files/preview/preview-dark-knight-dash.aseprite","Resources","3693","未被正式场景、预设、构建配置或动态加载路径引用"
"Assets/Resources/pixramen-valley-asset-pack-v2/pixramen-valley-asset-pack-v2/dark-knight/aseprite_files/preview/preview-dark-knight-death.aseprite","Resources","4771","未被正式场景、预设、构建配置或动态加载路径引用"
"Assets/Resources/pixramen-valley-asset-pack-v2/pixramen-valley-asset-pack-v2/dark-knight/aseprite_files/preview/preview-dark-knight-drink-blue-potion.aseprite","Resources","10239","未被正式场景、预设、构建配置或动态加载路径引用"
"Assets/Resources/pixramen-valley-asset-pack-v2/pixramen-valley-asset-pack-v2/dark-knight/aseprite_files/preview/preview-dark-knight-drink-green-potion.aseprite","Resources","10216","未被正式场景、预设、构建配置或动态加载路径引用"
"Assets/Resources/pixramen-valley-asset-pack-v2/pixramen-valley-asset-pack-v2/dark-knight/aseprite_files/preview/preview-dark-knight-drink-red-potion.aseprite","Resources","10212","未被正式场景、预设、构建配置或动态加载路径引用"
"Assets/Resources/pixramen-valley-asset-pack-v2/pixramen-valley-asset-pack-v2/dark-knight/aseprite_files/preview/preview-dark-knight-heavy-combo.aseprite","Resources","24289","未被正式场景、预设、构建配置或动态加载路径引用"
"Assets/Resources/pixramen-valley-asset-pack-v2/pixramen-valley-asset-pack-v2/dark-knight/aseprite_files/preview/preview-dark-knight-jump.aseprite","Resources","12451","未被正式场景、预设、构建配置或动态加载路径引用"
"Assets/Resources/pixramen-valley-asset-pack-v2/pixramen-valley-asset-pack-v2/dark-knight/aseprite_files/preview/preview-dark-knight-knockback.aseprite","Resources","3821","未被正式场景、预设、构建配置或动态加载路径引用"
"Assets/Resources/pixramen-valley-asset-pack-v2/pixramen-valley-asset-pack-v2/dark-knight/aseprite_files/preview/preview-dark-knight-normal-combo.aseprite","Resources","14541","未被正式场景、预设、构建配置或动态加载路径引用"
"Assets/Resources/pixramen-valley-asset-pack-v2/pixramen-valley-asset-pack-v2/dark-knight/aseprite_files/preview/preview-dark-knight-parry-block.aseprite","Resources","4897","未被正式场景、预设、构建配置或动态加载路径引用"
"Assets/Resources/pixramen-valley-asset-pack-v2/pixramen-valley-asset-pack-v2/dark-knight/aseprite_files/preview/preview-dark-knight-run.aseprite","Resources","6969","未被正式场景、预设、构建配置或动态加载路径引用"
"Assets/Resources/pixramen-valley-asset-pack-v2/pixramen-valley-asset-pack-v2/dark-knight/gif/1x/dark-knight-air-combo-a.gif","Resources","935","未被正式场景、预设、构建配置或动态加载路径引用"
"Assets/Resources/pixramen-valley-asset-pack-v2/pixramen-valley-asset-pack-v2/dark-knight/gif/1x/dark-knight-air-combo-b.gif","Resources","926","未被正式场景、预设、构建配置或动态加载路径引用"
"Assets/Resources/pixramen-valley-asset-pack-v2/pixramen-valley-asset-pack-v2/dark-knight/gif/1x/dark-knight-air-combo-c.gif","Resources","845","未被正式场景、预设、构建配置或动态加载路径引用"
"Assets/Resources/pixramen-valley-asset-pack-v2/pixramen-valley-asset-pack-v2/dark-knight/gif/1x/dark-knight-blocking.gif","Resources","324","未被正式场景、预设、构建配置或动态加载路径引用"
"Assets/Resources/pixramen-valley-asset-pack-v2/pixramen-valley-asset-pack-v2/dark-knight/gif/1x/dark-knight-climb.gif","Resources","547","未被正式场景、预设、构建配置或动态加载路径引用"
"Assets/Resources/pixramen-valley-asset-pack-v2/pixramen-valley-asset-pack-v2/dark-knight/gif/1x/dark-knight-dash.gif","Resources","654","未被正式场景、预设、构建配置或动态加载路径引用"
"Assets/Resources/pixramen-valley-asset-pack-v2/pixramen-valley-asset-pack-v2/dark-knight/gif/1x/dark-knight-dead-falling.gif","Resources","256","未被正式场景、预设、构建配置或动态加载路径引用"
"Assets/Resources/pixramen-valley-asset-pack-v2/pixramen-valley-asset-pack-v2/dark-knight/gif/1x/dark-knight-dead-ground.gif","Resources","455","未被正式场景、预设、构建配置或动态加载路径引用"
"Assets/Resources/pixramen-valley-asset-pack-v2/pixramen-valley-asset-pack-v2/dark-knight/gif/1x/dark-knight-drink-blue-potion.gif","Resources","1403","未被正式场景、预设、构建配置或动态加载路径引用"
"Assets/Resources/pixramen-valley-asset-pack-v2/pixramen-valley-asset-pack-v2/dark-knight/gif/1x/dark-knight-drink-green-potion.gif","Resources","1453","未被正式场景、预设、构建配置或动态加载路径引用"
"Assets/Resources/pixramen-valley-asset-pack-v2/pixramen-valley-asset-pack-v2/dark-knight/gif/1x/dark-knight-drink-red-potion.gif","Resources","1426","未被正式场景、预设、构建配置或动态加载路径引用"
"Assets/Resources/pixramen-valley-asset-pack-v2/pixramen-valley-asset-pack-v2/dark-knight/gif/1x/dark-knight-falling.gif","Resources","580","未被正式场景、预设、构建配置或动态加载路径引用"
"Assets/Resources/pixramen-valley-asset-pack-v2/pixramen-valley-asset-pack-v2/dark-knight/gif/1x/dark-knight-fall-recovery.gif","Resources","320","未被正式场景、预设、构建配置或动态加载路径引用"
"Assets/Resources/pixramen-valley-asset-pack-v2/pixramen-valley-asset-pack-v2/dark-knight/gif/1x/dark-knight-heavy-combo-a.gif","Resources","1847","未被正式场景、预设、构建配置或动态加载路径引用"
"Assets/Resources/pixramen-valley-asset-pack-v2/pixramen-valley-asset-pack-v2/dark-knight/gif/1x/dark-knight-heavy-combo-a-effect.gif","Resources","558","未被正式场景、预设、构建配置或动态加载路径引用"
"Assets/Resources/pixramen-valley-asset-pack-v2/pixramen-valley-asset-pack-v2/dark-knight/gif/1x/dark-knight-heavy-combo-b.gif","Resources","1664","未被正式场景、预设、构建配置或动态加载路径引用"
"Assets/Resources/pixramen-valley-asset-pack-v2/pixramen-valley-asset-pack-v2/dark-knight/gif/1x/dark-knight-heavy-combo-b-effect.gif","Resources","570","未被正式场景、预设、构建配置或动态加载路径引用"
"Assets/Resources/pixramen-valley-asset-pack-v2/pixramen-valley-asset-pack-v2/dark-knight/gif/1x/dark-knight-heavy-combo-c.gif","Resources","2868","未被正式场景、预设、构建配置或动态加载路径引用"
"Assets/Resources/pixramen-valley-asset-pack-v2/pixramen-valley-asset-pack-v2/dark-knight/gif/1x/dark-knight-heavy-combo-c-effect.gif","Resources","1193","未被正式场景、预设、构建配置或动态加载路径引用"
"Assets/Resources/pixramen-valley-asset-pack-v2/pixramen-valley-asset-pack-v2/dark-knight/gif/1x/dark-knight-heavy-combo-leap-effect-a.gif","Resources","329","未被正式场景、预设、构建配置或动态加载路径引用"
"Assets/Resources/pixramen-valley-asset-pack-v2/pixramen-valley-asset-pack-v2/dark-knight/gif/1x/dark-knight-heavy-combo-leap-effect-b.gif","Resources","306","未被正式场景、预设、构建配置或动态加载路径引用"
"Assets/Resources/pixramen-valley-asset-pack-v2/pixramen-valley-asset-pack-v2/dark-knight/gif/1x/dark-knight-heavy-combo-leap-effect-c.gif","Resources","321","未被正式场景、预设、构建配置或动态加载路径引用"
"Assets/Resources/pixramen-valley-asset-pack-v2/pixramen-valley-asset-pack-v2/dark-knight/gif/1x/dark-knight-heavy-combo-with-effect-a.gif","Resources","1847","未被正式场景、预设、构建配置或动态加载路径引用"
"Assets/Resources/pixramen-valley-asset-pack-v2/pixramen-valley-asset-pack-v2/dark-knight/gif/1x/dark-knight-heavy-combo-with-effect-b.gif","Resources","1664","未被正式场景、预设、构建配置或动态加载路径引用"
"Assets/Resources/pixramen-valley-asset-pack-v2/pixramen-valley-asset-pack-v2/dark-knight/gif/1x/dark-knight-heavy-combo-with-effect-c.gif","Resources","2868","未被正式场景、预设、构建配置或动态加载路径引用"
"Assets/Resources/pixramen-valley-asset-pack-v2/pixramen-valley-asset-pack-v2/dark-knight/gif/1x/dark-knight-idle.gif","Resources","339","未被正式场景、预设、构建配置或动态加载路径引用"
"Assets/Resources/pixramen-valley-asset-pack-v2/pixramen-valley-asset-pack-v2/dark-knight/gif/1x/dark-knight-jump.gif","Resources","687","未被正式场景、预设、构建配置或动态加载路径引用"
"Assets/Resources/pixramen-valley-asset-pack-v2/pixramen-valley-asset-pack-v2/dark-knight/gif/1x/dark-knight-knockback.gif","Resources","566","未被正式场景、预设、构建配置或动态加载路径引用"
"Assets/Resources/pixramen-valley-asset-pack-v2/pixramen-valley-asset-pack-v2/dark-knight/gif/1x/dark-knight-normal-combo-a.gif","Resources","1064","未被正式场景、预设、构建配置或动态加载路径引用"
"Assets/Resources/pixramen-valley-asset-pack-v2/pixramen-valley-asset-pack-v2/dark-knight/gif/1x/dark-knight-normal-combo-b.gif","Resources","912","未被正式场景、预设、构建配置或动态加载路径引用"
"Assets/Resources/pixramen-valley-asset-pack-v2/pixramen-valley-asset-pack-v2/dark-knight/gif/1x/dark-knight-normal-combo-c.gif","Resources","1113","未被正式场景、预设、构建配置或动态加载路径引用"
"Assets/Resources/pixramen-valley-asset-pack-v2/pixramen-valley-asset-pack-v2/dark-knight/gif/1x/dark-knight-parry.gif","Resources","800","未被正式场景、预设、构建配置或动态加载路径引用"
"Assets/Resources/pixramen-valley-asset-pack-v2/pixramen-valley-asset-pack-v2/dark-knight/gif/1x/dark-knight-parry-effect.gif","Resources","807","未被正式场景、预设、构建配置或动态加载路径引用"
"Assets/Resources/pixramen-valley-asset-pack-v2/pixramen-valley-asset-pack-v2/dark-knight/gif/1x/dark-knight-parry-with-effect.gif","Resources","807","未被正式场景、预设、构建配置或动态加载路径引用"
"Assets/Resources/pixramen-valley-asset-pack-v2/pixramen-valley-asset-pack-v2/dark-knight/gif/1x/dark-knight-prepare-jump.gif","Resources","320","未被正式场景、预设、构建配置或动态加载路径引用"
"Assets/Resources/pixramen-valley-asset-pack-v2/pixramen-valley-asset-pack-v2/dark-knight/gif/1x/dark-knight-run.gif","Resources","1071","未被正式场景、预设、构建配置或动态加载路径引用"
"Assets/Resources/pixramen-valley-asset-pack-v2/pixramen-valley-asset-pack-v2/dark-knight/gif/2x/dark-knight-air-combo-a.gif","Resources","1873","未被正式场景、预设、构建配置或动态加载路径引用"
"Assets/Resources/pixramen-valley-asset-pack-v2/pixramen-valley-asset-pack-v2/dark-knight/gif/2x/dark-knight-air-combo-b.gif","Resources","1856","未被正式场景、预设、构建配置或动态加载路径引用"
"Assets/Resources/pixramen-valley-asset-pack-v2/pixramen-valley-asset-pack-v2/dark-knight/gif/2x/dark-knight-air-combo-c.gif","Resources","1690","未被正式场景、预设、构建配置或动态加载路径引用"
"Assets/Resources/pixramen-valley-asset-pack-v2/pixramen-valley-asset-pack-v2/dark-knight/gif/2x/dark-knight-blocking.gif","Resources","616","未被正式场景、预设、构建配置或动态加载路径引用"
"Assets/Resources/pixramen-valley-asset-pack-v2/pixramen-valley-asset-pack-v2/dark-knight/gif/2x/dark-knight-climb.gif","Resources","1044","未被正式场景、预设、构建配置或动态加载路径引用"
"Assets/Resources/pixramen-valley-asset-pack-v2/pixramen-valley-asset-pack-v2/dark-knight/gif/2x/dark-knight-dash.gif","Resources","1234","未被正式场景、预设、构建配置或动态加载路径引用"
"Assets/Resources/pixramen-valley-asset-pack-v2/pixramen-valley-asset-pack-v2/dark-knight/gif/2x/dark-knight-dead-falling.gif","Resources","475","未被正式场景、预设、构建配置或动态加载路径引用"
"Assets/Resources/pixramen-valley-asset-pack-v2/pixramen-valley-asset-pack-v2/dark-knight/gif/2x/dark-knight-dead-ground.gif","Resources","835","未被正式场景、预设、构建配置或动态加载路径引用"
"Assets/Resources/pixramen-valley-asset-pack-v2/pixramen-valley-asset-pack-v2/dark-knight/gif/2x/dark-knight-drink-blue-potion.gif","Resources","2730","未被正式场景、预设、构建配置或动态加载路径引用"
"Assets/Resources/pixramen-valley-asset-pack-v2/pixramen-valley-asset-pack-v2/dark-knight/gif/2x/dark-knight-drink-green-potion.gif","Resources","2792","未被正式场景、预设、构建配置或动态加载路径引用"
"Assets/Resources/pixramen-valley-asset-pack-v2/pixramen-valley-asset-pack-v2/dark-knight/gif/2x/dark-knight-drink-red-potion.gif","Resources","2763","未被正式场景、预设、构建配置或动态加载路径引用"
"Assets/Resources/pixramen-valley-asset-pack-v2/pixramen-valley-asset-pack-v2/dark-knight/gif/2x/dark-knight-falling.gif","Resources","1099","未被正式场景、预设、构建配置或动态加载路径引用"
"Assets/Resources/pixramen-valley-asset-pack-v2/pixramen-valley-asset-pack-v2/dark-knight/gif/2x/dark-knight-fall-recovery.gif","Resources","593","未被正式场景、预设、构建配置或动态加载路径引用"
"Assets/Resources/pixramen-valley-asset-pack-v2/pixramen-valley-asset-pack-v2/dark-knight/gif/2x/dark-knight-heavy-combo-a.gif","Resources","3698","未被正式场景、预设、构建配置或动态加载路径引用"
"Assets/Resources/pixramen-valley-asset-pack-v2/pixramen-valley-asset-pack-v2/dark-knight/gif/2x/dark-knight-heavy-combo-a-effect.gif","Resources","1122","未被正式场景、预设、构建配置或动态加载路径引用"
"Assets/Resources/pixramen-valley-asset-pack-v2/pixramen-valley-asset-pack-v2/dark-knight/gif/2x/dark-knight-heavy-combo-b.gif","Resources","3351","未被正式场景、预设、构建配置或动态加载路径引用"
"Assets/Resources/pixramen-valley-asset-pack-v2/pixramen-valley-asset-pack-v2/dark-knight/gif/2x/dark-knight-heavy-combo-b-effect.gif","Resources","1165","未被正式场景、预设、构建配置或动态加载路径引用"
"Assets/Resources/pixramen-valley-asset-pack-v2/pixramen-valley-asset-pack-v2/dark-knight/gif/2x/dark-knight-heavy-combo-c.gif","Resources","5997","未被正式场景、预设、构建配置或动态加载路径引用"
"Assets/Resources/pixramen-valley-asset-pack-v2/pixramen-valley-asset-pack-v2/dark-knight/gif/2x/dark-knight-heavy-combo-c-effect.gif","Resources","2565","未被正式场景、预设、构建配置或动态加载路径引用"
"Assets/Resources/pixramen-valley-asset-pack-v2/pixramen-valley-asset-pack-v2/dark-knight/gif/2x/dark-knight-heavy-combo-leap-effect-a.gif","Resources","571","未被正式场景、预设、构建配置或动态加载路径引用"
"Assets/Resources/pixramen-valley-asset-pack-v2/pixramen-valley-asset-pack-v2/dark-knight/gif/2x/dark-knight-heavy-combo-leap-effect-b.gif","Resources","552","未被正式场景、预设、构建配置或动态加载路径引用"
"Assets/Resources/pixramen-valley-asset-pack-v2/pixramen-valley-asset-pack-v2/dark-knight/gif/2x/dark-knight-heavy-combo-leap-effect-c.gif","Resources","589","未被正式场景、预设、构建配置或动态加载路径引用"
"Assets/Resources/pixramen-valley-asset-pack-v2/pixramen-valley-asset-pack-v2/dark-knight/gif/2x/dark-knight-heavy-combo-with-effect-a.gif","Resources","3698","未被正式场景、预设、构建配置或动态加载路径引用"
"Assets/Resources/pixramen-valley-asset-pack-v2/pixramen-valley-asset-pack-v2/dark-knight/gif/2x/dark-knight-heavy-combo-with-effect-b.gif","Resources","3351","未被正式场景、预设、构建配置或动态加载路径引用"
"Assets/Resources/pixramen-valley-asset-pack-v2/pixramen-valley-asset-pack-v2/dark-knight/gif/2x/dark-knight-heavy-combo-with-effect-c.gif","Resources","5997","未被正式场景、预设、构建配置或动态加载路径引用"
"Assets/Resources/pixramen-valley-asset-pack-v2/pixramen-valley-asset-pack-v2/dark-knight/gif/2x/dark-knight-idle.gif","Resources","653","未被正式场景、预设、构建配置或动态加载路径引用"
"Assets/Resources/pixramen-valley-asset-pack-v2/pixramen-valley-asset-pack-v2/dark-knight/gif/2x/dark-knight-jump.gif","Resources","1335","未被正式场景、预设、构建配置或动态加载路径引用"
"Assets/Resources/pixramen-valley-asset-pack-v2/pixramen-valley-asset-pack-v2/dark-knight/gif/2x/dark-knight-knockback.gif","Resources","1074","未被正式场景、预设、构建配置或动态加载路径引用"
"Assets/Resources/pixramen-valley-asset-pack-v2/pixramen-valley-asset-pack-v2/dark-knight/gif/2x/dark-knight-normal-combo-a.gif","Resources","2026","未被正式场景、预设、构建配置或动态加载路径引用"
"Assets/Resources/pixramen-valley-asset-pack-v2/pixramen-valley-asset-pack-v2/dark-knight/gif/2x/dark-knight-normal-combo-b.gif","Resources","1783","未被正式场景、预设、构建配置或动态加载路径引用"
"Assets/Resources/pixramen-valley-asset-pack-v2/pixramen-valley-asset-pack-v2/dark-knight/gif/2x/dark-knight-normal-combo-c.gif","Resources","2156","未被正式场景、预设、构建配置或动态加载路径引用"
"Assets/Resources/pixramen-valley-asset-pack-v2/pixramen-valley-asset-pack-v2/dark-knight/gif/2x/dark-knight-parry.gif","Resources","1590","未被正式场景、预设、构建配置或动态加载路径引用"
"Assets/Resources/pixramen-valley-asset-pack-v2/pixramen-valley-asset-pack-v2/dark-knight/gif/2x/dark-knight-parry-effect.gif","Resources","1612","未被正式场景、预设、构建配置或动态加载路径引用"
"Assets/Resources/pixramen-valley-asset-pack-v2/pixramen-valley-asset-pack-v2/dark-knight/gif/2x/dark-knight-parry-with-effect.gif","Resources","1612","未被正式场景、预设、构建配置或动态加载路径引用"
"Assets/Resources/pixramen-valley-asset-pack-v2/pixramen-valley-asset-pack-v2/dark-knight/gif/2x/dark-knight-prepare-jump.gif","Resources","593","未被正式场景、预设、构建配置或动态加载路径引用"
"Assets/Resources/pixramen-valley-asset-pack-v2/pixramen-valley-asset-pack-v2/dark-knight/gif/2x/dark-knight-run.gif","Resources","2050","未被正式场景、预设、构建配置或动态加载路径引用"
"Assets/Resources/pixramen-valley-asset-pack-v2/pixramen-valley-asset-pack-v2/dark-knight/gif/3x/dark-knight-air-combo-a.gif","Resources","2938","未被正式场景、预设、构建配置或动态加载路径引用"
"Assets/Resources/pixramen-valley-asset-pack-v2/pixramen-valley-asset-pack-v2/dark-knight/gif/3x/dark-knight-air-combo-b.gif","Resources","2902","未被正式场景、预设、构建配置或动态加载路径引用"
"Assets/Resources/pixramen-valley-asset-pack-v2/pixramen-valley-asset-pack-v2/dark-knight/gif/3x/dark-knight-air-combo-c.gif","Resources","2645","未被正式场景、预设、构建配置或动态加载路径引用"
"Assets/Resources/pixramen-valley-asset-pack-v2/pixramen-valley-asset-pack-v2/dark-knight/gif/3x/dark-knight-blocking.gif","Resources","934","未被正式场景、预设、构建配置或动态加载路径引用"
"Assets/Resources/pixramen-valley-asset-pack-v2/pixramen-valley-asset-pack-v2/dark-knight/gif/3x/dark-knight-climb.gif","Resources","1607","未被正式场景、预设、构建配置或动态加载路径引用"
"Assets/Resources/pixramen-valley-asset-pack-v2/pixramen-valley-asset-pack-v2/dark-knight/gif/3x/dark-knight-dash.gif","Resources","1882","未被正式场景、预设、构建配置或动态加载路径引用"
"Assets/Resources/pixramen-valley-asset-pack-v2/pixramen-valley-asset-pack-v2/dark-knight/gif/3x/dark-knight-dead-falling.gif","Resources","715","未被正式场景、预设、构建配置或动态加载路径引用"
"Assets/Resources/pixramen-valley-asset-pack-v2/pixramen-valley-asset-pack-v2/dark-knight/gif/3x/dark-knight-dead-ground.gif","Resources","1236","未被正式场景、预设、构建配置或动态加载路径引用"
"Assets/Resources/pixramen-valley-asset-pack-v2/pixramen-valley-asset-pack-v2/dark-knight/gif/3x/dark-knight-drink-blue-potion.gif","Resources","4243","未被正式场景、预设、构建配置或动态加载路径引用"
"Assets/Resources/pixramen-valley-asset-pack-v2/pixramen-valley-asset-pack-v2/dark-knight/gif/3x/dark-knight-drink-green-potion.gif","Resources","4341","未被正式场景、预设、构建配置或动态加载路径引用"
"Assets/Resources/pixramen-valley-asset-pack-v2/pixramen-valley-asset-pack-v2/dark-knight/gif/3x/dark-knight-drink-red-potion.gif","Resources","4306","未被正式场景、预设、构建配置或动态加载路径引用"
"Assets/Resources/pixramen-valley-asset-pack-v2/pixramen-valley-asset-pack-v2/dark-knight/gif/3x/dark-knight-falling.gif","Resources","1683","未被正式场景、预设、构建配置或动态加载路径引用"
"Assets/Resources/pixramen-valley-asset-pack-v2/pixramen-valley-asset-pack-v2/dark-knight/gif/3x/dark-knight-fall-recovery.gif","Resources","896","未被正式场景、预设、构建配置或动态加载路径引用"
"Assets/Resources/pixramen-valley-asset-pack-v2/pixramen-valley-asset-pack-v2/dark-knight/gif/3x/dark-knight-heavy-combo-a.gif","Resources","5775","未被正式场景、预设、构建配置或动态加载路径引用"
"Assets/Resources/pixramen-valley-asset-pack-v2/pixramen-valley-asset-pack-v2/dark-knight/gif/3x/dark-knight-heavy-combo-a-effect.gif","Resources","1753","未被正式场景、预设、构建配置或动态加载路径引用"
"Assets/Resources/pixramen-valley-asset-pack-v2/pixramen-valley-asset-pack-v2/dark-knight/gif/3x/dark-knight-heavy-combo-b.gif","Resources","5261","未被正式场景、预设、构建配置或动态加载路径引用"
"Assets/Resources/pixramen-valley-asset-pack-v2/pixramen-valley-asset-pack-v2/dark-knight/gif/3x/dark-knight-heavy-combo-b-effect.gif","Resources","1831","未被正式场景、预设、构建配置或动态加载路径引用"
"Assets/Resources/pixramen-valley-asset-pack-v2/pixramen-valley-asset-pack-v2/dark-knight/gif/3x/dark-knight-heavy-combo-c.gif","Resources","9401","未被正式场景、预设、构建配置或动态加载路径引用"
"Assets/Resources/pixramen-valley-asset-pack-v2/pixramen-valley-asset-pack-v2/dark-knight/gif/3x/dark-knight-heavy-combo-c-effect.gif","Resources","4068","未被正式场景、预设、构建配置或动态加载路径引用"
"Assets/Resources/pixramen-valley-asset-pack-v2/pixramen-valley-asset-pack-v2/dark-knight/gif/3x/dark-knight-heavy-combo-leap-effect-a.gif","Resources","831","未被正式场景、预设、构建配置或动态加载路径引用"
"Assets/Resources/pixramen-valley-asset-pack-v2/pixramen-valley-asset-pack-v2/dark-knight/gif/3x/dark-knight-heavy-combo-leap-effect-b.gif","Resources","818","未被正式场景、预设、构建配置或动态加载路径引用"
"Assets/Resources/pixramen-valley-asset-pack-v2/pixramen-valley-asset-pack-v2/dark-knight/gif/3x/dark-knight-heavy-combo-leap-effect-c.gif","Resources","879","未被正式场景、预设、构建配置或动态加载路径引用"
"Assets/Resources/pixramen-valley-asset-pack-v2/pixramen-valley-asset-pack-v2/dark-knight/gif/3x/dark-knight-heavy-combo-with-effect-a.gif","Resources","5775","未被正式场景、预设、构建配置或动态加载路径引用"
"Assets/Resources/pixramen-valley-asset-pack-v2/pixramen-valley-asset-pack-v2/dark-knight/gif/3x/dark-knight-heavy-combo-with-effect-b.gif","Resources","5261","未被正式场景、预设、构建配置或动态加载路径引用"
"Assets/Resources/pixramen-valley-asset-pack-v2/pixramen-valley-asset-pack-v2/dark-knight/gif/3x/dark-knight-heavy-combo-with-effect-c.gif","Resources","9401","未被正式场景、预设、构建配置或动态加载路径引用"
"Assets/Resources/pixramen-valley-asset-pack-v2/pixramen-valley-asset-pack-v2/dark-knight/gif/3x/dark-knight-idle.gif","Resources","993","未被正式场景、预设、构建配置或动态加载路径引用"
"Assets/Resources/pixramen-valley-asset-pack-v2/pixramen-valley-asset-pack-v2/dark-knight/gif/3x/dark-knight-jump.gif","Resources","2054","未被正式场景、预设、构建配置或动态加载路径引用"
"Assets/Resources/pixramen-valley-asset-pack-v2/pixramen-valley-asset-pack-v2/dark-knight/gif/3x/dark-knight-knockback.gif","Resources","1638","未被正式场景、预设、构建配置或动态加载路径引用"
"Assets/Resources/pixramen-valley-asset-pack-v2/pixramen-valley-asset-pack-v2/dark-knight/gif/3x/dark-knight-normal-combo-a.gif","Resources","3121","未被正式场景、预设、构建配置或动态加载路径引用"
"Assets/Resources/pixramen-valley-asset-pack-v2/pixramen-valley-asset-pack-v2/dark-knight/gif/3x/dark-knight-normal-combo-b.gif","Resources","2771","未被正式场景、预设、构建配置或动态加载路径引用"
"Assets/Resources/pixramen-valley-asset-pack-v2/pixramen-valley-asset-pack-v2/dark-knight/gif/3x/dark-knight-normal-combo-c.gif","Resources","3348","未被正式场景、预设、构建配置或动态加载路径引用"
"Assets/Resources/pixramen-valley-asset-pack-v2/pixramen-valley-asset-pack-v2/dark-knight/gif/3x/dark-knight-parry.gif","Resources","2479","未被正式场景、预设、构建配置或动态加载路径引用"
"Assets/Resources/pixramen-valley-asset-pack-v2/pixramen-valley-asset-pack-v2/dark-knight/gif/3x/dark-knight-parry-effect.gif","Resources","2510","未被正式场景、预设、构建配置或动态加载路径引用"
"Assets/Resources/pixramen-valley-asset-pack-v2/pixramen-valley-asset-pack-v2/dark-knight/gif/3x/dark-knight-parry-with-effect.gif","Resources","2510","未被正式场景、预设、构建配置或动态加载路径引用"
"Assets/Resources/pixramen-valley-asset-pack-v2/pixramen-valley-asset-pack-v2/dark-knight/gif/3x/dark-knight-prepare-jump.gif","Resources","896","未被正式场景、预设、构建配置或动态加载路径引用"
"Assets/Resources/pixramen-valley-asset-pack-v2/pixramen-valley-asset-pack-v2/dark-knight/gif/3x/dark-knight-run.gif","Resources","3180","未被正式场景、预设、构建配置或动态加载路径引用"
"Assets/Resources/pixramen-valley-asset-pack-v2/pixramen-valley-asset-pack-v2/dark-knight/gif/4x/dark-knight-air-combo-a.gif","Resources","4038","未被正式场景、预设、构建配置或动态加载路径引用"
"Assets/Resources/pixramen-valley-asset-pack-v2/pixramen-valley-asset-pack-v2/dark-knight/gif/4x/dark-knight-air-combo-b.gif","Resources","3996","未被正式场景、预设、构建配置或动态加载路径引用"
"Assets/Resources/pixramen-valley-asset-pack-v2/pixramen-valley-asset-pack-v2/dark-knight/gif/4x/dark-knight-air-combo-c.gif","Resources","3627","未被正式场景、预设、构建配置或动态加载路径引用"
"Assets/Resources/pixramen-valley-asset-pack-v2/pixramen-valley-asset-pack-v2/dark-knight/gif/4x/dark-knight-blocking.gif","Resources","1286","未被正式场景、预设、构建配置或动态加载路径引用"
"Assets/Resources/pixramen-valley-asset-pack-v2/pixramen-valley-asset-pack-v2/dark-knight/gif/4x/dark-knight-climb.gif","Resources","2198","未被正式场景、预设、构建配置或动态加载路径引用"
"Assets/Resources/pixramen-valley-asset-pack-v2/pixramen-valley-asset-pack-v2/dark-knight/gif/4x/dark-knight-dash.gif","Resources","2582","未被正式场景、预设、构建配置或动态加载路径引用"
"Assets/Resources/pixramen-valley-asset-pack-v2/pixramen-valley-asset-pack-v2/dark-knight/gif/4x/dark-knight-dead-falling.gif","Resources","967","未被正式场景、预设、构建配置或动态加载路径引用"
"Assets/Resources/pixramen-valley-asset-pack-v2/pixramen-valley-asset-pack-v2/dark-knight/gif/4x/dark-knight-dead-ground.gif","Resources","1670","未被正式场景、预设、构建配置或动态加载路径引用"
"Assets/Resources/pixramen-valley-asset-pack-v2/pixramen-valley-asset-pack-v2/dark-knight/gif/4x/dark-knight-drink-blue-potion.gif","Resources","5838","未被正式场景、预设、构建配置或动态加载路径引用"
"Assets/Resources/pixramen-valley-asset-pack-v2/pixramen-valley-asset-pack-v2/dark-knight/gif/4x/dark-knight-drink-green-potion.gif","Resources","5961","未被正式场景、预设、构建配置或动态加载路径引用"
"Assets/Resources/pixramen-valley-asset-pack-v2/pixramen-valley-asset-pack-v2/dark-knight/gif/4x/dark-knight-drink-red-potion.gif","Resources","5926","未被正式场景、预设、构建配置或动态加载路径引用"
"Assets/Resources/pixramen-valley-asset-pack-v2/pixramen-valley-asset-pack-v2/dark-knight/gif/4x/dark-knight-falling.gif","Resources","2327","未被正式场景、预设、构建配置或动态加载路径引用"
"Assets/Resources/pixramen-valley-asset-pack-v2/pixramen-valley-asset-pack-v2/dark-knight/gif/4x/dark-knight-fall-recovery.gif","Resources","1234","未被正式场景、预设、构建配置或动态加载路径引用"
"Assets/Resources/pixramen-valley-asset-pack-v2/pixramen-valley-asset-pack-v2/dark-knight/gif/4x/dark-knight-heavy-combo-a.gif","Resources","7935","未被正式场景、预设、构建配置或动态加载路径引用"
"Assets/Resources/pixramen-valley-asset-pack-v2/pixramen-valley-asset-pack-v2/dark-knight/gif/4x/dark-knight-heavy-combo-a-effect.gif","Resources","2420","未被正式场景、预设、构建配置或动态加载路径引用"
"Assets/Resources/pixramen-valley-asset-pack-v2/pixramen-valley-asset-pack-v2/dark-knight/gif/4x/dark-knight-heavy-combo-b.gif","Resources","7245","未被正式场景、预设、构建配置或动态加载路径引用"
"Assets/Resources/pixramen-valley-asset-pack-v2/pixramen-valley-asset-pack-v2/dark-knight/gif/4x/dark-knight-heavy-combo-b-effect.gif","Resources","2518","未被正式场景、预设、构建配置或动态加载路径引用"
"Assets/Resources/pixramen-valley-asset-pack-v2/pixramen-valley-asset-pack-v2/dark-knight/gif/4x/dark-knight-heavy-combo-c.gif","Resources","12977","未被正式场景、预设、构建配置或动态加载路径引用"
"Assets/Resources/pixramen-valley-asset-pack-v2/pixramen-valley-asset-pack-v2/dark-knight/gif/4x/dark-knight-heavy-combo-c-effect.gif","Resources","5652","未被正式场景、预设、构建配置或动态加载路径引用"
"Assets/Resources/pixramen-valley-asset-pack-v2/pixramen-valley-asset-pack-v2/dark-knight/gif/4x/dark-knight-heavy-combo-leap-effect-a.gif","Resources","1112","未被正式场景、预设、构建配置或动态加载路径引用"
"Assets/Resources/pixramen-valley-asset-pack-v2/pixramen-valley-asset-pack-v2/dark-knight/gif/4x/dark-knight-heavy-combo-leap-effect-b.gif","Resources","1105","未被正式场景、预设、构建配置或动态加载路径引用"
"Assets/Resources/pixramen-valley-asset-pack-v2/pixramen-valley-asset-pack-v2/dark-knight/gif/4x/dark-knight-heavy-combo-leap-effect-c.gif","Resources","1191","未被正式场景、预设、构建配置或动态加载路径引用"
"Assets/Resources/pixramen-valley-asset-pack-v2/pixramen-valley-asset-pack-v2/dark-knight/gif/4x/dark-knight-heavy-combo-with-effect-a.gif","Resources","7935","未被正式场景、预设、构建配置或动态加载路径引用"
"Assets/Resources/pixramen-valley-asset-pack-v2/pixramen-valley-asset-pack-v2/dark-knight/gif/4x/dark-knight-heavy-combo-with-effect-b.gif","Resources","7245","未被正式场景、预设、构建配置或动态加载路径引用"
"Assets/Resources/pixramen-valley-asset-pack-v2/pixramen-valley-asset-pack-v2/dark-knight/gif/4x/dark-knight-heavy-combo-with-effect-c.gif","Resources","12977","未被正式场景、预设、构建配置或动态加载路径引用"
"Assets/Resources/pixramen-valley-asset-pack-v2/pixramen-valley-asset-pack-v2/dark-knight/gif/4x/dark-knight-idle.gif","Resources","1372","未被正式场景、预设、构建配置或动态加载路径引用"
"Assets/Resources/pixramen-valley-asset-pack-v2/pixramen-valley-asset-pack-v2/dark-knight/gif/4x/dark-knight-jump.gif","Resources","2812","未被正式场景、预设、构建配置或动态加载路径引用"
"Assets/Resources/pixramen-valley-asset-pack-v2/pixramen-valley-asset-pack-v2/dark-knight/gif/4x/dark-knight-knockback.gif","Resources","2296","未被正式场景、预设、构建配置或动态加载路径引用"
"Assets/Resources/pixramen-valley-asset-pack-v2/pixramen-valley-asset-pack-v2/dark-knight/gif/4x/dark-knight-normal-combo-a.gif","Resources","4287","未被正式场景、预设、构建配置或动态加载路径引用"
"Assets/Resources/pixramen-valley-asset-pack-v2/pixramen-valley-asset-pack-v2/dark-knight/gif/4x/dark-knight-normal-combo-b.gif","Resources","3833","未被正式场景、预设、构建配置或动态加载路径引用"
"Assets/Resources/pixramen-valley-asset-pack-v2/pixramen-valley-asset-pack-v2/dark-knight/gif/4x/dark-knight-normal-combo-c.gif","Resources","4615","未被正式场景、预设、构建配置或动态加载路径引用"
"Assets/Resources/pixramen-valley-asset-pack-v2/pixramen-valley-asset-pack-v2/dark-knight/gif/4x/dark-knight-parry.gif","Resources","3438","未被正式场景、预设、构建配置或动态加载路径引用"
"Assets/Resources/pixramen-valley-asset-pack-v2/pixramen-valley-asset-pack-v2/dark-knight/gif/4x/dark-knight-parry-effect.gif","Resources","3485","未被正式场景、预设、构建配置或动态加载路径引用"
"Assets/Resources/pixramen-valley-asset-pack-v2/pixramen-valley-asset-pack-v2/dark-knight/gif/4x/dark-knight-parry-with-effect.gif","Resources","3485","未被正式场景、预设、构建配置或动态加载路径引用"
"Assets/Resources/pixramen-valley-asset-pack-v2/pixramen-valley-asset-pack-v2/dark-knight/gif/4x/dark-knight-prepare-jump.gif","Resources","1234","未被正式场景、预设、构建配置或动态加载路径引用"
"Assets/Resources/pixramen-valley-asset-pack-v2/pixramen-valley-asset-pack-v2/dark-knight/gif/4x/dark-knight-run.gif","Resources","4358","未被正式场景、预设、构建配置或动态加载路径引用"
"Assets/Resources/pixramen-valley-asset-pack-v2/pixramen-valley-asset-pack-v2/dark-knight/gif/5x/dark-knight-air-combo-a.gif","Resources","5230","未被正式场景、预设、构建配置或动态加载路径引用"
"Assets/Resources/pixramen-valley-asset-pack-v2/pixramen-valley-asset-pack-v2/dark-knight/gif/5x/dark-knight-air-combo-b.gif","Resources","5114","未被正式场景、预设、构建配置或动态加载路径引用"
"Assets/Resources/pixramen-valley-asset-pack-v2/pixramen-valley-asset-pack-v2/dark-knight/gif/5x/dark-knight-air-combo-c.gif","Resources","4693","未被正式场景、预设、构建配置或动态加载路径引用"
"Assets/Resources/pixramen-valley-asset-pack-v2/pixramen-valley-asset-pack-v2/dark-knight/gif/5x/dark-knight-blocking.gif","Resources","1636","未被正式场景、预设、构建配置或动态加载路径引用"
"Assets/Resources/pixramen-valley-asset-pack-v2/pixramen-valley-asset-pack-v2/dark-knight/gif/5x/dark-knight-climb.gif","Resources","2829","未被正式场景、预设、构建配置或动态加载路径引用"
"Assets/Resources/pixramen-valley-asset-pack-v2/pixramen-valley-asset-pack-v2/dark-knight/gif/5x/dark-knight-dash.gif","Resources","3276","未被正式场景、预设、构建配置或动态加载路径引用"
"Assets/Resources/pixramen-valley-asset-pack-v2/pixramen-valley-asset-pack-v2/dark-knight/gif/5x/dark-knight-dead-falling.gif","Resources","1231","未被正式场景、预设、构建配置或动态加载路径引用"
"Assets/Resources/pixramen-valley-asset-pack-v2/pixramen-valley-asset-pack-v2/dark-knight/gif/5x/dark-knight-dead-ground.gif","Resources","2130","未被正式场景、预设、构建配置或动态加载路径引用"
"Assets/Resources/pixramen-valley-asset-pack-v2/pixramen-valley-asset-pack-v2/dark-knight/gif/5x/dark-knight-drink-blue-potion.gif","Resources","7466","未被正式场景、预设、构建配置或动态加载路径引用"
"Assets/Resources/pixramen-valley-asset-pack-v2/pixramen-valley-asset-pack-v2/dark-knight/gif/5x/dark-knight-drink-green-potion.gif","Resources","7591","未被正式场景、预设、构建配置或动态加载路径引用"
"Assets/Resources/pixramen-valley-asset-pack-v2/pixramen-valley-asset-pack-v2/dark-knight/gif/5x/dark-knight-drink-red-potion.gif","Resources","7554","未被正式场景、预设、构建配置或动态加载路径引用"
"Assets/Resources/pixramen-valley-asset-pack-v2/pixramen-valley-asset-pack-v2/dark-knight/gif/5x/dark-knight-falling.gif","Resources","2960","未被正式场景、预设、构建配置或动态加载路径引用"
"Assets/Resources/pixramen-valley-asset-pack-v2/pixramen-valley-asset-pack-v2/dark-knight/gif/5x/dark-knight-fall-recovery.gif","Resources","1571","未被正式场景、预设、构建配置或动态加载路径引用"
"Assets/Resources/pixramen-valley-asset-pack-v2/pixramen-valley-asset-pack-v2/dark-knight/gif/5x/dark-knight-heavy-combo-a.gif","Resources","10197","未被正式场景、预设、构建配置或动态加载路径引用"
"Assets/Resources/pixramen-valley-asset-pack-v2/pixramen-valley-asset-pack-v2/dark-knight/gif/5x/dark-knight-heavy-combo-a-effect.gif","Resources","3098","未被正式场景、预设、构建配置或动态加载路径引用"
"Assets/Resources/pixramen-valley-asset-pack-v2/pixramen-valley-asset-pack-v2/dark-knight/gif/5x/dark-knight-heavy-combo-b.gif","Resources","9346","未被正式场景、预设、构建配置或动态加载路径引用"
"Assets/Resources/pixramen-valley-asset-pack-v2/pixramen-valley-asset-pack-v2/dark-knight/gif/5x/dark-knight-heavy-combo-b-effect.gif","Resources","3242","未被正式场景、预设、构建配置或动态加载路径引用"
"Assets/Resources/pixramen-valley-asset-pack-v2/pixramen-valley-asset-pack-v2/dark-knight/gif/5x/dark-knight-heavy-combo-c.gif","Resources","16625","未被正式场景、预设、构建配置或动态加载路径引用"
"Assets/Resources/pixramen-valley-asset-pack-v2/pixramen-valley-asset-pack-v2/dark-knight/gif/5x/dark-knight-heavy-combo-c-effect.gif","Resources","7265","未被正式场景、预设、构建配置或动态加载路径引用"
"Assets/Resources/pixramen-valley-asset-pack-v2/pixramen-valley-asset-pack-v2/dark-knight/gif/5x/dark-knight-heavy-combo-leap-effect-a.gif","Resources","1393","未被正式场景、预设、构建配置或动态加载路径引用"
"Assets/Resources/pixramen-valley-asset-pack-v2/pixramen-valley-asset-pack-v2/dark-knight/gif/5x/dark-knight-heavy-combo-leap-effect-b.gif","Resources","1393","未被正式场景、预设、构建配置或动态加载路径引用"
"Assets/Resources/pixramen-valley-asset-pack-v2/pixramen-valley-asset-pack-v2/dark-knight/gif/5x/dark-knight-heavy-combo-leap-effect-c.gif","Resources","1504","未被正式场景、预设、构建配置或动态加载路径引用"
"Assets/Resources/pixramen-valley-asset-pack-v2/pixramen-valley-asset-pack-v2/dark-knight/gif/5x/dark-knight-heavy-combo-with-effect-a.gif","Resources","10197","未被正式场景、预设、构建配置或动态加载路径引用"
"Assets/Resources/pixramen-valley-asset-pack-v2/pixramen-valley-asset-pack-v2/dark-knight/gif/5x/dark-knight-heavy-combo-with-effect-b.gif","Resources","9346","未被正式场景、预设、构建配置或动态加载路径引用"
"Assets/Resources/pixramen-valley-asset-pack-v2/pixramen-valley-asset-pack-v2/dark-knight/gif/5x/dark-knight-heavy-combo-with-effect-c.gif","Resources","16625","未被正式场景、预设、构建配置或动态加载路径引用"
"Assets/Resources/pixramen-valley-asset-pack-v2/pixramen-valley-asset-pack-v2/dark-knight/gif/5x/dark-knight-idle.gif","Resources","1762","未被正式场景、预设、构建配置或动态加载路径引用"
"Assets/Resources/pixramen-valley-asset-pack-v2/pixramen-valley-asset-pack-v2/dark-knight/gif/5x/dark-knight-jump.gif","Resources","3623","未被正式场景、预设、构建配置或动态加载路径引用"
"Assets/Resources/pixramen-valley-asset-pack-v2/pixramen-valley-asset-pack-v2/dark-knight/gif/5x/dark-knight-knockback.gif","Resources","2895","未被正式场景、预设、构建配置或动态加载路径引用"
"Assets/Resources/pixramen-valley-asset-pack-v2/pixramen-valley-asset-pack-v2/dark-knight/gif/5x/dark-knight-normal-combo-a.gif","Resources","5490","未被正式场景、预设、构建配置或动态加载路径引用"
"Assets/Resources/pixramen-valley-asset-pack-v2/pixramen-valley-asset-pack-v2/dark-knight/gif/5x/dark-knight-normal-combo-b.gif","Resources","4935","未被正式场景、预设、构建配置或动态加载路径引用"
"Assets/Resources/pixramen-valley-asset-pack-v2/pixramen-valley-asset-pack-v2/dark-knight/gif/5x/dark-knight-normal-combo-c.gif","Resources","5936","未被正式场景、预设、构建配置或动态加载路径引用"
"Assets/Resources/pixramen-valley-asset-pack-v2/pixramen-valley-asset-pack-v2/dark-knight/gif/5x/dark-knight-parry.gif","Resources","4418","未被正式场景、预设、构建配置或动态加载路径引用"
"Assets/Resources/pixramen-valley-asset-pack-v2/pixramen-valley-asset-pack-v2/dark-knight/gif/5x/dark-knight-parry-effect.gif","Resources","4476","未被正式场景、预设、构建配置或动态加载路径引用"
"Assets/Resources/pixramen-valley-asset-pack-v2/pixramen-valley-asset-pack-v2/dark-knight/gif/5x/dark-knight-parry-with-effect.gif","Resources","4476","未被正式场景、预设、构建配置或动态加载路径引用"
"Assets/Resources/pixramen-valley-asset-pack-v2/pixramen-valley-asset-pack-v2/dark-knight/gif/5x/dark-knight-prepare-jump.gif","Resources","1571","未被正式场景、预设、构建配置或动态加载路径引用"
"Assets/Resources/pixramen-valley-asset-pack-v2/pixramen-valley-asset-pack-v2/dark-knight/gif/5x/dark-knight-run.gif","Resources","5588","未被正式场景、预设、构建配置或动态加载路径引用"
"Assets/Resources/pixramen-valley-asset-pack-v2/pixramen-valley-asset-pack-v2/dark-knight/png/1x/dark-knight-air-combo-a/dark-knight-air-combo-a1.png","Resources","359","未被正式场景、预设、构建配置或动态加载路径引用"
"Assets/Resources/pixramen-valley-asset-pack-v2/pixramen-valley-asset-pack-v2/dark-knight/png/1x/dark-knight-air-combo-a/dark-knight-air-combo-a2.png","Resources","382","未被正式场景、预设、构建配置或动态加载路径引用"
"Assets/Resources/pixramen-valley-asset-pack-v2/pixramen-valley-asset-pack-v2/dark-knight/png/1x/dark-knight-air-combo-a/dark-knight-air-combo-a3.png","Resources","379","未被正式场景、预设、构建配置或动态加载路径引用"
"Assets/Resources/pixramen-valley-asset-pack-v2/pixramen-valley-asset-pack-v2/dark-knight/png/1x/dark-knight-air-combo-a/dark-knight-air-combo-a4.png","Resources","436","未被正式场景、预设、构建配置或动态加载路径引用"
"Assets/Resources/pixramen-valley-asset-pack-v2/pixramen-valley-asset-pack-v2/dark-knight/png/1x/dark-knight-air-combo-a/dark-knight-air-combo-a5.png","Resources","360","未被正式场景、预设、构建配置或动态加载路径引用"
"Assets/Resources/pixramen-valley-asset-pack-v2/pixramen-valley-asset-pack-v2/dark-knight/png/1x/dark-knight-air-combo-a/dark-knight-air-combo-a6.png","Resources","359","未被正式场景、预设、构建配置或动态加载路径引用"
"Assets/Resources/pixramen-valley-asset-pack-v2/pixramen-valley-asset-pack-v2/dark-knight/png/1x/dark-knight-air-combo-a/dark-knight-air-combo-a7.png","Resources","383","未被正式场景、预设、构建配置或动态加载路径引用"
"Assets/Resources/pixramen-valley-asset-pack-v2/pixramen-valley-asset-pack-v2/dark-knight/png/1x/dark-knight-air-combo-a/dark-knight-air-combo-a8.png","Resources","396","未被正式场景、预设、构建配置或动态加载路径引用"
"Assets/Resources/pixramen-valley-asset-pack-v2/pixramen-valley-asset-pack-v2/dark-knight/png/1x/dark-knight-air-combo-b/dark-knight-air-combo-b1.png","Resources","406","未被正式场景、预设、构建配置或动态加载路径引用"
"Assets/Resources/pixramen-valley-asset-pack-v2/pixramen-valley-asset-pack-v2/dark-knight/png/1x/dark-knight-air-combo-b/dark-knight-air-combo-b2.png","Resources","364","未被正式场景、预设、构建配置或动态加载路径引用"
"Assets/Resources/pixramen-valley-asset-pack-v2/pixramen-valley-asset-pack-v2/dark-knight/png/1x/dark-knight-air-combo-b/dark-knight-air-combo-b3.png","Resources","373","未被正式场景、预设、构建配置或动态加载路径引用"
"Assets/Resources/pixramen-valley-asset-pack-v2/pixramen-valley-asset-pack-v2/dark-knight/png/1x/dark-knight-air-combo-b/dark-knight-air-combo-b4.png","Resources","435","未被正式场景、预设、构建配置或动态加载路径引用"
"Assets/Resources/pixramen-valley-asset-pack-v2/pixramen-valley-asset-pack-v2/dark-knight/png/1x/dark-knight-air-combo-b/dark-knight-air-combo-b5.png","Resources","372","未被正式场景、预设、构建配置或动态加载路径引用"
"Assets/Resources/pixramen-valley-asset-pack-v2/pixramen-valley-asset-pack-v2/dark-knight/png/1x/dark-knight-air-combo-b/dark-knight-air-combo-b6.png","Resources","351","未被正式场景、预设、构建配置或动态加载路径引用"
"Assets/Resources/pixramen-valley-asset-pack-v2/pixramen-valley-asset-pack-v2/dark-knight/png/1x/dark-knight-air-combo-b/dark-knight-air-combo-b7.png","Resources","359","未被正式场景、预设、构建配置或动态加载路径引用"
"Assets/Resources/pixramen-valley-asset-pack-v2/pixramen-valley-asset-pack-v2/dark-knight/png/1x/dark-knight-air-combo-b/dark-knight-air-combo-b8.png","Resources","337","未被正式场景、预设、构建配置或动态加载路径引用"
"Assets/Resources/pixramen-valley-asset-pack-v2/pixramen-valley-asset-pack-v2/dark-knight/png/1x/dark-knight-air-combo-c/dark-knight-air-combo-c1.png","Resources","368","未被正式场景、预设、构建配置或动态加载路径引用"
"Assets/Resources/pixramen-valley-asset-pack-v2/pixramen-valley-asset-pack-v2/dark-knight/png/1x/dark-knight-air-combo-c/dark-knight-air-combo-c2.png","Resources","380","未被正式场景、预设、构建配置或动态加载路径引用"
"Assets/Resources/pixramen-valley-asset-pack-v2/pixramen-valley-asset-pack-v2/dark-knight/png/1x/dark-knight-air-combo-c/dark-knight-air-combo-c3.png","Resources","446","未被正式场景、预设、构建配置或动态加载路径引用"
"Assets/Resources/pixramen-valley-asset-pack-v2/pixramen-valley-asset-pack-v2/dark-knight/png/1x/dark-knight-air-combo-c/dark-knight-air-combo-c4.png","Resources","359","未被正式场景、预设、构建配置或动态加载路径引用"
"Assets/Resources/pixramen-valley-asset-pack-v2/pixramen-valley-asset-pack-v2/dark-knight/png/1x/dark-knight-air-combo-c/dark-knight-air-combo-c5.png","Resources","385","未被正式场景、预设、构建配置或动态加载路径引用"
"Assets/Resources/pixramen-valley-asset-pack-v2/pixramen-valley-asset-pack-v2/dark-knight/png/1x/dark-knight-air-combo-c/dark-knight-air-combo-c6.png","Resources","386","未被正式场景、预设、构建配置或动态加载路径引用"
"Assets/Resources/pixramen-valley-asset-pack-v2/pixramen-valley-asset-pack-v2/dark-knight/png/1x/dark-knight-air-combo-c/dark-knight-air-combo-c7.png","Resources","382","未被正式场景、预设、构建配置或动态加载路径引用"
"Assets/Resources/pixramen-valley-asset-pack-v2/pixramen-valley-asset-pack-v2/dark-knight/png/1x/dark-knight-blocking/dark-knight-blocking1.png","Resources","400","未被正式场景、预设、构建配置或动态加载路径引用"
"Assets/Resources/pixramen-valley-asset-pack-v2/pixramen-valley-asset-pack-v2/dark-knight/png/1x/dark-knight-blocking/dark-knight-blocking2.png","Resources","394","未被正式场景、预设、构建配置或动态加载路径引用"
"Assets/Resources/pixramen-valley-asset-pack-v2/pixramen-valley-asset-pack-v2/dark-knight/png/1x/dark-knight-climb/dark-knight-climb1.png","Resources","410","未被正式场景、预设、构建配置或动态加载路径引用"
"Assets/Resources/pixramen-valley-asset-pack-v2/pixramen-valley-asset-pack-v2/dark-knight/png/1x/dark-knight-climb/dark-knight-climb2.png","Resources","397","未被正式场景、预设、构建配置或动态加载路径引用"
"Assets/Resources/pixramen-valley-asset-pack-v2/pixramen-valley-asset-pack-v2/dark-knight/png/1x/dark-knight-climb/dark-knight-climb3.png","Resources","393","未被正式场景、预设、构建配置或动态加载路径引用"
"Assets/Resources/pixramen-valley-asset-pack-v2/pixramen-valley-asset-pack-v2/dark-knight/png/1x/dark-knight-climb/dark-knight-climb4.png","Resources","400","未被正式场景、预设、构建配置或动态加载路径引用"
"Assets/Resources/pixramen-valley-asset-pack-v2/pixramen-valley-asset-pack-v2/dark-knight/png/1x/dark-knight-dash/dark-knight-dash1.png","Resources","407","未被正式场景、预设、构建配置或动态加载路径引用"
"Assets/Resources/pixramen-valley-asset-pack-v2/pixramen-valley-asset-pack-v2/dark-knight/png/1x/dark-knight-dash/dark-knight-dash2.png","Resources","388","未被正式场景、预设、构建配置或动态加载路径引用"
"Assets/Resources/pixramen-valley-asset-pack-v2/pixramen-valley-asset-pack-v2/dark-knight/png/1x/dark-knight-dash/dark-knight-dash3.png","Resources","401","未被正式场景、预设、构建配置或动态加载路径引用"
"Assets/Resources/pixramen-valley-asset-pack-v2/pixramen-valley-asset-pack-v2/dark-knight/png/1x/dark-knight-dash/dark-knight-dash4.png","Resources","379","未被正式场景、预设、构建配置或动态加载路径引用"
"Assets/Resources/pixramen-valley-asset-pack-v2/pixramen-valley-asset-pack-v2/dark-knight/png/1x/dark-knight-dash/dark-knight-dash5.png","Resources","371","未被正式场景、预设、构建配置或动态加载路径引用"
"Assets/Resources/pixramen-valley-asset-pack-v2/pixramen-valley-asset-pack-v2/dark-knight/png/1x/dark-knight-dead-falling/dark-knight-dead-falling1.png","Resources","328","未被正式场景、预设、构建配置或动态加载路径引用"
"Assets/Resources/pixramen-valley-asset-pack-v2/pixramen-valley-asset-pack-v2/dark-knight/png/1x/dark-knight-dead-falling/dark-knight-dead-falling2.png","Resources","316","未被正式场景、预设、构建配置或动态加载路径引用"
"Assets/Resources/pixramen-valley-asset-pack-v2/pixramen-valley-asset-pack-v2/dark-knight/png/1x/dark-knight-dead-ground/dark-knight-dead-ground1.png","Resources","274","未被正式场景、预设、构建配置或动态加载路径引用"
"Assets/Resources/pixramen-valley-asset-pack-v2/pixramen-valley-asset-pack-v2/dark-knight/png/1x/dark-knight-dead-ground/dark-knight-dead-ground2.png","Resources","285","未被正式场景、预设、构建配置或动态加载路径引用"
"Assets/Resources/pixramen-valley-asset-pack-v2/pixramen-valley-asset-pack-v2/dark-knight/png/1x/dark-knight-dead-ground/dark-knight-dead-ground3.png","Resources","285","未被正式场景、预设、构建配置或动态加载路径引用"
"Assets/Resources/pixramen-valley-asset-pack-v2/pixramen-valley-asset-pack-v2/dark-knight/png/1x/dark-knight-dead-ground/dark-knight-dead-ground4.png","Resources","275","未被正式场景、预设、构建配置或动态加载路径引用"
"Assets/Resources/pixramen-valley-asset-pack-v2/pixramen-valley-asset-pack-v2/dark-knight/png/1x/dark-knight-dead-ground/dark-knight-dead-ground5.png","Resources","274","未被正式场景、预设、构建配置或动态加载路径引用"
"Assets/Resources/pixramen-valley-asset-pack-v2/pixramen-valley-asset-pack-v2/dark-knight/png/1x/dark-knight-drink-blue-potion/dark-knight-drink-blue-potion1.png","Resources","427","未被正式场景、预设、构建配置或动态加载路径引用"
"Assets/Resources/pixramen-valley-asset-pack-v2/pixramen-valley-asset-pack-v2/dark-knight/png/1x/dark-knight-drink-blue-potion/dark-knight-drink-blue-potion10.png","Resources","441","未被正式场景、预设、构建配置或动态加载路径引用"
"Assets/Resources/pixramen-valley-asset-pack-v2/pixramen-valley-asset-pack-v2/dark-knight/png/1x/dark-knight-drink-blue-potion/dark-knight-drink-blue-potion11.png","Resources","444","未被正式场景、预设、构建配置或动态加载路径引用"
"Assets/Resources/pixramen-valley-asset-pack-v2/pixramen-valley-asset-pack-v2/dark-knight/png/1x/dark-knight-drink-blue-potion/dark-knight-drink-blue-potion2.png","Resources","437","未被正式场景、预设、构建配置或动态加载路径引用"
"Assets/Resources/pixramen-valley-asset-pack-v2/pixramen-valley-asset-pack-v2/dark-knight/png/1x/dark-knight-drink-blue-potion/dark-knight-drink-blue-potion3.png","Resources","445","未被正式场景、预设、构建配置或动态加载路径引用"
"Assets/Resources/pixramen-valley-asset-pack-v2/pixramen-valley-asset-pack-v2/dark-knight/png/1x/dark-knight-drink-blue-potion/dark-knight-drink-blue-potion4.png","Resources","467","未被正式场景、预设、构建配置或动态加载路径引用"
"Assets/Resources/pixramen-valley-asset-pack-v2/pixramen-valley-asset-pack-v2/dark-knight/png/1x/dark-knight-drink-blue-potion/dark-knight-drink-blue-potion5.png","Resources","437","未被正式场景、预设、构建配置或动态加载路径引用"
"Assets/Resources/pixramen-valley-asset-pack-v2/pixramen-valley-asset-pack-v2/dark-knight/png/1x/dark-knight-drink-blue-potion/dark-knight-drink-blue-potion6.png","Resources","353","未被正式场景、预设、构建配置或动态加载路径引用"
"Assets/Resources/pixramen-valley-asset-pack-v2/pixramen-valley-asset-pack-v2/dark-knight/png/1x/dark-knight-drink-blue-potion/dark-knight-drink-blue-potion7.png","Resources","461","未被正式场景、预设、构建配置或动态加载路径引用"
"Assets/Resources/pixramen-valley-asset-pack-v2/pixramen-valley-asset-pack-v2/dark-knight/png/1x/dark-knight-drink-blue-potion/dark-knight-drink-blue-potion8.png","Resources","447","未被正式场景、预设、构建配置或动态加载路径引用"
"Assets/Resources/pixramen-valley-asset-pack-v2/pixramen-valley-asset-pack-v2/dark-knight/png/1x/dark-knight-drink-blue-potion/dark-knight-drink-blue-potion9.png","Resources","448","未被正式场景、预设、构建配置或动态加载路径引用"
"Assets/Resources/pixramen-valley-asset-pack-v2/pixramen-valley-asset-pack-v2/dark-knight/png/1x/dark-knight-drink-green-potion/dark-knight-drink-green-potion1.png","Resources","427","未被正式场景、预设、构建配置或动态加载路径引用"
"Assets/Resources/pixramen-valley-asset-pack-v2/pixramen-valley-asset-pack-v2/dark-knight/png/1x/dark-knight-drink-green-potion/dark-knight-drink-green-potion10.png","Resources","482","未被正式场景、预设、构建配置或动态加载路径引用"
"Assets/Resources/pixramen-valley-asset-pack-v2/pixramen-valley-asset-pack-v2/dark-knight/png/1x/dark-knight-drink-green-potion/dark-knight-drink-green-potion11.png","Resources","444","未被正式场景、预设、构建配置或动态加载路径引用"
"Assets/Resources/pixramen-valley-asset-pack-v2/pixramen-valley-asset-pack-v2/dark-knight/png/1x/dark-knight-drink-green-potion/dark-knight-drink-green-potion2.png","Resources","437","未被正式场景、预设、构建配置或动态加载路径引用"
"Assets/Resources/pixramen-valley-asset-pack-v2/pixramen-valley-asset-pack-v2/dark-knight/png/1x/dark-knight-drink-green-potion/dark-knight-drink-green-potion3.png","Resources","445","未被正式场景、预设、构建配置或动态加载路径引用"
"Assets/Resources/pixramen-valley-asset-pack-v2/pixramen-valley-asset-pack-v2/dark-knight/png/1x/dark-knight-drink-green-potion/dark-knight-drink-green-potion4.png","Resources","467","未被正式场景、预设、构建配置或动态加载路径引用"
"Assets/Resources/pixramen-valley-asset-pack-v2/pixramen-valley-asset-pack-v2/dark-knight/png/1x/dark-knight-drink-green-potion/dark-knight-drink-green-potion5.png","Resources","437","未被正式场景、预设、构建配置或动态加载路径引用"
"Assets/Resources/pixramen-valley-asset-pack-v2/pixramen-valley-asset-pack-v2/dark-knight/png/1x/dark-knight-drink-green-potion/dark-knight-drink-green-potion6.png","Resources","378","未被正式场景、预设、构建配置或动态加载路径引用"
"Assets/Resources/pixramen-valley-asset-pack-v2/pixramen-valley-asset-pack-v2/dark-knight/png/1x/dark-knight-drink-green-potion/dark-knight-drink-green-potion7.png","Resources","471","未被正式场景、预设、构建配置或动态加载路径引用"
"Assets/Resources/pixramen-valley-asset-pack-v2/pixramen-valley-asset-pack-v2/dark-knight/png/1x/dark-knight-drink-green-potion/dark-knight-drink-green-potion8.png","Resources","483","未被正式场景、预设、构建配置或动态加载路径引用"
"Assets/Resources/pixramen-valley-asset-pack-v2/pixramen-valley-asset-pack-v2/dark-knight/png/1x/dark-knight-drink-green-potion/dark-knight-drink-green-potion9.png","Resources","464","未被正式场景、预设、构建配置或动态加载路径引用"
"Assets/Resources/pixramen-valley-asset-pack-v2/pixramen-valley-asset-pack-v2/dark-knight/png/1x/dark-knight-falling/dark-knight-falling1.png","Resources","431","未被正式场景、预设、构建配置或动态加载路径引用"
"Assets/Resources/pixramen-valley-asset-pack-v2/pixramen-valley-asset-pack-v2/dark-knight/png/1x/dark-knight-falling/dark-knight-falling2.png","Resources","420","未被正式场景、预设、构建配置或动态加载路径引用"
"Assets/Resources/pixramen-valley-asset-pack-v2/pixramen-valley-asset-pack-v2/dark-knight/png/1x/dark-knight-falling/dark-knight-falling3.png","Resources","413","未被正式场景、预设、构建配置或动态加载路径引用"
"Assets/Resources/pixramen-valley-asset-pack-v2/pixramen-valley-asset-pack-v2/dark-knight/png/1x/dark-knight-falling/dark-knight-falling4.png","Resources","420","未被正式场景、预设、构建配置或动态加载路径引用"
"Assets/Resources/pixramen-valley-asset-pack-v2/pixramen-valley-asset-pack-v2/dark-knight/png/1x/dark-knight-fall-recovery/dark-knight-fall-recovery1.png","Resources","368","未被正式场景、预设、构建配置或动态加载路径引用"
"Assets/Resources/pixramen-valley-asset-pack-v2/pixramen-valley-asset-pack-v2/dark-knight/png/1x/dark-knight-fall-recovery/dark-knight-fall-recovery2.png","Resources","399","未被正式场景、预设、构建配置或动态加载路径引用"
"Assets/Resources/pixramen-valley-asset-pack-v2/pixramen-valley-asset-pack-v2/dark-knight/png/1x/dark-knight-heavy-combo-a/dark-knight-heavy-combo-a1.png","Resources","408","未被正式场景、预设、构建配置或动态加载路径引用"
"Assets/Resources/pixramen-valley-asset-pack-v2/pixramen-valley-asset-pack-v2/dark-knight/png/1x/dark-knight-heavy-combo-a/dark-knight-heavy-combo-a10.png","Resources","637","未被正式场景、预设、构建配置或动态加载路径引用"
"Assets/Resources/pixramen-valley-asset-pack-v2/pixramen-valley-asset-pack-v2/dark-knight/png/1x/dark-knight-heavy-combo-a/dark-knight-heavy-combo-a11.png","Resources","473","未被正式场景、预设、构建配置或动态加载路径引用"
"Assets/Resources/pixramen-valley-asset-pack-v2/pixramen-valley-asset-pack-v2/dark-knight/png/1x/dark-knight-heavy-combo-a/dark-knight-heavy-combo-a12.png","Resources","372","未被正式场景、预设、构建配置或动态加载路径引用"
"Assets/Resources/pixramen-valley-asset-pack-v2/pixramen-valley-asset-pack-v2/dark-knight/png/1x/dark-knight-heavy-combo-a/dark-knight-heavy-combo-a2.png","Resources","485","未被正式场景、预设、构建配置或动态加载路径引用"
"Assets/Resources/pixramen-valley-asset-pack-v2/pixramen-valley-asset-pack-v2/dark-knight/png/1x/dark-knight-heavy-combo-a/dark-knight-heavy-combo-a3.png","Resources","466","未被正式场景、预设、构建配置或动态加载路径引用"
"Assets/Resources/pixramen-valley-asset-pack-v2/pixramen-valley-asset-pack-v2/dark-knight/png/1x/dark-knight-heavy-combo-a/dark-knight-heavy-combo-a4.png","Resources","502","未被正式场景、预设、构建配置或动态加载路径引用"
"Assets/Resources/pixramen-valley-asset-pack-v2/pixramen-valley-asset-pack-v2/dark-knight/png/1x/dark-knight-heavy-combo-a/dark-knight-heavy-combo-a5.png","Resources","489","未被正式场景、预设、构建配置或动态加载路径引用"
"Assets/Resources/pixramen-valley-asset-pack-v2/pixramen-valley-asset-pack-v2/dark-knight/png/1x/dark-knight-heavy-combo-a/dark-knight-heavy-combo-a6.png","Resources","426","未被正式场景、预设、构建配置或动态加载路径引用"
"Assets/Resources/pixramen-valley-asset-pack-v2/pixramen-valley-asset-pack-v2/dark-knight/png/1x/dark-knight-heavy-combo-a/dark-knight-heavy-combo-a7.png","Resources","457","未被正式场景、预设、构建配置或动态加载路径引用"
"Assets/Resources/pixramen-valley-asset-pack-v2/pixramen-valley-asset-pack-v2/dark-knight/png/1x/dark-knight-heavy-combo-a/dark-knight-heavy-combo-a8.png","Resources","641","未被正式场景、预设、构建配置或动态加载路径引用"
"Assets/Resources/pixramen-valley-asset-pack-v2/pixramen-valley-asset-pack-v2/dark-knight/png/1x/dark-knight-heavy-combo-a/dark-knight-heavy-combo-a9.png","Resources","786","未被正式场景、预设、构建配置或动态加载路径引用"
"Assets/Resources/pixramen-valley-asset-pack-v2/pixramen-valley-asset-pack-v2/dark-knight/png/1x/dark-knight-heavy-combo-a-effect/dark-knight-heavy-combo-a-effect1.png","Resources","192","未被正式场景、预设、构建配置或动态加载路径引用"
"Assets/Resources/pixramen-valley-asset-pack-v2/pixramen-valley-asset-pack-v2/dark-knight/png/1x/dark-knight-heavy-combo-a-effect/dark-knight-heavy-combo-a-effect2.png","Resources","473","未被正式场景、预设、构建配置或动态加载路径引用"
"Assets/Resources/pixramen-valley-asset-pack-v2/pixramen-valley-asset-pack-v2/dark-knight/png/1x/dark-knight-heavy-combo-a-effect/dark-knight-heavy-combo-a-effect3.png","Resources","583","未被正式场景、预设、构建配置或动态加载路径引用"
"Assets/Resources/pixramen-valley-asset-pack-v2/pixramen-valley-asset-pack-v2/dark-knight/png/1x/dark-knight-heavy-combo-a-effect/dark-knight-heavy-combo-a-effect4.png","Resources","405","未被正式场景、预设、构建配置或动态加载路径引用"
"Assets/Resources/pixramen-valley-asset-pack-v2/pixramen-valley-asset-pack-v2/dark-knight/png/1x/dark-knight-heavy-combo-b/dark-knight-heavy-combo-b1.png","Resources","429","未被正式场景、预设、构建配置或动态加载路径引用"
"Assets/Resources/pixramen-valley-asset-pack-v2/pixramen-valley-asset-pack-v2/dark-knight/png/1x/dark-knight-heavy-combo-b/dark-knight-heavy-combo-b10.png","Resources","384","未被正式场景、预设、构建配置或动态加载路径引用"
"Assets/Resources/pixramen-valley-asset-pack-v2/pixramen-valley-asset-pack-v2/dark-knight/png/1x/dark-knight-heavy-combo-b/dark-knight-heavy-combo-b2.png","Resources","456","未被正式场景、预设、构建配置或动态加载路径引用"
"Assets/Resources/pixramen-valley-asset-pack-v2/pixramen-valley-asset-pack-v2/dark-knight/png/1x/dark-knight-heavy-combo-b/dark-knight-heavy-combo-b3.png","Resources","491","未被正式场景、预设、构建配置或动态加载路径引用"
"Assets/Resources/pixramen-valley-asset-pack-v2/pixramen-valley-asset-pack-v2/dark-knight/png/1x/dark-knight-heavy-combo-b/dark-knight-heavy-combo-b4.png","Resources","583","未被正式场景、预设、构建配置或动态加载路径引用"
"Assets/Resources/pixramen-valley-asset-pack-v2/pixramen-valley-asset-pack-v2/dark-knight/png/1x/dark-knight-heavy-combo-b/dark-knight-heavy-combo-b5.png","Resources","469","未被正式场景、预设、构建配置或动态加载路径引用"
"Assets/Resources/pixramen-valley-asset-pack-v2/pixramen-valley-asset-pack-v2/dark-knight/png/1x/dark-knight-heavy-combo-b/dark-knight-heavy-combo-b6.png","Resources","661","未被正式场景、预设、构建配置或动态加载路径引用"
"Assets/Resources/pixramen-valley-asset-pack-v2/pixramen-valley-asset-pack-v2/dark-knight/png/1x/dark-knight-heavy-combo-b/dark-knight-heavy-combo-b7.png","Resources","819","未被正式场景、预设、构建配置或动态加载路径引用"
"Assets/Resources/pixramen-valley-asset-pack-v2/pixramen-valley-asset-pack-v2/dark-knight/png/1x/dark-knight-heavy-combo-b/dark-knight-heavy-combo-b8.png","Resources","699","未被正式场景、预设、构建配置或动态加载路径引用"
"Assets/Resources/pixramen-valley-asset-pack-v2/pixramen-valley-asset-pack-v2/dark-knight/png/1x/dark-knight-heavy-combo-b/dark-knight-heavy-combo-b9.png","Resources","552","未被正式场景、预设、构建配置或动态加载路径引用"
"Assets/Resources/pixramen-valley-asset-pack-v2/pixramen-valley-asset-pack-v2/dark-knight/png/1x/dark-knight-heavy-combo-b-effect/dark-knight-heavy-combo-b-effect1.png","Resources","392","未被正式场景、预设、构建配置或动态加载路径引用"
"Assets/Resources/pixramen-valley-asset-pack-v2/pixramen-valley-asset-pack-v2/dark-knight/png/1x/dark-knight-heavy-combo-b-effect/dark-knight-heavy-combo-b-effect2.png","Resources","575","未被正式场景、预设、构建配置或动态加载路径引用"
"Assets/Resources/pixramen-valley-asset-pack-v2/pixramen-valley-asset-pack-v2/dark-knight/png/1x/dark-knight-heavy-combo-b-effect/dark-knight-heavy-combo-b-effect3.png","Resources","429","未被正式场景、预设、构建配置或动态加载路径引用"
"Assets/Resources/pixramen-valley-asset-pack-v2/pixramen-valley-asset-pack-v2/dark-knight/png/1x/dark-knight-heavy-combo-b-effect/dark-knight-heavy-combo-b-effect4.png","Resources","317","未被正式场景、预设、构建配置或动态加载路径引用"
"Assets/Resources/pixramen-valley-asset-pack-v2/pixramen-valley-asset-pack-v2/dark-knight/png/1x/dark-knight-heavy-combo-c/dark-knight-heavy-combo-c1.png","Resources","340","未被正式场景、预设、构建配置或动态加载路径引用"
"Assets/Resources/pixramen-valley-asset-pack-v2/pixramen-valley-asset-pack-v2/dark-knight/png/1x/dark-knight-heavy-combo-c/dark-knight-heavy-combo-c10.png","Resources","914","未被正式场景、预设、构建配置或动态加载路径引用"
"Assets/Resources/pixramen-valley-asset-pack-v2/pixramen-valley-asset-pack-v2/dark-knight/png/1x/dark-knight-heavy-combo-c/dark-knight-heavy-combo-c11.png","Resources","717","未被正式场景、预设、构建配置或动态加载路径引用"
"Assets/Resources/pixramen-valley-asset-pack-v2/pixramen-valley-asset-pack-v2/dark-knight/png/1x/dark-knight-heavy-combo-c/dark-knight-heavy-combo-c12.png","Resources","372","未被正式场景、预设、构建配置或动态加载路径引用"
"Assets/Resources/pixramen-valley-asset-pack-v2/pixramen-valley-asset-pack-v2/dark-knight/png/1x/dark-knight-heavy-combo-c/dark-knight-heavy-combo-c13.png","Resources","361","未被正式场景、预设、构建配置或动态加载路径引用"
"Assets/Resources/pixramen-valley-asset-pack-v2/pixramen-valley-asset-pack-v2/dark-knight/png/1x/dark-knight-heavy-combo-c/dark-knight-heavy-combo-c2.png","Resources","323","未被正式场景、预设、构建配置或动态加载路径引用"
"Assets/Resources/pixramen-valley-asset-pack-v2/pixramen-valley-asset-pack-v2/dark-knight/png/1x/dark-knight-heavy-combo-c/dark-knight-heavy-combo-c3.png","Resources","422","未被正式场景、预设、构建配置或动态加载路径引用"
"Assets/Resources/pixramen-valley-asset-pack-v2/pixramen-valley-asset-pack-v2/dark-knight/png/1x/dark-knight-heavy-combo-c/dark-knight-heavy-combo-c4.png","Resources","619","未被正式场景、预设、构建配置或动态加载路径引用"
"Assets/Resources/pixramen-valley-asset-pack-v2/pixramen-valley-asset-pack-v2/dark-knight/png/1x/dark-knight-heavy-combo-c/dark-knight-heavy-combo-c5.png","Resources","626","未被正式场景、预设、构建配置或动态加载路径引用"
"Assets/Resources/pixramen-valley-asset-pack-v2/pixramen-valley-asset-pack-v2/dark-knight/png/1x/dark-knight-heavy-combo-c/dark-knight-heavy-combo-c6.png","Resources","503","未被正式场景、预设、构建配置或动态加载路径引用"
"Assets/Resources/pixramen-valley-asset-pack-v2/pixramen-valley-asset-pack-v2/dark-knight/png/1x/dark-knight-heavy-combo-c/dark-knight-heavy-combo-c7.png","Resources","481","未被正式场景、预设、构建配置或动态加载路径引用"
"Assets/Resources/pixramen-valley-asset-pack-v2/pixramen-valley-asset-pack-v2/dark-knight/png/1x/dark-knight-heavy-combo-c/dark-knight-heavy-combo-c8.png","Resources","966","未被正式场景、预设、构建配置或动态加载路径引用"
"Assets/Resources/pixramen-valley-asset-pack-v2/pixramen-valley-asset-pack-v2/dark-knight/png/1x/dark-knight-heavy-combo-c/dark-knight-heavy-combo-c9.png","Resources","1250","未被正式场景、预设、构建配置或动态加载路径引用"
"Assets/Resources/pixramen-valley-asset-pack-v2/pixramen-valley-asset-pack-v2/dark-knight/png/1x/dark-knight-heavy-combo-c-effect/dark-knight-heavy-combo-c-effect1.png","Resources","764","未被正式场景、预设、构建配置或动态加载路径引用"
"Assets/Resources/pixramen-valley-asset-pack-v2/pixramen-valley-asset-pack-v2/dark-knight/png/1x/dark-knight-heavy-combo-c-effect/dark-knight-heavy-combo-c-effect2.png","Resources","1013","未被正式场景、预设、构建配置或动态加载路径引用"
"Assets/Resources/pixramen-valley-asset-pack-v2/pixramen-valley-asset-pack-v2/dark-knight/png/1x/dark-knight-heavy-combo-c-effect/dark-knight-heavy-combo-c-effect3.png","Resources","693","未被正式场景、预设、构建配置或动态加载路径引用"
"Assets/Resources/pixramen-valley-asset-pack-v2/pixramen-valley-asset-pack-v2/dark-knight/png/1x/dark-knight-heavy-combo-c-effect/dark-knight-heavy-combo-c-effect4.png","Resources","512","未被正式场景、预设、构建配置或动态加载路径引用"
"Assets/Resources/pixramen-valley-asset-pack-v2/pixramen-valley-asset-pack-v2/dark-knight/png/1x/dark-knight-heavy-combo-c-effect/dark-knight-heavy-combo-c-effect5.png","Resources","177","未被正式场景、预设、构建配置或动态加载路径引用"
"Assets/Resources/pixramen-valley-asset-pack-v2/pixramen-valley-asset-pack-v2/dark-knight/png/1x/dark-knight-heavy-combo-leap-effect-a/dark-knight-heavy-combo-leap-effect-a1.png","Resources","181","未被正式场景、预设、构建配置或动态加载路径引用"
"Assets/Resources/pixramen-valley-asset-pack-v2/pixramen-valley-asset-pack-v2/dark-knight/png/1x/dark-knight-heavy-combo-leap-effect-a/dark-knight-heavy-combo-leap-effect-a2.png","Resources","214","未被正式场景、预设、构建配置或动态加载路径引用"
"Assets/Resources/pixramen-valley-asset-pack-v2/pixramen-valley-asset-pack-v2/dark-knight/png/1x/dark-knight-heavy-combo-leap-effect-a/dark-knight-heavy-combo-leap-effect-a3.png","Resources","229","未被正式场景、预设、构建配置或动态加载路径引用"
"Assets/Resources/pixramen-valley-asset-pack-v2/pixramen-valley-asset-pack-v2/dark-knight/png/1x/dark-knight-heavy-combo-leap-effect-a/dark-knight-heavy-combo-leap-effect-a4.png","Resources","186","未被正式场景、预设、构建配置或动态加载路径引用"
"Assets/Resources/pixramen-valley-asset-pack-v2/pixramen-valley-asset-pack-v2/dark-knight/png/1x/dark-knight-heavy-combo-leap-effect-b/dark-knight-heavy-combo-leap-effect-b1.png","Resources","201","未被正式场景、预设、构建配置或动态加载路径引用"
"Assets/Resources/pixramen-valley-asset-pack-v2/pixramen-valley-asset-pack-v2/dark-knight/png/1x/dark-knight-heavy-combo-leap-effect-b/dark-knight-heavy-combo-leap-effect-b2.png","Resources","242","未被正式场景、预设、构建配置或动态加载路径引用"
"Assets/Resources/pixramen-valley-asset-pack-v2/pixramen-valley-asset-pack-v2/dark-knight/png/1x/dark-knight-heavy-combo-leap-effect-b/dark-knight-heavy-combo-leap-effect-b3.png","Resources","245","未被正式场景、预设、构建配置或动态加载路径引用"
"Assets/Resources/pixramen-valley-asset-pack-v2/pixramen-valley-asset-pack-v2/dark-knight/png/1x/dark-knight-heavy-combo-leap-effect-c/dark-knight-heavy-combo-leap-effect-c1.png","Resources","201","未被正式场景、预设、构建配置或动态加载路径引用"
"Assets/Resources/pixramen-valley-asset-pack-v2/pixramen-valley-asset-pack-v2/dark-knight/png/1x/dark-knight-heavy-combo-leap-effect-c/dark-knight-heavy-combo-leap-effect-c2.png","Resources","261","未被正式场景、预设、构建配置或动态加载路径引用"
"Assets/Resources/pixramen-valley-asset-pack-v2/pixramen-valley-asset-pack-v2/dark-knight/png/1x/dark-knight-heavy-combo-leap-effect-c/dark-knight-heavy-combo-leap-effect-c3.png","Resources","253","未被正式场景、预设、构建配置或动态加载路径引用"
"Assets/Resources/pixramen-valley-asset-pack-v2/pixramen-valley-asset-pack-v2/dark-knight/png/1x/dark-knight-heavy-combo-with-effect-a/dark-knight-heavy-combo-with-effect-a1.png","Resources","408","未被正式场景、预设、构建配置或动态加载路径引用"
"Assets/Resources/pixramen-valley-asset-pack-v2/pixramen-valley-asset-pack-v2/dark-knight/png/1x/dark-knight-heavy-combo-with-effect-a/dark-knight-heavy-combo-with-effect-a10.png","Resources","637","未被正式场景、预设、构建配置或动态加载路径引用"
"Assets/Resources/pixramen-valley-asset-pack-v2/pixramen-valley-asset-pack-v2/dark-knight/png/1x/dark-knight-heavy-combo-with-effect-a/dark-knight-heavy-combo-with-effect-a11.png","Resources","473","未被正式场景、预设、构建配置或动态加载路径引用"
"Assets/Resources/pixramen-valley-asset-pack-v2/pixramen-valley-asset-pack-v2/dark-knight/png/1x/dark-knight-heavy-combo-with-effect-a/dark-knight-heavy-combo-with-effect-a12.png","Resources","372","未被正式场景、预设、构建配置或动态加载路径引用"
"Assets/Resources/pixramen-valley-asset-pack-v2/pixramen-valley-asset-pack-v2/dark-knight/png/1x/dark-knight-heavy-combo-with-effect-a/dark-knight-heavy-combo-with-effect-a2.png","Resources","485","未被正式场景、预设、构建配置或动态加载路径引用"
"Assets/Resources/pixramen-valley-asset-pack-v2/pixramen-valley-asset-pack-v2/dark-knight/png/1x/dark-knight-heavy-combo-with-effect-a/dark-knight-heavy-combo-with-effect-a3.png","Resources","466","未被正式场景、预设、构建配置或动态加载路径引用"
"Assets/Resources/pixramen-valley-asset-pack-v2/pixramen-valley-asset-pack-v2/dark-knight/png/1x/dark-knight-heavy-combo-with-effect-a/dark-knight-heavy-combo-with-effect-a4.png","Resources","502","未被正式场景、预设、构建配置或动态加载路径引用"
"Assets/Resources/pixramen-valley-asset-pack-v2/pixramen-valley-asset-pack-v2/dark-knight/png/1x/dark-knight-heavy-combo-with-effect-a/dark-knight-heavy-combo-with-effect-a5.png","Resources","489","未被正式场景、预设、构建配置或动态加载路径引用"
"Assets/Resources/pixramen-valley-asset-pack-v2/pixramen-valley-asset-pack-v2/dark-knight/png/1x/dark-knight-heavy-combo-with-effect-a/dark-knight-heavy-combo-with-effect-a6.png","Resources","426","未被正式场景、预设、构建配置或动态加载路径引用"
"Assets/Resources/pixramen-valley-asset-pack-v2/pixramen-valley-asset-pack-v2/dark-knight/png/1x/dark-knight-heavy-combo-with-effect-a/dark-knight-heavy-combo-with-effect-a7.png","Resources","457","未被正式场景、预设、构建配置或动态加载路径引用"
"Assets/Resources/pixramen-valley-asset-pack-v2/pixramen-valley-asset-pack-v2/dark-knight/png/1x/dark-knight-heavy-combo-with-effect-a/dark-knight-heavy-combo-with-effect-a8.png","Resources","641","未被正式场景、预设、构建配置或动态加载路径引用"
"Assets/Resources/pixramen-valley-asset-pack-v2/pixramen-valley-asset-pack-v2/dark-knight/png/1x/dark-knight-heavy-combo-with-effect-a/dark-knight-heavy-combo-with-effect-a9.png","Resources","786","未被正式场景、预设、构建配置或动态加载路径引用"
"Assets/Resources/pixramen-valley-asset-pack-v2/pixramen-valley-asset-pack-v2/dark-knight/png/1x/dark-knight-heavy-combo-with-effect-b/dark-knight-heavy-combo-with-effect-b1.png","Resources","429","未被正式场景、预设、构建配置或动态加载路径引用"
"Assets/Resources/pixramen-valley-asset-pack-v2/pixramen-valley-asset-pack-v2/dark-knight/png/1x/dark-knight-heavy-combo-with-effect-b/dark-knight-heavy-combo-with-effect-b10.png","Resources","384","未被正式场景、预设、构建配置或动态加载路径引用"
"Assets/Resources/pixramen-valley-asset-pack-v2/pixramen-valley-asset-pack-v2/dark-knight/png/1x/dark-knight-heavy-combo-with-effect-b/dark-knight-heavy-combo-with-effect-b2.png","Resources","456","未被正式场景、预设、构建配置或动态加载路径引用"
"Assets/Resources/pixramen-valley-asset-pack-v2/pixramen-valley-asset-pack-v2/dark-knight/png/1x/dark-knight-heavy-combo-with-effect-b/dark-knight-heavy-combo-with-effect-b3.png","Resources","491","未被正式场景、预设、构建配置或动态加载路径引用"
"Assets/Resources/pixramen-valley-asset-pack-v2/pixramen-valley-asset-pack-v2/dark-knight/png/1x/dark-knight-heavy-combo-with-effect-b/dark-knight-heavy-combo-with-effect-b4.png","Resources","583","未被正式场景、预设、构建配置或动态加载路径引用"
"Assets/Resources/pixramen-valley-asset-pack-v2/pixramen-valley-asset-pack-v2/dark-knight/png/1x/dark-knight-heavy-combo-with-effect-b/dark-knight-heavy-combo-with-effect-b5.png","Resources","469","未被正式场景、预设、构建配置或动态加载路径引用"
"Assets/Resources/pixramen-valley-asset-pack-v2/pixramen-valley-asset-pack-v2/dark-knight/png/1x/dark-knight-heavy-combo-with-effect-b/dark-knight-heavy-combo-with-effect-b6.png","Resources","661","未被正式场景、预设、构建配置或动态加载路径引用"
"Assets/Resources/pixramen-valley-asset-pack-v2/pixramen-valley-asset-pack-v2/dark-knight/png/1x/dark-knight-heavy-combo-with-effect-b/dark-knight-heavy-combo-with-effect-b7.png","Resources","819","未被正式场景、预设、构建配置或动态加载路径引用"
"Assets/Resources/pixramen-valley-asset-pack-v2/pixramen-valley-asset-pack-v2/dark-knight/png/1x/dark-knight-heavy-combo-with-effect-b/dark-knight-heavy-combo-with-effect-b8.png","Resources","699","未被正式场景、预设、构建配置或动态加载路径引用"
"Assets/Resources/pixramen-valley-asset-pack-v2/pixramen-valley-asset-pack-v2/dark-knight/png/1x/dark-knight-heavy-combo-with-effect-b/dark-knight-heavy-combo-with-effect-b9.png","Resources","552","未被正式场景、预设、构建配置或动态加载路径引用"
"Assets/Resources/pixramen-valley-asset-pack-v2/pixramen-valley-asset-pack-v2/dark-knight/png/1x/dark-knight-heavy-combo-with-effect-c/dark-knight-heavy-combo-with-effect-c1.png","Resources","340","未被正式场景、预设、构建配置或动态加载路径引用"
"Assets/Resources/pixramen-valley-asset-pack-v2/pixramen-valley-asset-pack-v2/dark-knight/png/1x/dark-knight-heavy-combo-with-effect-c/dark-knight-heavy-combo-with-effect-c10.png","Resources","914","未被正式场景、预设、构建配置或动态加载路径引用"
"Assets/Resources/pixramen-valley-asset-pack-v2/pixramen-valley-asset-pack-v2/dark-knight/png/1x/dark-knight-heavy-combo-with-effect-c/dark-knight-heavy-combo-with-effect-c11.png","Resources","717","未被正式场景、预设、构建配置或动态加载路径引用"
"Assets/Resources/pixramen-valley-asset-pack-v2/pixramen-valley-asset-pack-v2/dark-knight/png/1x/dark-knight-heavy-combo-with-effect-c/dark-knight-heavy-combo-with-effect-c12.png","Resources","372","未被正式场景、预设、构建配置或动态加载路径引用"
"Assets/Resources/pixramen-valley-asset-pack-v2/pixramen-valley-asset-pack-v2/dark-knight/png/1x/dark-knight-heavy-combo-with-effect-c/dark-knight-heavy-combo-with-effect-c13.png","Resources","361","未被正式场景、预设、构建配置或动态加载路径引用"
"Assets/Resources/pixramen-valley-asset-pack-v2/pixramen-valley-asset-pack-v2/dark-knight/png/1x/dark-knight-heavy-combo-with-effect-c/dark-knight-heavy-combo-with-effect-c2.png","Resources","323","未被正式场景、预设、构建配置或动态加载路径引用"
"Assets/Resources/pixramen-valley-asset-pack-v2/pixramen-valley-asset-pack-v2/dark-knight/png/1x/dark-knight-heavy-combo-with-effect-c/dark-knight-heavy-combo-with-effect-c3.png","Resources","422","未被正式场景、预设、构建配置或动态加载路径引用"
"Assets/Resources/pixramen-valley-asset-pack-v2/pixramen-valley-asset-pack-v2/dark-knight/png/1x/dark-knight-heavy-combo-with-effect-c/dark-knight-heavy-combo-with-effect-c4.png","Resources","619","未被正式场景、预设、构建配置或动态加载路径引用"
"Assets/Resources/pixramen-valley-asset-pack-v2/pixramen-valley-asset-pack-v2/dark-knight/png/1x/dark-knight-heavy-combo-with-effect-c/dark-knight-heavy-combo-with-effect-c5.png","Resources","626","未被正式场景、预设、构建配置或动态加载路径引用"
"Assets/Resources/pixramen-valley-asset-pack-v2/pixramen-valley-asset-pack-v2/dark-knight/png/1x/dark-knight-heavy-combo-with-effect-c/dark-knight-heavy-combo-with-effect-c6.png","Resources","503","未被正式场景、预设、构建配置或动态加载路径引用"
"Assets/Resources/pixramen-valley-asset-pack-v2/pixramen-valley-asset-pack-v2/dark-knight/png/1x/dark-knight-heavy-combo-with-effect-c/dark-knight-heavy-combo-with-effect-c7.png","Resources","481","未被正式场景、预设、构建配置或动态加载路径引用"
"Assets/Resources/pixramen-valley-asset-pack-v2/pixramen-valley-asset-pack-v2/dark-knight/png/1x/dark-knight-heavy-combo-with-effect-c/dark-knight-heavy-combo-with-effect-c8.png","Resources","966","未被正式场景、预设、构建配置或动态加载路径引用"
"Assets/Resources/pixramen-valley-asset-pack-v2/pixramen-valley-asset-pack-v2/dark-knight/png/1x/dark-knight-heavy-combo-with-effect-c/dark-knight-heavy-combo-with-effect-c9.png","Resources","1250","未被正式场景、预设、构建配置或动态加载路径引用"
"Assets/Resources/pixramen-valley-asset-pack-v2/pixramen-valley-asset-pack-v2/dark-knight/png/1x/dark-knight-idle/dark-knight-idle2.png","Resources","435","未被正式场景、预设、构建配置或动态加载路径引用"
"Assets/Resources/pixramen-valley-asset-pack-v2/pixramen-valley-asset-pack-v2/dark-knight/png/1x/dark-knight-jump/dark-knight-jump1.png","Resources","415","未被正式场景、预设、构建配置或动态加载路径引用"
"Assets/Resources/pixramen-valley-asset-pack-v2/pixramen-valley-asset-pack-v2/dark-knight/png/1x/dark-knight-jump/dark-knight-jump2.png","Resources","427","未被正式场景、预设、构建配置或动态加载路径引用"
"Assets/Resources/pixramen-valley-asset-pack-v2/pixramen-valley-asset-pack-v2/dark-knight/png/1x/dark-knight-jump/dark-knight-jump3.png","Resources","421","未被正式场景、预设、构建配置或动态加载路径引用"
"Assets/Resources/pixramen-valley-asset-pack-v2/pixramen-valley-asset-pack-v2/dark-knight/png/1x/dark-knight-jump/dark-knight-jump4.png","Resources","426","未被正式场景、预设、构建配置或动态加载路径引用"
"Assets/Resources/pixramen-valley-asset-pack-v2/pixramen-valley-asset-pack-v2/dark-knight/png/1x/dark-knight-jump/dark-knight-jump5.png","Resources","417","未被正式场景、预设、构建配置或动态加载路径引用"
"Assets/Resources/pixramen-valley-asset-pack-v2/pixramen-valley-asset-pack-v2/dark-knight/png/1x/dark-knight-knockback/dark-knight-knockback1.png","Resources","393","未被正式场景、预设、构建配置或动态加载路径引用"
"Assets/Resources/pixramen-valley-asset-pack-v2/pixramen-valley-asset-pack-v2/dark-knight/png/1x/dark-knight-knockback/dark-knight-knockback2.png","Resources","396","未被正式场景、预设、构建配置或动态加载路径引用"
"Assets/Resources/pixramen-valley-asset-pack-v2/pixramen-valley-asset-pack-v2/dark-knight/png/1x/dark-knight-knockback/dark-knight-knockback3.png","Resources","395","未被正式场景、预设、构建配置或动态加载路径引用"
"Assets/Resources/pixramen-valley-asset-pack-v2/pixramen-valley-asset-pack-v2/dark-knight/png/1x/dark-knight-knockback/dark-knight-knockback4.png","Resources","393","未被正式场景、预设、构建配置或动态加载路径引用"
"Assets/Resources/pixramen-valley-asset-pack-v2/pixramen-valley-asset-pack-v2/dark-knight/png/1x/dark-knight-normal-combo-a/dark-knight-normal-combo-a1.png","Resources","400","未被正式场景、预设、构建配置或动态加载路径引用"
"Assets/Resources/pixramen-valley-asset-pack-v2/pixramen-valley-asset-pack-v2/dark-knight/png/1x/dark-knight-normal-combo-a/dark-knight-normal-combo-a2.png","Resources","378","未被正式场景、预设、构建配置或动态加载路径引用"
"Assets/Resources/pixramen-valley-asset-pack-v2/pixramen-valley-asset-pack-v2/dark-knight/png/1x/dark-knight-normal-combo-a/dark-knight-normal-combo-a3.png","Resources","391","未被正式场景、预设、构建配置或动态加载路径引用"
"Assets/Resources/pixramen-valley-asset-pack-v2/pixramen-valley-asset-pack-v2/dark-knight/png/1x/dark-knight-normal-combo-a/dark-knight-normal-combo-a4.png","Resources","457","未被正式场景、预设、构建配置或动态加载路径引用"
"Assets/Resources/pixramen-valley-asset-pack-v2/pixramen-valley-asset-pack-v2/dark-knight/png/1x/dark-knight-normal-combo-a/dark-knight-normal-combo-a5.png","Resources","421","未被正式场景、预设、构建配置或动态加载路径引用"
"Assets/Resources/pixramen-valley-asset-pack-v2/pixramen-valley-asset-pack-v2/dark-knight/png/1x/dark-knight-normal-combo-a/dark-knight-normal-combo-a6.png","Resources","443","未被正式场景、预设、构建配置或动态加载路径引用"
"Assets/Resources/pixramen-valley-asset-pack-v2/pixramen-valley-asset-pack-v2/dark-knight/png/1x/dark-knight-normal-combo-a/dark-knight-normal-combo-a7.png","Resources","420","未被正式场景、预设、构建配置或动态加载路径引用"
"Assets/Resources/pixramen-valley-asset-pack-v2/pixramen-valley-asset-pack-v2/dark-knight/png/1x/dark-knight-normal-combo-a/dark-knight-normal-combo-a8.png","Resources","429","未被正式场景、预设、构建配置或动态加载路径引用"
"Assets/Resources/pixramen-valley-asset-pack-v2/pixramen-valley-asset-pack-v2/dark-knight/png/1x/dark-knight-normal-combo-b/dark-knight-normal-combo-b1.png","Resources","378","未被正式场景、预设、构建配置或动态加载路径引用"
"Assets/Resources/pixramen-valley-asset-pack-v2/pixramen-valley-asset-pack-v2/dark-knight/png/1x/dark-knight-normal-combo-b/dark-knight-normal-combo-b2.png","Resources","428","未被正式场景、预设、构建配置或动态加载路径引用"
"Assets/Resources/pixramen-valley-asset-pack-v2/pixramen-valley-asset-pack-v2/dark-knight/png/1x/dark-knight-normal-combo-b/dark-knight-normal-combo-b3.png","Resources","405","未被正式场景、预设、构建配置或动态加载路径引用"
"Assets/Resources/pixramen-valley-asset-pack-v2/pixramen-valley-asset-pack-v2/dark-knight/png/1x/dark-knight-normal-combo-b/dark-knight-normal-combo-b4.png","Resources","445","未被正式场景、预设、构建配置或动态加载路径引用"
"Assets/Resources/pixramen-valley-asset-pack-v2/pixramen-valley-asset-pack-v2/dark-knight/png/1x/dark-knight-normal-combo-b/dark-knight-normal-combo-b5.png","Resources","426","未被正式场景、预设、构建配置或动态加载路径引用"
"Assets/Resources/pixramen-valley-asset-pack-v2/pixramen-valley-asset-pack-v2/dark-knight/png/1x/dark-knight-normal-combo-b/dark-knight-normal-combo-b6.png","Resources","360","未被正式场景、预设、构建配置或动态加载路径引用"
"Assets/Resources/pixramen-valley-asset-pack-v2/pixramen-valley-asset-pack-v2/dark-knight/png/1x/dark-knight-normal-combo-b/dark-knight-normal-combo-b7.png","Resources","352","未被正式场景、预设、构建配置或动态加载路径引用"
"Assets/Resources/pixramen-valley-asset-pack-v2/pixramen-valley-asset-pack-v2/dark-knight/png/1x/dark-knight-normal-combo-b/dark-knight-normal-combo-b8.png","Resources","355","未被正式场景、预设、构建配置或动态加载路径引用"
"Assets/Resources/pixramen-valley-asset-pack-v2/pixramen-valley-asset-pack-v2/dark-knight/png/1x/dark-knight-normal-combo-c/dark-knight-normal-combo-c1.png","Resources","360","未被正式场景、预设、构建配置或动态加载路径引用"
"Assets/Resources/pixramen-valley-asset-pack-v2/pixramen-valley-asset-pack-v2/dark-knight/png/1x/dark-knight-normal-combo-c/dark-knight-normal-combo-c2.png","Resources","387","未被正式场景、预设、构建配置或动态加载路径引用"
"Assets/Resources/pixramen-valley-asset-pack-v2/pixramen-valley-asset-pack-v2/dark-knight/png/1x/dark-knight-normal-combo-c/dark-knight-normal-combo-c3.png","Resources","425","未被正式场景、预设、构建配置或动态加载路径引用"
"Assets/Resources/pixramen-valley-asset-pack-v2/pixramen-valley-asset-pack-v2/dark-knight/png/1x/dark-knight-normal-combo-c/dark-knight-normal-combo-c4.png","Resources","485","未被正式场景、预设、构建配置或动态加载路径引用"
"Assets/Resources/pixramen-valley-asset-pack-v2/pixramen-valley-asset-pack-v2/dark-knight/png/1x/dark-knight-normal-combo-c/dark-knight-normal-combo-c5.png","Resources","452","未被正式场景、预设、构建配置或动态加载路径引用"
"Assets/Resources/pixramen-valley-asset-pack-v2/pixramen-valley-asset-pack-v2/dark-knight/png/1x/dark-knight-normal-combo-c/dark-knight-normal-combo-c6.png","Resources","416","未被正式场景、预设、构建配置或动态加载路径引用"
"Assets/Resources/pixramen-valley-asset-pack-v2/pixramen-valley-asset-pack-v2/dark-knight/png/1x/dark-knight-normal-combo-c/dark-knight-normal-combo-c7.png","Resources","417","未被正式场景、预设、构建配置或动态加载路径引用"
"Assets/Resources/pixramen-valley-asset-pack-v2/pixramen-valley-asset-pack-v2/dark-knight/png/1x/dark-knight-normal-combo-c/dark-knight-normal-combo-c8.png","Resources","417","未被正式场景、预设、构建配置或动态加载路径引用"
"Assets/Resources/pixramen-valley-asset-pack-v2/pixramen-valley-asset-pack-v2/dark-knight/png/1x/dark-knight-parry/dark-knight-parry1.png","Resources","410","未被正式场景、预设、构建配置或动态加载路径引用"
"Assets/Resources/pixramen-valley-asset-pack-v2/pixramen-valley-asset-pack-v2/dark-knight/png/1x/dark-knight-parry/dark-knight-parry2.png","Resources","570","未被正式场景、预设、构建配置或动态加载路径引用"
"Assets/Resources/pixramen-valley-asset-pack-v2/pixramen-valley-asset-pack-v2/dark-knight/png/1x/dark-knight-parry/dark-knight-parry3.png","Resources","510","未被正式场景、预设、构建配置或动态加载路径引用"
"Assets/Resources/pixramen-valley-asset-pack-v2/pixramen-valley-asset-pack-v2/dark-knight/png/1x/dark-knight-parry/dark-knight-parry4.png","Resources","424","未被正式场景、预设、构建配置或动态加载路径引用"
"Assets/Resources/pixramen-valley-asset-pack-v2/pixramen-valley-asset-pack-v2/dark-knight/png/1x/dark-knight-parry/dark-knight-parry5.png","Resources","397","未被正式场景、预设、构建配置或动态加载路径引用"
"Assets/Resources/pixramen-valley-asset-pack-v2/pixramen-valley-asset-pack-v2/dark-knight/png/1x/dark-knight-parry-effect/dark-knight-parry-effect1.png","Resources","410","未被正式场景、预设、构建配置或动态加载路径引用"
"Assets/Resources/pixramen-valley-asset-pack-v2/pixramen-valley-asset-pack-v2/dark-knight/png/1x/dark-knight-parry-effect/dark-knight-parry-effect2.png","Resources","570","未被正式场景、预设、构建配置或动态加载路径引用"
"Assets/Resources/pixramen-valley-asset-pack-v2/pixramen-valley-asset-pack-v2/dark-knight/png/1x/dark-knight-parry-effect/dark-knight-parry-effect3.png","Resources","526","未被正式场景、预设、构建配置或动态加载路径引用"
"Assets/Resources/pixramen-valley-asset-pack-v2/pixramen-valley-asset-pack-v2/dark-knight/png/1x/dark-knight-parry-effect/dark-knight-parry-effect4.png","Resources","426","未被正式场景、预设、构建配置或动态加载路径引用"
"Assets/Resources/pixramen-valley-asset-pack-v2/pixramen-valley-asset-pack-v2/dark-knight/png/1x/dark-knight-parry-effect/dark-knight-parry-effect5.png","Resources","396","未被正式场景、预设、构建配置或动态加载路径引用"
"Assets/Resources/pixramen-valley-asset-pack-v2/pixramen-valley-asset-pack-v2/dark-knight/png/1x/dark-knight-parry-with-effect/dark-knight-parry-with-effect1.png","Resources","410","未被正式场景、预设、构建配置或动态加载路径引用"
"Assets/Resources/pixramen-valley-asset-pack-v2/pixramen-valley-asset-pack-v2/dark-knight/png/1x/dark-knight-parry-with-effect/dark-knight-parry-with-effect2.png","Resources","570","未被正式场景、预设、构建配置或动态加载路径引用"
"Assets/Resources/pixramen-valley-asset-pack-v2/pixramen-valley-asset-pack-v2/dark-knight/png/1x/dark-knight-parry-with-effect/dark-knight-parry-with-effect3.png","Resources","526","未被正式场景、预设、构建配置或动态加载路径引用"
"Assets/Resources/pixramen-valley-asset-pack-v2/pixramen-valley-asset-pack-v2/dark-knight/png/1x/dark-knight-parry-with-effect/dark-knight-parry-with-effect4.png","Resources","426","未被正式场景、预设、构建配置或动态加载路径引用"
"Assets/Resources/pixramen-valley-asset-pack-v2/pixramen-valley-asset-pack-v2/dark-knight/png/1x/dark-knight-parry-with-effect/dark-knight-parry-with-effect5.png","Resources","396","未被正式场景、预设、构建配置或动态加载路径引用"
"Assets/Resources/pixramen-valley-asset-pack-v2/pixramen-valley-asset-pack-v2/dark-knight/png/1x/dark-knight-prepare-jump/dark-knight-prepare-jump1.png","Resources","368","未被正式场景、预设、构建配置或动态加载路径引用"
"Assets/Resources/pixramen-valley-asset-pack-v2/pixramen-valley-asset-pack-v2/dark-knight/png/1x/dark-knight-prepare-jump/dark-knight-prepare-jump2.png","Resources","399","未被正式场景、预设、构建配置或动态加载路径引用"
"Assets/Resources/pixramen-valley-asset-pack-v2/pixramen-valley-asset-pack-v2/dark-knight/png/1x/dark-knight-run/dark-knight-run1.png","Resources","399","未被正式场景、预设、构建配置或动态加载路径引用"
"Assets/Resources/pixramen-valley-asset-pack-v2/pixramen-valley-asset-pack-v2/dark-knight/png/1x/dark-knight-run/dark-knight-run2.png","Resources","423","未被正式场景、预设、构建配置或动态加载路径引用"
"Assets/Resources/pixramen-valley-asset-pack-v2/pixramen-valley-asset-pack-v2/dark-knight/png/1x/dark-knight-run/dark-knight-run3.png","Resources","417","未被正式场景、预设、构建配置或动态加载路径引用"
"Assets/Resources/pixramen-valley-asset-pack-v2/pixramen-valley-asset-pack-v2/dark-knight/png/1x/dark-knight-run/dark-knight-run4.png","Resources","408","未被正式场景、预设、构建配置或动态加载路径引用"
"Assets/Resources/pixramen-valley-asset-pack-v2/pixramen-valley-asset-pack-v2/dark-knight/png/1x/dark-knight-run/dark-knight-run5.png","Resources","411","未被正式场景、预设、构建配置或动态加载路径引用"
"Assets/Resources/pixramen-valley-asset-pack-v2/pixramen-valley-asset-pack-v2/dark-knight/png/1x/dark-knight-run/dark-knight-run6.png","Resources","443","未被正式场景、预设、构建配置或动态加载路径引用"
"Assets/Resources/pixramen-valley-asset-pack-v2/pixramen-valley-asset-pack-v2/dark-knight/png/1x/dark-knight-run/dark-knight-run7.png","Resources","426","未被正式场景、预设、构建配置或动态加载路径引用"
"Assets/Resources/pixramen-valley-asset-pack-v2/pixramen-valley-asset-pack-v2/dark-knight/png/1x/dark-knight-run/dark-knight-run8.png","Resources","401","未被正式场景、预设、构建配置或动态加载路径引用"
"Assets/Resources/pixramen-valley-asset-pack-v2/pixramen-valley-asset-pack-v2/dark-knight/png/2x/dark-knight-air-combo-a/dark-knight-air-combo-a1.png","Resources","492","未被正式场景、预设、构建配置或动态加载路径引用"
"Assets/Resources/pixramen-valley-asset-pack-v2/pixramen-valley-asset-pack-v2/dark-knight/png/2x/dark-knight-air-combo-a/dark-knight-air-combo-a2.png","Resources","525","未被正式场景、预设、构建配置或动态加载路径引用"
"Assets/Resources/pixramen-valley-asset-pack-v2/pixramen-valley-asset-pack-v2/dark-knight/png/2x/dark-knight-air-combo-a/dark-knight-air-combo-a3.png","Resources","540","未被正式场景、预设、构建配置或动态加载路径引用"
"Assets/Resources/pixramen-valley-asset-pack-v2/pixramen-valley-asset-pack-v2/dark-knight/png/2x/dark-knight-air-combo-a/dark-knight-air-combo-a4.png","Resources","561","未被正式场景、预设、构建配置或动态加载路径引用"
"Assets/Resources/pixramen-valley-asset-pack-v2/pixramen-valley-asset-pack-v2/dark-knight/png/2x/dark-knight-air-combo-a/dark-knight-air-combo-a5.png","Resources","498","未被正式场景、预设、构建配置或动态加载路径引用"
"Assets/Resources/pixramen-valley-asset-pack-v2/pixramen-valley-asset-pack-v2/dark-knight/png/2x/dark-knight-air-combo-a/dark-knight-air-combo-a6.png","Resources","501","未被正式场景、预设、构建配置或动态加载路径引用"
"Assets/Resources/pixramen-valley-asset-pack-v2/pixramen-valley-asset-pack-v2/dark-knight/png/2x/dark-knight-air-combo-a/dark-knight-air-combo-a7.png","Resources","528","未被正式场景、预设、构建配置或动态加载路径引用"
"Assets/Resources/pixramen-valley-asset-pack-v2/pixramen-valley-asset-pack-v2/dark-knight/png/2x/dark-knight-air-combo-a/dark-knight-air-combo-a8.png","Resources","547","未被正式场景、预设、构建配置或动态加载路径引用"
"Assets/Resources/pixramen-valley-asset-pack-v2/pixramen-valley-asset-pack-v2/dark-knight/png/2x/dark-knight-air-combo-b/dark-knight-air-combo-b1.png","Resources","563","未被正式场景、预设、构建配置或动态加载路径引用"
"Assets/Resources/pixramen-valley-asset-pack-v2/pixramen-valley-asset-pack-v2/dark-knight/png/2x/dark-knight-air-combo-b/dark-knight-air-combo-b2.png","Resources","497","未被正式场景、预设、构建配置或动态加载路径引用"
"Assets/Resources/pixramen-valley-asset-pack-v2/pixramen-valley-asset-pack-v2/dark-knight/png/2x/dark-knight-air-combo-b/dark-knight-air-combo-b3.png","Resources","525","未被正式场景、预设、构建配置或动态加载路径引用"
"Assets/Resources/pixramen-valley-asset-pack-v2/pixramen-valley-asset-pack-v2/dark-knight/png/2x/dark-knight-air-combo-b/dark-knight-air-combo-b4.png","Resources","557","未被正式场景、预设、构建配置或动态加载路径引用"
"Assets/Resources/pixramen-valley-asset-pack-v2/pixramen-valley-asset-pack-v2/dark-knight/png/2x/dark-knight-air-combo-b/dark-knight-air-combo-b5.png","Resources","488","未被正式场景、预设、构建配置或动态加载路径引用"
"Assets/Resources/pixramen-valley-asset-pack-v2/pixramen-valley-asset-pack-v2/dark-knight/png/2x/dark-knight-air-combo-b/dark-knight-air-combo-b6.png","Resources","475","未被正式场景、预设、构建配置或动态加载路径引用"
"Assets/Resources/pixramen-valley-asset-pack-v2/pixramen-valley-asset-pack-v2/dark-knight/png/2x/dark-knight-air-combo-b/dark-knight-air-combo-b7.png","Resources","495","未被正式场景、预设、构建配置或动态加载路径引用"
"Assets/Resources/pixramen-valley-asset-pack-v2/pixramen-valley-asset-pack-v2/dark-knight/png/2x/dark-knight-air-combo-b/dark-knight-air-combo-b8.png","Resources","471","未被正式场景、预设、构建配置或动态加载路径引用"
"Assets/Resources/pixramen-valley-asset-pack-v2/pixramen-valley-asset-pack-v2/dark-knight/png/2x/dark-knight-air-combo-c/dark-knight-air-combo-c1.png","Resources","520","未被正式场景、预设、构建配置或动态加载路径引用"
"Assets/Resources/pixramen-valley-asset-pack-v2/pixramen-valley-asset-pack-v2/dark-knight/png/2x/dark-knight-air-combo-c/dark-knight-air-combo-c2.png","Resources","541","未被正式场景、预设、构建配置或动态加载路径引用"
"Assets/Resources/pixramen-valley-asset-pack-v2/pixramen-valley-asset-pack-v2/dark-knight/png/2x/dark-knight-air-combo-c/dark-knight-air-combo-c3.png","Resources","615","未被正式场景、预设、构建配置或动态加载路径引用"
"Assets/Resources/pixramen-valley-asset-pack-v2/pixramen-valley-asset-pack-v2/dark-knight/png/2x/dark-knight-air-combo-c/dark-knight-air-combo-c4.png","Resources","514","未被正式场景、预设、构建配置或动态加载路径引用"
"Assets/Resources/pixramen-valley-asset-pack-v2/pixramen-valley-asset-pack-v2/dark-knight/png/2x/dark-knight-air-combo-c/dark-knight-air-combo-c5.png","Resources","522","未被正式场景、预设、构建配置或动态加载路径引用"
"Assets/Resources/pixramen-valley-asset-pack-v2/pixramen-valley-asset-pack-v2/dark-knight/png/2x/dark-knight-air-combo-c/dark-knight-air-combo-c6.png","Resources","528","未被正式场景、预设、构建配置或动态加载路径引用"
"Assets/Resources/pixramen-valley-asset-pack-v2/pixramen-valley-asset-pack-v2/dark-knight/png/2x/dark-knight-air-combo-c/dark-knight-air-combo-c7.png","Resources","505","未被正式场景、预设、构建配置或动态加载路径引用"
"Assets/Resources/pixramen-valley-asset-pack-v2/pixramen-valley-asset-pack-v2/dark-knight/png/2x/dark-knight-blocking/dark-knight-blocking1.png","Resources","547","未被正式场景、预设、构建配置或动态加载路径引用"
"Assets/Resources/pixramen-valley-asset-pack-v2/pixramen-valley-asset-pack-v2/dark-knight/png/2x/dark-knight-blocking/dark-knight-blocking2.png","Resources","538","未被正式场景、预设、构建配置或动态加载路径引用"
"Assets/Resources/pixramen-valley-asset-pack-v2/pixramen-valley-asset-pack-v2/dark-knight/png/2x/dark-knight-climb/dark-knight-climb1.png","Resources","561","未被正式场景、预设、构建配置或动态加载路径引用"
"Assets/Resources/pixramen-valley-asset-pack-v2/pixramen-valley-asset-pack-v2/dark-knight/png/2x/dark-knight-climb/dark-knight-climb2.png","Resources","551","未被正式场景、预设、构建配置或动态加载路径引用"
"Assets/Resources/pixramen-valley-asset-pack-v2/pixramen-valley-asset-pack-v2/dark-knight/png/2x/dark-knight-climb/dark-knight-climb3.png","Resources","537","未被正式场景、预设、构建配置或动态加载路径引用"
"Assets/Resources/pixramen-valley-asset-pack-v2/pixramen-valley-asset-pack-v2/dark-knight/png/2x/dark-knight-climb/dark-knight-climb4.png","Resources","557","未被正式场景、预设、构建配置或动态加载路径引用"
"Assets/Resources/pixramen-valley-asset-pack-v2/pixramen-valley-asset-pack-v2/dark-knight/png/2x/dark-knight-dash/dark-knight-dash1.png","Resources","531","未被正式场景、预设、构建配置或动态加载路径引用"
"Assets/Resources/pixramen-valley-asset-pack-v2/pixramen-valley-asset-pack-v2/dark-knight/png/2x/dark-knight-dash/dark-knight-dash2.png","Resources","532","未被正式场景、预设、构建配置或动态加载路径引用"
"Assets/Resources/pixramen-valley-asset-pack-v2/pixramen-valley-asset-pack-v2/dark-knight/png/2x/dark-knight-dash/dark-knight-dash3.png","Resources","532","未被正式场景、预设、构建配置或动态加载路径引用"
"Assets/Resources/pixramen-valley-asset-pack-v2/pixramen-valley-asset-pack-v2/dark-knight/png/2x/dark-knight-dash/dark-knight-dash4.png","Resources","503","未被正式场景、预设、构建配置或动态加载路径引用"
"Assets/Resources/pixramen-valley-asset-pack-v2/pixramen-valley-asset-pack-v2/dark-knight/png/2x/dark-knight-dash/dark-knight-dash5.png","Resources","502","未被正式场景、预设、构建配置或动态加载路径引用"
"Assets/Resources/pixramen-valley-asset-pack-v2/pixramen-valley-asset-pack-v2/dark-knight/png/2x/dark-knight-dead-falling/dark-knight-dead-falling1.png","Resources","445","未被正式场景、预设、构建配置或动态加载路径引用"
"Assets/Resources/pixramen-valley-asset-pack-v2/pixramen-valley-asset-pack-v2/dark-knight/png/2x/dark-knight-dead-falling/dark-knight-dead-falling2.png","Resources","428","未被正式场景、预设、构建配置或动态加载路径引用"
"Assets/Resources/pixramen-valley-asset-pack-v2/pixramen-valley-asset-pack-v2/dark-knight/png/2x/dark-knight-dead-ground/dark-knight-dead-ground1.png","Resources","375","未被正式场景、预设、构建配置或动态加载路径引用"
"Assets/Resources/pixramen-valley-asset-pack-v2/pixramen-valley-asset-pack-v2/dark-knight/png/2x/dark-knight-dead-ground/dark-knight-dead-ground2.png","Resources","383","未被正式场景、预设、构建配置或动态加载路径引用"
"Assets/Resources/pixramen-valley-asset-pack-v2/pixramen-valley-asset-pack-v2/dark-knight/png/2x/dark-knight-dead-ground/dark-knight-dead-ground3.png","Resources","383","未被正式场景、预设、构建配置或动态加载路径引用"
"Assets/Resources/pixramen-valley-asset-pack-v2/pixramen-valley-asset-pack-v2/dark-knight/png/2x/dark-knight-dead-ground/dark-knight-dead-ground4.png","Resources","376","未被正式场景、预设、构建配置或动态加载路径引用"
"Assets/Resources/pixramen-valley-asset-pack-v2/pixramen-valley-asset-pack-v2/dark-knight/png/2x/dark-knight-dead-ground/dark-knight-dead-ground5.png","Resources","375","未被正式场景、预设、构建配置或动态加载路径引用"
"Assets/Resources/pixramen-valley-asset-pack-v2/pixramen-valley-asset-pack-v2/dark-knight/png/2x/dark-knight-drink-blue-potion/dark-knight-drink-blue-potion1.png","Resources","566","未被正式场景、预设、构建配置或动态加载路径引用"
"Assets/Resources/pixramen-valley-asset-pack-v2/pixramen-valley-asset-pack-v2/dark-knight/png/2x/dark-knight-drink-blue-potion/dark-knight-drink-blue-potion10.png","Resources","606","未被正式场景、预设、构建配置或动态加载路径引用"
"Assets/Resources/pixramen-valley-asset-pack-v2/pixramen-valley-asset-pack-v2/dark-knight/png/2x/dark-knight-drink-blue-potion/dark-knight-drink-blue-potion11.png","Resources","596","未被正式场景、预设、构建配置或动态加载路径引用"
"Assets/Resources/pixramen-valley-asset-pack-v2/pixramen-valley-asset-pack-v2/dark-knight/png/2x/dark-knight-drink-blue-potion/dark-knight-drink-blue-potion2.png","Resources","579","未被正式场景、预设、构建配置或动态加载路径引用"
"Assets/Resources/pixramen-valley-asset-pack-v2/pixramen-valley-asset-pack-v2/dark-knight/png/2x/dark-knight-drink-blue-potion/dark-knight-drink-blue-potion3.png","Resources","600","未被正式场景、预设、构建配置或动态加载路径引用"
"Assets/Resources/pixramen-valley-asset-pack-v2/pixramen-valley-asset-pack-v2/dark-knight/png/2x/dark-knight-drink-blue-potion/dark-knight-drink-blue-potion4.png","Resources","628","未被正式场景、预设、构建配置或动态加载路径引用"
"Assets/Resources/pixramen-valley-asset-pack-v2/pixramen-valley-asset-pack-v2/dark-knight/png/2x/dark-knight-drink-blue-potion/dark-knight-drink-blue-potion5.png","Resources","583","未被正式场景、预设、构建配置或动态加载路径引用"
"Assets/Resources/pixramen-valley-asset-pack-v2/pixramen-valley-asset-pack-v2/dark-knight/png/2x/dark-knight-drink-blue-potion/dark-knight-drink-blue-potion6.png","Resources","497","未被正式场景、预设、构建配置或动态加载路径引用"
"Assets/Resources/pixramen-valley-asset-pack-v2/pixramen-valley-asset-pack-v2/dark-knight/png/2x/dark-knight-drink-blue-potion/dark-knight-drink-blue-potion7.png","Resources","610","未被正式场景、预设、构建配置或动态加载路径引用"
"Assets/Resources/pixramen-valley-asset-pack-v2/pixramen-valley-asset-pack-v2/dark-knight/png/2x/dark-knight-drink-blue-potion/dark-knight-drink-blue-potion8.png","Resources","605","未被正式场景、预设、构建配置或动态加载路径引用"
"Assets/Resources/pixramen-valley-asset-pack-v2/pixramen-valley-asset-pack-v2/dark-knight/png/2x/dark-knight-drink-blue-potion/dark-knight-drink-blue-potion9.png","Resources","606","未被正式场景、预设、构建配置或动态加载路径引用"
"Assets/Resources/pixramen-valley-asset-pack-v2/pixramen-valley-asset-pack-v2/dark-knight/png/2x/dark-knight-drink-green-potion/dark-knight-drink-green-potion1.png","Resources","566","未被正式场景、预设、构建配置或动态加载路径引用"
"Assets/Resources/pixramen-valley-asset-pack-v2/pixramen-valley-asset-pack-v2/dark-knight/png/2x/dark-knight-drink-green-potion/dark-knight-drink-green-potion10.png","Resources","633","未被正式场景、预设、构建配置或动态加载路径引用"
"Assets/Resources/pixramen-valley-asset-pack-v2/pixramen-valley-asset-pack-v2/dark-knight/png/2x/dark-knight-drink-green-potion/dark-knight-drink-green-potion11.png","Resources","596","未被正式场景、预设、构建配置或动态加载路径引用"
"Assets/Resources/pixramen-valley-asset-pack-v2/pixramen-valley-asset-pack-v2/dark-knight/png/2x/dark-knight-drink-green-potion/dark-knight-drink-green-potion2.png","Resources","579","未被正式场景、预设、构建配置或动态加载路径引用"
"Assets/Resources/pixramen-valley-asset-pack-v2/pixramen-valley-asset-pack-v2/dark-knight/png/2x/dark-knight-drink-green-potion/dark-knight-drink-green-potion3.png","Resources","600","未被正式场景、预设、构建配置或动态加载路径引用"
"Assets/Resources/pixramen-valley-asset-pack-v2/pixramen-valley-asset-pack-v2/dark-knight/png/2x/dark-knight-drink-green-potion/dark-knight-drink-green-potion4.png","Resources","628","未被正式场景、预设、构建配置或动态加载路径引用"
"Assets/Resources/pixramen-valley-asset-pack-v2/pixramen-valley-asset-pack-v2/dark-knight/png/2x/dark-knight-drink-green-potion/dark-knight-drink-green-potion5.png","Resources","583","未被正式场景、预设、构建配置或动态加载路径引用"
"Assets/Resources/pixramen-valley-asset-pack-v2/pixramen-valley-asset-pack-v2/dark-knight/png/2x/dark-knight-drink-green-potion/dark-knight-drink-green-potion6.png","Resources","528","未被正式场景、预设、构建配置或动态加载路径引用"
"Assets/Resources/pixramen-valley-asset-pack-v2/pixramen-valley-asset-pack-v2/dark-knight/png/2x/dark-knight-drink-green-potion/dark-knight-drink-green-potion7.png","Resources","633","未被正式场景、预设、构建配置或动态加载路径引用"
"Assets/Resources/pixramen-valley-asset-pack-v2/pixramen-valley-asset-pack-v2/dark-knight/png/2x/dark-knight-drink-green-potion/dark-knight-drink-green-potion8.png","Resources","632","未被正式场景、预设、构建配置或动态加载路径引用"
"Assets/Resources/pixramen-valley-asset-pack-v2/pixramen-valley-asset-pack-v2/dark-knight/png/2x/dark-knight-drink-green-potion/dark-knight-drink-green-potion9.png","Resources","615","未被正式场景、预设、构建配置或动态加载路径引用"
"Assets/Resources/pixramen-valley-asset-pack-v2/pixramen-valley-asset-pack-v2/dark-knight/png/2x/dark-knight-drink-red-potion/dark-knight-drink-red-potion1.png","Resources","566","未被正式场景、预设、构建配置或动态加载路径引用"
"Assets/Resources/pixramen-valley-asset-pack-v2/pixramen-valley-asset-pack-v2/dark-knight/png/2x/dark-knight-drink-red-potion/dark-knight-drink-red-potion10.png","Resources","619","未被正式场景、预设、构建配置或动态加载路径引用"
"Assets/Resources/pixramen-valley-asset-pack-v2/pixramen-valley-asset-pack-v2/dark-knight/png/2x/dark-knight-drink-red-potion/dark-knight-drink-red-potion11.png","Resources","596","未被正式场景、预设、构建配置或动态加载路径引用"
"Assets/Resources/pixramen-valley-asset-pack-v2/pixramen-valley-asset-pack-v2/dark-knight/png/2x/dark-knight-drink-red-potion/dark-knight-drink-red-potion2.png","Resources","579","未被正式场景、预设、构建配置或动态加载路径引用"
"Assets/Resources/pixramen-valley-asset-pack-v2/pixramen-valley-asset-pack-v2/dark-knight/png/2x/dark-knight-drink-red-potion/dark-knight-drink-red-potion3.png","Resources","600","未被正式场景、预设、构建配置或动态加载路径引用"
"Assets/Resources/pixramen-valley-asset-pack-v2/pixramen-valley-asset-pack-v2/dark-knight/png/2x/dark-knight-drink-red-potion/dark-knight-drink-red-potion4.png","Resources","628","未被正式场景、预设、构建配置或动态加载路径引用"
"Assets/Resources/pixramen-valley-asset-pack-v2/pixramen-valley-asset-pack-v2/dark-knight/png/2x/dark-knight-drink-red-potion/dark-knight-drink-red-potion5.png","Resources","583","未被正式场景、预设、构建配置或动态加载路径引用"
"Assets/Resources/pixramen-valley-asset-pack-v2/pixramen-valley-asset-pack-v2/dark-knight/png/2x/dark-knight-drink-red-potion/dark-knight-drink-red-potion6.png","Resources","537","未被正式场景、预设、构建配置或动态加载路径引用"
"Assets/Resources/pixramen-valley-asset-pack-v2/pixramen-valley-asset-pack-v2/dark-knight/png/2x/dark-knight-drink-red-potion/dark-knight-drink-red-potion7.png","Resources","626","未被正式场景、预设、构建配置或动态加载路径引用"
"Assets/Resources/pixramen-valley-asset-pack-v2/pixramen-valley-asset-pack-v2/dark-knight/png/2x/dark-knight-drink-red-potion/dark-knight-drink-red-potion8.png","Resources","624","未被正式场景、预设、构建配置或动态加载路径引用"
"Assets/Resources/pixramen-valley-asset-pack-v2/pixramen-valley-asset-pack-v2/dark-knight/png/2x/dark-knight-drink-red-potion/dark-knight-drink-red-potion9.png","Resources","614","未被正式场景、预设、构建配置或动态加载路径引用"
"Assets/Resources/pixramen-valley-asset-pack-v2/pixramen-valley-asset-pack-v2/dark-knight/png/2x/dark-knight-falling/dark-knight-falling1.png","Resources","579","未被正式场景、预设、构建配置或动态加载路径引用"
"Assets/Resources/pixramen-valley-asset-pack-v2/pixramen-valley-asset-pack-v2/dark-knight/png/2x/dark-knight-falling/dark-knight-falling2.png","Resources","578","未被正式场景、预设、构建配置或动态加载路径引用"
"Assets/Resources/pixramen-valley-asset-pack-v2/pixramen-valley-asset-pack-v2/dark-knight/png/2x/dark-knight-falling/dark-knight-falling3.png","Resources","568","未被正式场景、预设、构建配置或动态加载路径引用"
"Assets/Resources/pixramen-valley-asset-pack-v2/pixramen-valley-asset-pack-v2/dark-knight/png/2x/dark-knight-falling/dark-knight-falling4.png","Resources","578","未被正式场景、预设、构建配置或动态加载路径引用"
"Assets/Resources/pixramen-valley-asset-pack-v2/pixramen-valley-asset-pack-v2/dark-knight/png/2x/dark-knight-fall-recovery/dark-knight-fall-recovery1.png","Resources","479","未被正式场景、预设、构建配置或动态加载路径引用"
"Assets/Resources/pixramen-valley-asset-pack-v2/pixramen-valley-asset-pack-v2/dark-knight/png/2x/dark-knight-fall-recovery/dark-knight-fall-recovery2.png","Resources","529","未被正式场景、预设、构建配置或动态加载路径引用"
"Assets/Resources/pixramen-valley-asset-pack-v2/pixramen-valley-asset-pack-v2/dark-knight/png/2x/dark-knight-heavy-combo-a/dark-knight-heavy-combo-a1.png","Resources","652","未被正式场景、预设、构建配置或动态加载路径引用"
"Assets/Resources/pixramen-valley-asset-pack-v2/pixramen-valley-asset-pack-v2/dark-knight/png/2x/dark-knight-heavy-combo-a/dark-knight-heavy-combo-a10.png","Resources","945","未被正式场景、预设、构建配置或动态加载路径引用"
"Assets/Resources/pixramen-valley-asset-pack-v2/pixramen-valley-asset-pack-v2/dark-knight/png/2x/dark-knight-heavy-combo-a/dark-knight-heavy-combo-a11.png","Resources","752","未被正式场景、预设、构建配置或动态加载路径引用"
"Assets/Resources/pixramen-valley-asset-pack-v2/pixramen-valley-asset-pack-v2/dark-knight/png/2x/dark-knight-heavy-combo-a/dark-knight-heavy-combo-a12.png","Resources","603","未被正式场景、预设、构建配置或动态加载路径引用"
"Assets/Resources/pixramen-valley-asset-pack-v2/pixramen-valley-asset-pack-v2/dark-knight/png/2x/dark-knight-heavy-combo-a/dark-knight-heavy-combo-a2.png","Resources","731","未被正式场景、预设、构建配置或动态加载路径引用"
"Assets/Resources/pixramen-valley-asset-pack-v2/pixramen-valley-asset-pack-v2/dark-knight/png/2x/dark-knight-heavy-combo-a/dark-knight-heavy-combo-a3.png","Resources","730","未被正式场景、预设、构建配置或动态加载路径引用"
"Assets/Resources/pixramen-valley-asset-pack-v2/pixramen-valley-asset-pack-v2/dark-knight/png/2x/dark-knight-heavy-combo-a/dark-knight-heavy-combo-a4.png","Resources","786","未被正式场景、预设、构建配置或动态加载路径引用"
"Assets/Resources/pixramen-valley-asset-pack-v2/pixramen-valley-asset-pack-v2/dark-knight/png/2x/dark-knight-heavy-combo-a/dark-knight-heavy-combo-a5.png","Resources","754","未被正式场景、预设、构建配置或动态加载路径引用"
"Assets/Resources/pixramen-valley-asset-pack-v2/pixramen-valley-asset-pack-v2/dark-knight/png/2x/dark-knight-heavy-combo-a/dark-knight-heavy-combo-a6.png","Resources","697","未被正式场景、预设、构建配置或动态加载路径引用"
"Assets/Resources/pixramen-valley-asset-pack-v2/pixramen-valley-asset-pack-v2/dark-knight/png/2x/dark-knight-heavy-combo-a/dark-knight-heavy-combo-a7.png","Resources","710","未被正式场景、预设、构建配置或动态加载路径引用"
"Assets/Resources/pixramen-valley-asset-pack-v2/pixramen-valley-asset-pack-v2/dark-knight/png/2x/dark-knight-heavy-combo-a/dark-knight-heavy-combo-a8.png","Resources","956","未被正式场景、预设、构建配置或动态加载路径引用"
"Assets/Resources/pixramen-valley-asset-pack-v2/pixramen-valley-asset-pack-v2/dark-knight/png/2x/dark-knight-heavy-combo-a/dark-knight-heavy-combo-a9.png","Resources","1113","未被正式场景、预设、构建配置或动态加载路径引用"
"Assets/Resources/pixramen-valley-asset-pack-v2/pixramen-valley-asset-pack-v2/dark-knight/png/2x/dark-knight-heavy-combo-a-effect/dark-knight-heavy-combo-a-effect1.png","Resources","384","未被正式场景、预设、构建配置或动态加载路径引用"
"Assets/Resources/pixramen-valley-asset-pack-v2/pixramen-valley-asset-pack-v2/dark-knight/png/2x/dark-knight-heavy-combo-a-effect/dark-knight-heavy-combo-a-effect2.png","Resources","761","未被正式场景、预设、构建配置或动态加载路径引用"
"Assets/Resources/pixramen-valley-asset-pack-v2/pixramen-valley-asset-pack-v2/dark-knight/png/2x/dark-knight-heavy-combo-a-effect/dark-knight-heavy-combo-a-effect3.png","Resources","882","未被正式场景、预设、构建配置或动态加载路径引用"
"Assets/Resources/pixramen-valley-asset-pack-v2/pixramen-valley-asset-pack-v2/dark-knight/png/2x/dark-knight-heavy-combo-a-effect/dark-knight-heavy-combo-a-effect4.png","Resources","673","未被正式场景、预设、构建配置或动态加载路径引用"
"Assets/Resources/pixramen-valley-asset-pack-v2/pixramen-valley-asset-pack-v2/dark-knight/png/2x/dark-knight-heavy-combo-b/dark-knight-heavy-combo-b1.png","Resources","680","未被正式场景、预设、构建配置或动态加载路径引用"
"Assets/Resources/pixramen-valley-asset-pack-v2/pixramen-valley-asset-pack-v2/dark-knight/png/2x/dark-knight-heavy-combo-b/dark-knight-heavy-combo-b10.png","Resources","629","未被正式场景、预设、构建配置或动态加载路径引用"
"Assets/Resources/pixramen-valley-asset-pack-v2/pixramen-valley-asset-pack-v2/dark-knight/png/2x/dark-knight-heavy-combo-b/dark-knight-heavy-combo-b2.png","Resources","757","未被正式场景、预设、构建配置或动态加载路径引用"
"Assets/Resources/pixramen-valley-asset-pack-v2/pixramen-valley-asset-pack-v2/dark-knight/png/2x/dark-knight-heavy-combo-b/dark-knight-heavy-combo-b3.png","Resources","802","未被正式场景、预设、构建配置或动态加载路径引用"
"Assets/Resources/pixramen-valley-asset-pack-v2/pixramen-valley-asset-pack-v2/dark-knight/png/2x/dark-knight-heavy-combo-b/dark-knight-heavy-combo-b4.png","Resources","876","未被正式场景、预设、构建配置或动态加载路径引用"
"Assets/Resources/pixramen-valley-asset-pack-v2/pixramen-valley-asset-pack-v2/dark-knight/png/2x/dark-knight-heavy-combo-b/dark-knight-heavy-combo-b5.png","Resources","724","未被正式场景、预设、构建配置或动态加载路径引用"
"Assets/Resources/pixramen-valley-asset-pack-v2/pixramen-valley-asset-pack-v2/dark-knight/png/2x/dark-knight-heavy-combo-b/dark-knight-heavy-combo-b6.png","Resources","971","未被正式场景、预设、构建配置或动态加载路径引用"
"Assets/Resources/pixramen-valley-asset-pack-v2/pixramen-valley-asset-pack-v2/dark-knight/png/2x/dark-knight-heavy-combo-b/dark-knight-heavy-combo-b7.png","Resources","1143","未被正式场景、预设、构建配置或动态加载路径引用"
"Assets/Resources/pixramen-valley-asset-pack-v2/pixramen-valley-asset-pack-v2/dark-knight/png/2x/dark-knight-heavy-combo-b/dark-knight-heavy-combo-b8.png","Resources","1030","未被正式场景、预设、构建配置或动态加载路径引用"
"Assets/Resources/pixramen-valley-asset-pack-v2/pixramen-valley-asset-pack-v2/dark-knight/png/2x/dark-knight-heavy-combo-b/dark-knight-heavy-combo-b9.png","Resources","833","未被正式场景、预设、构建配置或动态加载路径引用"
"Assets/Resources/pixramen-valley-asset-pack-v2/pixramen-valley-asset-pack-v2/dark-knight/png/2x/dark-knight-heavy-combo-b-effect/dark-knight-heavy-combo-b-effect1.png","Resources","655","未被正式场景、预设、构建配置或动态加载路径引用"
"Assets/Resources/pixramen-valley-asset-pack-v2/pixramen-valley-asset-pack-v2/dark-knight/png/2x/dark-knight-heavy-combo-b-effect/dark-knight-heavy-combo-b-effect2.png","Resources","853","未被正式场景、预设、构建配置或动态加载路径引用"
"Assets/Resources/pixramen-valley-asset-pack-v2/pixramen-valley-asset-pack-v2/dark-knight/png/2x/dark-knight-heavy-combo-b-effect/dark-knight-heavy-combo-b-effect3.png","Resources","714","未被正式场景、预设、构建配置或动态加载路径引用"
"Assets/Resources/pixramen-valley-asset-pack-v2/pixramen-valley-asset-pack-v2/dark-knight/png/2x/dark-knight-heavy-combo-b-effect/dark-knight-heavy-combo-b-effect4.png","Resources","577","未被正式场景、预设、构建配置或动态加载路径引用"
"Assets/Resources/pixramen-valley-asset-pack-v2/pixramen-valley-asset-pack-v2/dark-knight/png/2x/dark-knight-heavy-combo-c/dark-knight-heavy-combo-c1.png","Resources","582","未被正式场景、预设、构建配置或动态加载路径引用"
"Assets/Resources/pixramen-valley-asset-pack-v2/pixramen-valley-asset-pack-v2/dark-knight/png/2x/dark-knight-heavy-combo-c/dark-knight-heavy-combo-c10.png","Resources","1284","未被正式场景、预设、构建配置或动态加载路径引用"
"Assets/Resources/pixramen-valley-asset-pack-v2/pixramen-valley-asset-pack-v2/dark-knight/png/2x/dark-knight-heavy-combo-c/dark-knight-heavy-combo-c11.png","Resources","1093","未被正式场景、预设、构建配置或动态加载路径引用"
"Assets/Resources/pixramen-valley-asset-pack-v2/pixramen-valley-asset-pack-v2/dark-knight/png/2x/dark-knight-heavy-combo-c/dark-knight-heavy-combo-c12.png","Resources","617","未被正式场景、预设、构建配置或动态加载路径引用"
"Assets/Resources/pixramen-valley-asset-pack-v2/pixramen-valley-asset-pack-v2/dark-knight/png/2x/dark-knight-heavy-combo-c/dark-knight-heavy-combo-c13.png","Resources","594","未被正式场景、预设、构建配置或动态加载路径引用"
"Assets/Resources/pixramen-valley-asset-pack-v2/pixramen-valley-asset-pack-v2/dark-knight/png/2x/dark-knight-heavy-combo-c/dark-knight-heavy-combo-c2.png","Resources","560","未被正式场景、预设、构建配置或动态加载路径引用"
"Assets/Resources/pixramen-valley-asset-pack-v2/pixramen-valley-asset-pack-v2/dark-knight/png/2x/dark-knight-heavy-combo-c/dark-knight-heavy-combo-c3.png","Resources","667","未被正式场景、预设、构建配置或动态加载路径引用"
"Assets/Resources/pixramen-valley-asset-pack-v2/pixramen-valley-asset-pack-v2/dark-knight/png/2x/dark-knight-heavy-combo-c/dark-knight-heavy-combo-c4.png","Resources","959","未被正式场景、预设、构建配置或动态加载路径引用"
"Assets/Resources/pixramen-valley-asset-pack-v2/pixramen-valley-asset-pack-v2/dark-knight/png/2x/dark-knight-heavy-combo-c/dark-knight-heavy-combo-c5.png","Resources","997","未被正式场景、预设、构建配置或动态加载路径引用"
"Assets/Resources/pixramen-valley-asset-pack-v2/pixramen-valley-asset-pack-v2/dark-knight/png/2x/dark-knight-heavy-combo-c/dark-knight-heavy-combo-c6.png","Resources","792","未被正式场景、预设、构建配置或动态加载路径引用"
"Assets/Resources/pixramen-valley-asset-pack-v2/pixramen-valley-asset-pack-v2/dark-knight/png/2x/dark-knight-heavy-combo-c/dark-knight-heavy-combo-c7.png","Resources","772","未被正式场景、预设、构建配置或动态加载路径引用"
"Assets/Resources/pixramen-valley-asset-pack-v2/pixramen-valley-asset-pack-v2/dark-knight/png/2x/dark-knight-heavy-combo-c/dark-knight-heavy-combo-c8.png","Resources","1426","未被正式场景、预设、构建配置或动态加载路径引用"
"Assets/Resources/pixramen-valley-asset-pack-v2/pixramen-valley-asset-pack-v2/dark-knight/png/2x/dark-knight-heavy-combo-c/dark-knight-heavy-combo-c9.png","Resources","1662","未被正式场景、预设、构建配置或动态加载路径引用"
"Assets/Resources/pixramen-valley-asset-pack-v2/pixramen-valley-asset-pack-v2/dark-knight/png/2x/dark-knight-heavy-combo-c-effect/dark-knight-heavy-combo-c-effect1.png","Resources","1165","未被正式场景、预设、构建配置或动态加载路径引用"
"Assets/Resources/pixramen-valley-asset-pack-v2/pixramen-valley-asset-pack-v2/dark-knight/png/2x/dark-knight-heavy-combo-c-effect/dark-knight-heavy-combo-c-effect2.png","Resources","1407","未被正式场景、预设、构建配置或动态加载路径引用"
"Assets/Resources/pixramen-valley-asset-pack-v2/pixramen-valley-asset-pack-v2/dark-knight/png/2x/dark-knight-heavy-combo-c-effect/dark-knight-heavy-combo-c-effect3.png","Resources","1042","未被正式场景、预设、构建配置或动态加载路径引用"
"Assets/Resources/pixramen-valley-asset-pack-v2/pixramen-valley-asset-pack-v2/dark-knight/png/2x/dark-knight-heavy-combo-c-effect/dark-knight-heavy-combo-c-effect4.png","Resources","848","未被正式场景、预设、构建配置或动态加载路径引用"
"Assets/Resources/pixramen-valley-asset-pack-v2/pixramen-valley-asset-pack-v2/dark-knight/png/2x/dark-knight-heavy-combo-c-effect/dark-knight-heavy-combo-c-effect5.png","Resources","368","未被正式场景、预设、构建配置或动态加载路径引用"
"Assets/Resources/pixramen-valley-asset-pack-v2/pixramen-valley-asset-pack-v2/dark-knight/png/2x/dark-knight-heavy-combo-leap-effect-a/dark-knight-heavy-combo-leap-effect-a1.png","Resources","372","未被正式场景、预设、构建配置或动态加载路径引用"
"Assets/Resources/pixramen-valley-asset-pack-v2/pixramen-valley-asset-pack-v2/dark-knight/png/2x/dark-knight-heavy-combo-leap-effect-a/dark-knight-heavy-combo-leap-effect-a2.png","Resources","413","未被正式场景、预设、构建配置或动态加载路径引用"
"Assets/Resources/pixramen-valley-asset-pack-v2/pixramen-valley-asset-pack-v2/dark-knight/png/2x/dark-knight-heavy-combo-leap-effect-a/dark-knight-heavy-combo-leap-effect-a3.png","Resources","430","未被正式场景、预设、构建配置或动态加载路径引用"
"Assets/Resources/pixramen-valley-asset-pack-v2/pixramen-valley-asset-pack-v2/dark-knight/png/2x/dark-knight-heavy-combo-leap-effect-a/dark-knight-heavy-combo-leap-effect-a4.png","Resources","400","未被正式场景、预设、构建配置或动态加载路径引用"
"Assets/Resources/pixramen-valley-asset-pack-v2/pixramen-valley-asset-pack-v2/dark-knight/png/2x/dark-knight-heavy-combo-leap-effect-b/dark-knight-heavy-combo-leap-effect-b1.png","Resources","391","未被正式场景、预设、构建配置或动态加载路径引用"
"Assets/Resources/pixramen-valley-asset-pack-v2/pixramen-valley-asset-pack-v2/dark-knight/png/2x/dark-knight-heavy-combo-leap-effect-b/dark-knight-heavy-combo-leap-effect-b2.png","Resources","448","未被正式场景、预设、构建配置或动态加载路径引用"
"Assets/Resources/pixramen-valley-asset-pack-v2/pixramen-valley-asset-pack-v2/dark-knight/png/2x/dark-knight-heavy-combo-leap-effect-b/dark-knight-heavy-combo-leap-effect-b3.png","Resources","467","未被正式场景、预设、构建配置或动态加载路径引用"
"Assets/Resources/pixramen-valley-asset-pack-v2/pixramen-valley-asset-pack-v2/dark-knight/png/2x/dark-knight-heavy-combo-leap-effect-c/dark-knight-heavy-combo-leap-effect-c1.png","Resources","399","未被正式场景、预设、构建配置或动态加载路径引用"
"Assets/Resources/pixramen-valley-asset-pack-v2/pixramen-valley-asset-pack-v2/dark-knight/png/2x/dark-knight-heavy-combo-leap-effect-c/dark-knight-heavy-combo-leap-effect-c2.png","Resources","497","未被正式场景、预设、构建配置或动态加载路径引用"
"Assets/Resources/pixramen-valley-asset-pack-v2/pixramen-valley-asset-pack-v2/dark-knight/png/2x/dark-knight-heavy-combo-leap-effect-c/dark-knight-heavy-combo-leap-effect-c3.png","Resources","472","未被正式场景、预设、构建配置或动态加载路径引用"
"Assets/Resources/pixramen-valley-asset-pack-v2/pixramen-valley-asset-pack-v2/dark-knight/png/2x/dark-knight-heavy-combo-with-effect-a/dark-knight-heavy-combo-with-effect-a1.png","Resources","652","未被正式场景、预设、构建配置或动态加载路径引用"
"Assets/Resources/pixramen-valley-asset-pack-v2/pixramen-valley-asset-pack-v2/dark-knight/png/2x/dark-knight-heavy-combo-with-effect-a/dark-knight-heavy-combo-with-effect-a10.png","Resources","945","未被正式场景、预设、构建配置或动态加载路径引用"
"Assets/Resources/pixramen-valley-asset-pack-v2/pixramen-valley-asset-pack-v2/dark-knight/png/2x/dark-knight-heavy-combo-with-effect-a/dark-knight-heavy-combo-with-effect-a11.png","Resources","752","未被正式场景、预设、构建配置或动态加载路径引用"
"Assets/Resources/pixramen-valley-asset-pack-v2/pixramen-valley-asset-pack-v2/dark-knight/png/2x/dark-knight-heavy-combo-with-effect-a/dark-knight-heavy-combo-with-effect-a12.png","Resources","603","未被正式场景、预设、构建配置或动态加载路径引用"
"Assets/Resources/pixramen-valley-asset-pack-v2/pixramen-valley-asset-pack-v2/dark-knight/png/2x/dark-knight-heavy-combo-with-effect-a/dark-knight-heavy-combo-with-effect-a2.png","Resources","731","未被正式场景、预设、构建配置或动态加载路径引用"
"Assets/Resources/pixramen-valley-asset-pack-v2/pixramen-valley-asset-pack-v2/dark-knight/png/2x/dark-knight-heavy-combo-with-effect-a/dark-knight-heavy-combo-with-effect-a3.png","Resources","730","未被正式场景、预设、构建配置或动态加载路径引用"
"Assets/Resources/pixramen-valley-asset-pack-v2/pixramen-valley-asset-pack-v2/dark-knight/png/2x/dark-knight-heavy-combo-with-effect-a/dark-knight-heavy-combo-with-effect-a4.png","Resources","786","未被正式场景、预设、构建配置或动态加载路径引用"
"Assets/Resources/pixramen-valley-asset-pack-v2/pixramen-valley-asset-pack-v2/dark-knight/png/2x/dark-knight-heavy-combo-with-effect-a/dark-knight-heavy-combo-with-effect-a5.png","Resources","754","未被正式场景、预设、构建配置或动态加载路径引用"
"Assets/Resources/pixramen-valley-asset-pack-v2/pixramen-valley-asset-pack-v2/dark-knight/png/2x/dark-knight-heavy-combo-with-effect-a/dark-knight-heavy-combo-with-effect-a6.png","Resources","697","未被正式场景、预设、构建配置或动态加载路径引用"
"Assets/Resources/pixramen-valley-asset-pack-v2/pixramen-valley-asset-pack-v2/dark-knight/png/2x/dark-knight-heavy-combo-with-effect-a/dark-knight-heavy-combo-with-effect-a7.png","Resources","710","未被正式场景、预设、构建配置或动态加载路径引用"
"Assets/Resources/pixramen-valley-asset-pack-v2/pixramen-valley-asset-pack-v2/dark-knight/png/2x/dark-knight-heavy-combo-with-effect-a/dark-knight-heavy-combo-with-effect-a8.png","Resources","956","未被正式场景、预设、构建配置或动态加载路径引用"
"Assets/Resources/pixramen-valley-asset-pack-v2/pixramen-valley-asset-pack-v2/dark-knight/png/2x/dark-knight-heavy-combo-with-effect-a/dark-knight-heavy-combo-with-effect-a9.png","Resources","1113","未被正式场景、预设、构建配置或动态加载路径引用"
"Assets/Resources/pixramen-valley-asset-pack-v2/pixramen-valley-asset-pack-v2/dark-knight/png/2x/dark-knight-heavy-combo-with-effect-b/dark-knight-heavy-combo-with-effect-b1.png","Resources","680","未被正式场景、预设、构建配置或动态加载路径引用"
"Assets/Resources/pixramen-valley-asset-pack-v2/pixramen-valley-asset-pack-v2/dark-knight/png/2x/dark-knight-heavy-combo-with-effect-b/dark-knight-heavy-combo-with-effect-b10.png","Resources","629","未被正式场景、预设、构建配置或动态加载路径引用"
"Assets/Resources/pixramen-valley-asset-pack-v2/pixramen-valley-asset-pack-v2/dark-knight/png/2x/dark-knight-heavy-combo-with-effect-b/dark-knight-heavy-combo-with-effect-b2.png","Resources","757","未被正式场景、预设、构建配置或动态加载路径引用"
"Assets/Resources/pixramen-valley-asset-pack-v2/pixramen-valley-asset-pack-v2/dark-knight/png/2x/dark-knight-heavy-combo-with-effect-b/dark-knight-heavy-combo-with-effect-b3.png","Resources","802","未被正式场景、预设、构建配置或动态加载路径引用"
"Assets/Resources/pixramen-valley-asset-pack-v2/pixramen-valley-asset-pack-v2/dark-knight/png/2x/dark-knight-heavy-combo-with-effect-b/dark-knight-heavy-combo-with-effect-b4.png","Resources","876","未被正式场景、预设、构建配置或动态加载路径引用"
"Assets/Resources/pixramen-valley-asset-pack-v2/pixramen-valley-asset-pack-v2/dark-knight/png/2x/dark-knight-heavy-combo-with-effect-b/dark-knight-heavy-combo-with-effect-b5.png","Resources","724","未被正式场景、预设、构建配置或动态加载路径引用"
"Assets/Resources/pixramen-valley-asset-pack-v2/pixramen-valley-asset-pack-v2/dark-knight/png/2x/dark-knight-heavy-combo-with-effect-b/dark-knight-heavy-combo-with-effect-b6.png","Resources","971","未被正式场景、预设、构建配置或动态加载路径引用"
"Assets/Resources/pixramen-valley-asset-pack-v2/pixramen-valley-asset-pack-v2/dark-knight/png/2x/dark-knight-heavy-combo-with-effect-b/dark-knight-heavy-combo-with-effect-b7.png","Resources","1143","未被正式场景、预设、构建配置或动态加载路径引用"
"Assets/Resources/pixramen-valley-asset-pack-v2/pixramen-valley-asset-pack-v2/dark-knight/png/2x/dark-knight-heavy-combo-with-effect-b/dark-knight-heavy-combo-with-effect-b8.png","Resources","1030","未被正式场景、预设、构建配置或动态加载路径引用"
"Assets/Resources/pixramen-valley-asset-pack-v2/pixramen-valley-asset-pack-v2/dark-knight/png/2x/dark-knight-heavy-combo-with-effect-b/dark-knight-heavy-combo-with-effect-b9.png","Resources","833","未被正式场景、预设、构建配置或动态加载路径引用"
"Assets/Resources/pixramen-valley-asset-pack-v2/pixramen-valley-asset-pack-v2/dark-knight/png/2x/dark-knight-heavy-combo-with-effect-c/dark-knight-heavy-combo-with-effect-c1.png","Resources","582","未被正式场景、预设、构建配置或动态加载路径引用"
"Assets/Resources/pixramen-valley-asset-pack-v2/pixramen-valley-asset-pack-v2/dark-knight/png/2x/dark-knight-heavy-combo-with-effect-c/dark-knight-heavy-combo-with-effect-c10.png","Resources","1284","未被正式场景、预设、构建配置或动态加载路径引用"
"Assets/Resources/pixramen-valley-asset-pack-v2/pixramen-valley-asset-pack-v2/dark-knight/png/2x/dark-knight-heavy-combo-with-effect-c/dark-knight-heavy-combo-with-effect-c11.png","Resources","1093","未被正式场景、预设、构建配置或动态加载路径引用"
"Assets/Resources/pixramen-valley-asset-pack-v2/pixramen-valley-asset-pack-v2/dark-knight/png/2x/dark-knight-heavy-combo-with-effect-c/dark-knight-heavy-combo-with-effect-c12.png","Resources","617","未被正式场景、预设、构建配置或动态加载路径引用"
"Assets/Resources/pixramen-valley-asset-pack-v2/pixramen-valley-asset-pack-v2/dark-knight/png/2x/dark-knight-heavy-combo-with-effect-c/dark-knight-heavy-combo-with-effect-c13.png","Resources","594","未被正式场景、预设、构建配置或动态加载路径引用"
"Assets/Resources/pixramen-valley-asset-pack-v2/pixramen-valley-asset-pack-v2/dark-knight/png/2x/dark-knight-heavy-combo-with-effect-c/dark-knight-heavy-combo-with-effect-c2.png","Resources","560","未被正式场景、预设、构建配置或动态加载路径引用"
"Assets/Resources/pixramen-valley-asset-pack-v2/pixramen-valley-asset-pack-v2/dark-knight/png/2x/dark-knight-heavy-combo-with-effect-c/dark-knight-heavy-combo-with-effect-c3.png","Resources","667","未被正式场景、预设、构建配置或动态加载路径引用"
"Assets/Resources/pixramen-valley-asset-pack-v2/pixramen-valley-asset-pack-v2/dark-knight/png/2x/dark-knight-heavy-combo-with-effect-c/dark-knight-heavy-combo-with-effect-c4.png","Resources","959","未被正式场景、预设、构建配置或动态加载路径引用"
"Assets/Resources/pixramen-valley-asset-pack-v2/pixramen-valley-asset-pack-v2/dark-knight/png/2x/dark-knight-heavy-combo-with-effect-c/dark-knight-heavy-combo-with-effect-c5.png","Resources","997","未被正式场景、预设、构建配置或动态加载路径引用"
"Assets/Resources/pixramen-valley-asset-pack-v2/pixramen-valley-asset-pack-v2/dark-knight/png/2x/dark-knight-heavy-combo-with-effect-c/dark-knight-heavy-combo-with-effect-c6.png","Resources","792","未被正式场景、预设、构建配置或动态加载路径引用"
"Assets/Resources/pixramen-valley-asset-pack-v2/pixramen-valley-asset-pack-v2/dark-knight/png/2x/dark-knight-heavy-combo-with-effect-c/dark-knight-heavy-combo-with-effect-c7.png","Resources","772","未被正式场景、预设、构建配置或动态加载路径引用"
"Assets/Resources/pixramen-valley-asset-pack-v2/pixramen-valley-asset-pack-v2/dark-knight/png/2x/dark-knight-heavy-combo-with-effect-c/dark-knight-heavy-combo-with-effect-c8.png","Resources","1426","未被正式场景、预设、构建配置或动态加载路径引用"
"Assets/Resources/pixramen-valley-asset-pack-v2/pixramen-valley-asset-pack-v2/dark-knight/png/2x/dark-knight-heavy-combo-with-effect-c/dark-knight-heavy-combo-with-effect-c9.png","Resources","1662","未被正式场景、预设、构建配置或动态加载路径引用"
"Assets/Resources/pixramen-valley-asset-pack-v2/pixramen-valley-asset-pack-v2/dark-knight/png/2x/dark-knight-idle/dark-knight-idle1.png","Resources","566","未被正式场景、预设、构建配置或动态加载路径引用"
"Assets/Resources/pixramen-valley-asset-pack-v2/pixramen-valley-asset-pack-v2/dark-knight/png/2x/dark-knight-idle/dark-knight-idle2.png","Resources","580","未被正式场景、预设、构建配置或动态加载路径引用"
"Assets/Resources/pixramen-valley-asset-pack-v2/pixramen-valley-asset-pack-v2/dark-knight/png/2x/dark-knight-jump/dark-knight-jump1.png","Resources","555","未被正式场景、预设、构建配置或动态加载路径引用"
"Assets/Resources/pixramen-valley-asset-pack-v2/pixramen-valley-asset-pack-v2/dark-knight/png/2x/dark-knight-jump/dark-knight-jump2.png","Resources","576","未被正式场景、预设、构建配置或动态加载路径引用"
"Assets/Resources/pixramen-valley-asset-pack-v2/pixramen-valley-asset-pack-v2/dark-knight/png/2x/dark-knight-jump/dark-knight-jump3.png","Resources","559","未被正式场景、预设、构建配置或动态加载路径引用"
"Assets/Resources/pixramen-valley-asset-pack-v2/pixramen-valley-asset-pack-v2/dark-knight/png/2x/dark-knight-jump/dark-knight-jump4.png","Resources","565","未被正式场景、预设、构建配置或动态加载路径引用"
"Assets/Resources/pixramen-valley-asset-pack-v2/pixramen-valley-asset-pack-v2/dark-knight/png/2x/dark-knight-jump/dark-knight-jump5.png","Resources","566","未被正式场景、预设、构建配置或动态加载路径引用"
"Assets/Resources/pixramen-valley-asset-pack-v2/pixramen-valley-asset-pack-v2/dark-knight/png/2x/dark-knight-knockback/dark-knight-knockback1.png","Resources","525","未被正式场景、预设、构建配置或动态加载路径引用"
"Assets/Resources/pixramen-valley-asset-pack-v2/pixramen-valley-asset-pack-v2/dark-knight/png/2x/dark-knight-knockback/dark-knight-knockback2.png","Resources","511","未被正式场景、预设、构建配置或动态加载路径引用"
"Assets/Resources/pixramen-valley-asset-pack-v2/pixramen-valley-asset-pack-v2/dark-knight/png/2x/dark-knight-knockback/dark-knight-knockback3.png","Resources","514","未被正式场景、预设、构建配置或动态加载路径引用"
"Assets/Resources/pixramen-valley-asset-pack-v2/pixramen-valley-asset-pack-v2/dark-knight/png/2x/dark-knight-knockback/dark-knight-knockback4.png","Resources","525","未被正式场景、预设、构建配置或动态加载路径引用"
"Assets/Resources/pixramen-valley-asset-pack-v2/pixramen-valley-asset-pack-v2/dark-knight/png/2x/dark-knight-normal-combo-a/dark-knight-normal-combo-a1.png","Resources","545","未被正式场景、预设、构建配置或动态加载路径引用"
"Assets/Resources/pixramen-valley-asset-pack-v2/pixramen-valley-asset-pack-v2/dark-knight/png/2x/dark-knight-normal-combo-a/dark-knight-normal-combo-a2.png","Resources","532","未被正式场景、预设、构建配置或动态加载路径引用"
"Assets/Resources/pixramen-valley-asset-pack-v2/pixramen-valley-asset-pack-v2/dark-knight/png/2x/dark-knight-normal-combo-a/dark-knight-normal-combo-a3.png","Resources","543","未被正式场景、预设、构建配置或动态加载路径引用"
"Assets/Resources/pixramen-valley-asset-pack-v2/pixramen-valley-asset-pack-v2/dark-knight/png/2x/dark-knight-normal-combo-a/dark-knight-normal-combo-a4.png","Resources","601","未被正式场景、预设、构建配置或动态加载路径引用"
"Assets/Resources/pixramen-valley-asset-pack-v2/pixramen-valley-asset-pack-v2/dark-knight/png/2x/dark-knight-normal-combo-a/dark-knight-normal-combo-a5.png","Resources","546","未被正式场景、预设、构建配置或动态加载路径引用"
"Assets/Resources/pixramen-valley-asset-pack-v2/pixramen-valley-asset-pack-v2/dark-knight/png/2x/dark-knight-normal-combo-a/dark-knight-normal-combo-a6.png","Resources","589","未被正式场景、预设、构建配置或动态加载路径引用"
"Assets/Resources/pixramen-valley-asset-pack-v2/pixramen-valley-asset-pack-v2/dark-knight/png/2x/dark-knight-normal-combo-a/dark-knight-normal-combo-a7.png","Resources","553","未被正式场景、预设、构建配置或动态加载路径引用"
"Assets/Resources/pixramen-valley-asset-pack-v2/pixramen-valley-asset-pack-v2/dark-knight/png/2x/dark-knight-normal-combo-a/dark-knight-normal-combo-a8.png","Resources","558","未被正式场景、预设、构建配置或动态加载路径引用"
"Assets/Resources/pixramen-valley-asset-pack-v2/pixramen-valley-asset-pack-v2/dark-knight/png/2x/dark-knight-normal-combo-b/dark-knight-normal-combo-b1.png","Resources","497","未被正式场景、预设、构建配置或动态加载路径引用"
"Assets/Resources/pixramen-valley-asset-pack-v2/pixramen-valley-asset-pack-v2/dark-knight/png/2x/dark-knight-normal-combo-b/dark-knight-normal-combo-b2.png","Resources","571","未被正式场景、预设、构建配置或动态加载路径引用"
"Assets/Resources/pixramen-valley-asset-pack-v2/pixramen-valley-asset-pack-v2/dark-knight/png/2x/dark-knight-normal-combo-b/dark-knight-normal-combo-b3.png","Resources","563","未被正式场景、预设、构建配置或动态加载路径引用"
"Assets/Resources/pixramen-valley-asset-pack-v2/pixramen-valley-asset-pack-v2/dark-knight/png/2x/dark-knight-normal-combo-b/dark-knight-normal-combo-b4.png","Resources","572","未被正式场景、预设、构建配置或动态加载路径引用"
"Assets/Resources/pixramen-valley-asset-pack-v2/pixramen-valley-asset-pack-v2/dark-knight/png/2x/dark-knight-normal-combo-b/dark-knight-normal-combo-b5.png","Resources","570","未被正式场景、预设、构建配置或动态加载路径引用"
"Assets/Resources/pixramen-valley-asset-pack-v2/pixramen-valley-asset-pack-v2/dark-knight/png/2x/dark-knight-normal-combo-b/dark-knight-normal-combo-b6.png","Resources","518","未被正式场景、预设、构建配置或动态加载路径引用"
"Assets/Resources/pixramen-valley-asset-pack-v2/pixramen-valley-asset-pack-v2/dark-knight/png/2x/dark-knight-normal-combo-b/dark-knight-normal-combo-b7.png","Resources","485","未被正式场景、预设、构建配置或动态加载路径引用"
"Assets/Resources/pixramen-valley-asset-pack-v2/pixramen-valley-asset-pack-v2/dark-knight/png/2x/dark-knight-normal-combo-b/dark-knight-normal-combo-b8.png","Resources","484","未被正式场景、预设、构建配置或动态加载路径引用"
"Assets/Resources/pixramen-valley-asset-pack-v2/pixramen-valley-asset-pack-v2/dark-knight/png/2x/dark-knight-normal-combo-c/dark-knight-normal-combo-c1.png","Resources","500","未被正式场景、预设、构建配置或动态加载路径引用"
"Assets/Resources/pixramen-valley-asset-pack-v2/pixramen-valley-asset-pack-v2/dark-knight/png/2x/dark-knight-normal-combo-c/dark-knight-normal-combo-c2.png","Resources","527","未被正式场景、预设、构建配置或动态加载路径引用"
"Assets/Resources/pixramen-valley-asset-pack-v2/pixramen-valley-asset-pack-v2/dark-knight/png/2x/dark-knight-normal-combo-c/dark-knight-normal-combo-c3.png","Resources","591","未被正式场景、预设、构建配置或动态加载路径引用"
"Assets/Resources/pixramen-valley-asset-pack-v2/pixramen-valley-asset-pack-v2/dark-knight/png/2x/dark-knight-normal-combo-c/dark-knight-normal-combo-c4.png","Resources","622","未被正式场景、预设、构建配置或动态加载路径引用"
"Assets/Resources/pixramen-valley-asset-pack-v2/pixramen-valley-asset-pack-v2/dark-knight/png/2x/dark-knight-normal-combo-c/dark-knight-normal-combo-c5.png","Resources","599","未被正式场景、预设、构建配置或动态加载路径引用"
"Assets/Resources/pixramen-valley-asset-pack-v2/pixramen-valley-asset-pack-v2/dark-knight/png/2x/dark-knight-normal-combo-c/dark-knight-normal-combo-c6.png","Resources","561","未被正式场景、预设、构建配置或动态加载路径引用"
"Assets/Resources/pixramen-valley-asset-pack-v2/pixramen-valley-asset-pack-v2/dark-knight/png/2x/dark-knight-normal-combo-c/dark-knight-normal-combo-c7.png","Resources","554","未被正式场景、预设、构建配置或动态加载路径引用"
"Assets/Resources/pixramen-valley-asset-pack-v2/pixramen-valley-asset-pack-v2/dark-knight/png/2x/dark-knight-normal-combo-c/dark-knight-normal-combo-c8.png","Resources","554","未被正式场景、预设、构建配置或动态加载路径引用"
"Assets/Resources/pixramen-valley-asset-pack-v2/pixramen-valley-asset-pack-v2/dark-knight/png/2x/dark-knight-parry/dark-knight-parry1.png","Resources","563","未被正式场景、预设、构建配置或动态加载路径引用"
"Assets/Resources/pixramen-valley-asset-pack-v2/pixramen-valley-asset-pack-v2/dark-knight/png/2x/dark-knight-parry/dark-knight-parry2.png","Resources","784","未被正式场景、预设、构建配置或动态加载路径引用"
"Assets/Resources/pixramen-valley-asset-pack-v2/pixramen-valley-asset-pack-v2/dark-knight/png/2x/dark-knight-parry/dark-knight-parry3.png","Resources","703","未被正式场景、预设、构建配置或动态加载路径引用"
"Assets/Resources/pixramen-valley-asset-pack-v2/pixramen-valley-asset-pack-v2/dark-knight/png/2x/dark-knight-parry/dark-knight-parry4.png","Resources","590","未被正式场景、预设、构建配置或动态加载路径引用"
"Assets/Resources/pixramen-valley-asset-pack-v2/pixramen-valley-asset-pack-v2/dark-knight/png/2x/dark-knight-parry/dark-knight-parry5.png","Resources","548","未被正式场景、预设、构建配置或动态加载路径引用"
"Assets/Resources/pixramen-valley-asset-pack-v2/pixramen-valley-asset-pack-v2/dark-knight/png/2x/dark-knight-parry-effect/dark-knight-parry-effect1.png","Resources","563","未被正式场景、预设、构建配置或动态加载路径引用"
"Assets/Resources/pixramen-valley-asset-pack-v2/pixramen-valley-asset-pack-v2/dark-knight/png/2x/dark-knight-parry-effect/dark-knight-parry-effect2.png","Resources","785","未被正式场景、预设、构建配置或动态加载路径引用"
"Assets/Resources/pixramen-valley-asset-pack-v2/pixramen-valley-asset-pack-v2/dark-knight/png/2x/dark-knight-parry-effect/dark-knight-parry-effect3.png","Resources","729","未被正式场景、预设、构建配置或动态加载路径引用"
"Assets/Resources/pixramen-valley-asset-pack-v2/pixramen-valley-asset-pack-v2/dark-knight/png/2x/dark-knight-parry-effect/dark-knight-parry-effect4.png","Resources","590","未被正式场景、预设、构建配置或动态加载路径引用"
"Assets/Resources/pixramen-valley-asset-pack-v2/pixramen-valley-asset-pack-v2/dark-knight/png/2x/dark-knight-parry-effect/dark-knight-parry-effect5.png","Resources","549","未被正式场景、预设、构建配置或动态加载路径引用"
"Assets/Resources/pixramen-valley-asset-pack-v2/pixramen-valley-asset-pack-v2/dark-knight/png/2x/dark-knight-parry-with-effect/dark-knight-parry-with-effect1.png","Resources","563","未被正式场景、预设、构建配置或动态加载路径引用"
"Assets/Resources/pixramen-valley-asset-pack-v2/pixramen-valley-asset-pack-v2/dark-knight/png/2x/dark-knight-parry-with-effect/dark-knight-parry-with-effect2.png","Resources","785","未被正式场景、预设、构建配置或动态加载路径引用"
"Assets/Resources/pixramen-valley-asset-pack-v2/pixramen-valley-asset-pack-v2/dark-knight/png/2x/dark-knight-parry-with-effect/dark-knight-parry-with-effect3.png","Resources","729","未被正式场景、预设、构建配置或动态加载路径引用"
"Assets/Resources/pixramen-valley-asset-pack-v2/pixramen-valley-asset-pack-v2/dark-knight/png/2x/dark-knight-parry-with-effect/dark-knight-parry-with-effect4.png","Resources","590","未被正式场景、预设、构建配置或动态加载路径引用"
"Assets/Resources/pixramen-valley-asset-pack-v2/pixramen-valley-asset-pack-v2/dark-knight/png/2x/dark-knight-parry-with-effect/dark-knight-parry-with-effect5.png","Resources","549","未被正式场景、预设、构建配置或动态加载路径引用"
"Assets/Resources/pixramen-valley-asset-pack-v2/pixramen-valley-asset-pack-v2/dark-knight/png/2x/dark-knight-prepare-jump/dark-knight-prepare-jump1.png","Resources","479","未被正式场景、预设、构建配置或动态加载路径引用"
"Assets/Resources/pixramen-valley-asset-pack-v2/pixramen-valley-asset-pack-v2/dark-knight/png/2x/dark-knight-prepare-jump/dark-knight-prepare-jump2.png","Resources","529","未被正式场景、预设、构建配置或动态加载路径引用"
"Assets/Resources/pixramen-valley-asset-pack-v2/pixramen-valley-asset-pack-v2/dark-knight/png/2x/dark-knight-run/dark-knight-run1.png","Resources","538","未被正式场景、预设、构建配置或动态加载路径引用"
"Assets/Resources/pixramen-valley-asset-pack-v2/pixramen-valley-asset-pack-v2/dark-knight/png/2x/dark-knight-run/dark-knight-run2.png","Resources","564","未被正式场景、预设、构建配置或动态加载路径引用"
"Assets/Resources/pixramen-valley-asset-pack-v2/pixramen-valley-asset-pack-v2/dark-knight/png/2x/dark-knight-run/dark-knight-run3.png","Resources","556","未被正式场景、预设、构建配置或动态加载路径引用"
"Assets/Resources/pixramen-valley-asset-pack-v2/pixramen-valley-asset-pack-v2/dark-knight/png/2x/dark-knight-run/dark-knight-run4.png","Resources","542","未被正式场景、预设、构建配置或动态加载路径引用"
"Assets/Resources/pixramen-valley-asset-pack-v2/pixramen-valley-asset-pack-v2/dark-knight/png/2x/dark-knight-run/dark-knight-run5.png","Resources","551","未被正式场景、预设、构建配置或动态加载路径引用"
"Assets/Resources/pixramen-valley-asset-pack-v2/pixramen-valley-asset-pack-v2/dark-knight/png/2x/dark-knight-run/dark-knight-run6.png","Resources","595","未被正式场景、预设、构建配置或动态加载路径引用"
"Assets/Resources/pixramen-valley-asset-pack-v2/pixramen-valley-asset-pack-v2/dark-knight/png/2x/dark-knight-run/dark-knight-run7.png","Resources","565","未被正式场景、预设、构建配置或动态加载路径引用"
"Assets/Resources/pixramen-valley-asset-pack-v2/pixramen-valley-asset-pack-v2/dark-knight/png/2x/dark-knight-run/dark-knight-run8.png","Resources","551","未被正式场景、预设、构建配置或动态加载路径引用"
"Assets/Resources/pixramen-valley-asset-pack-v2/pixramen-valley-asset-pack-v2/dark-knight/png/3x/dark-knight-air-combo-a/dark-knight-air-combo-a1.png","Resources","598","未被正式场景、预设、构建配置或动态加载路径引用"
"Assets/Resources/pixramen-valley-asset-pack-v2/pixramen-valley-asset-pack-v2/dark-knight/png/3x/dark-knight-air-combo-a/dark-knight-air-combo-a2.png","Resources","637","未被正式场景、预设、构建配置或动态加载路径引用"
"Assets/Resources/pixramen-valley-asset-pack-v2/pixramen-valley-asset-pack-v2/dark-knight/png/3x/dark-knight-air-combo-a/dark-knight-air-combo-a3.png","Resources","649","未被正式场景、预设、构建配置或动态加载路径引用"
"Assets/Resources/pixramen-valley-asset-pack-v2/pixramen-valley-asset-pack-v2/dark-knight/png/3x/dark-knight-air-combo-a/dark-knight-air-combo-a4.png","Resources","704","未被正式场景、预设、构建配置或动态加载路径引用"
"Assets/Resources/pixramen-valley-asset-pack-v2/pixramen-valley-asset-pack-v2/dark-knight/png/3x/dark-knight-air-combo-a/dark-knight-air-combo-a5.png","Resources","622","未被正式场景、预设、构建配置或动态加载路径引用"
"Assets/Resources/pixramen-valley-asset-pack-v2/pixramen-valley-asset-pack-v2/dark-knight/png/3x/dark-knight-air-combo-a/dark-knight-air-combo-a6.png","Resources","623","未被正式场景、预设、构建配置或动态加载路径引用"
"Assets/Resources/pixramen-valley-asset-pack-v2/pixramen-valley-asset-pack-v2/dark-knight/png/3x/dark-knight-air-combo-a/dark-knight-air-combo-a7.png","Resources","650","未被正式场景、预设、构建配置或动态加载路径引用"
"Assets/Resources/pixramen-valley-asset-pack-v2/pixramen-valley-asset-pack-v2/dark-knight/png/3x/dark-knight-air-combo-a/dark-knight-air-combo-a8.png","Resources","667","未被正式场景、预设、构建配置或动态加载路径引用"
"Assets/Resources/pixramen-valley-asset-pack-v2/pixramen-valley-asset-pack-v2/dark-knight/png/3x/dark-knight-air-combo-b/dark-knight-air-combo-b1.png","Resources","703","未被正式场景、预设、构建配置或动态加载路径引用"
"Assets/Resources/pixramen-valley-asset-pack-v2/pixramen-valley-asset-pack-v2/dark-knight/png/3x/dark-knight-air-combo-b/dark-knight-air-combo-b2.png","Resources","612","未被正式场景、预设、构建配置或动态加载路径引用"
"Assets/Resources/pixramen-valley-asset-pack-v2/pixramen-valley-asset-pack-v2/dark-knight/png/3x/dark-knight-air-combo-b/dark-knight-air-combo-b3.png","Resources","632","未被正式场景、预设、构建配置或动态加载路径引用"
"Assets/Resources/pixramen-valley-asset-pack-v2/pixramen-valley-asset-pack-v2/dark-knight/png/3x/dark-knight-air-combo-b/dark-knight-air-combo-b4.png","Resources","704","未被正式场景、预设、构建配置或动态加载路径引用"
"Assets/Resources/pixramen-valley-asset-pack-v2/pixramen-valley-asset-pack-v2/dark-knight/png/3x/dark-knight-air-combo-b/dark-knight-air-combo-b5.png","Resources","609","未被正式场景、预设、构建配置或动态加载路径引用"
"Assets/Resources/pixramen-valley-asset-pack-v2/pixramen-valley-asset-pack-v2/dark-knight/png/3x/dark-knight-air-combo-b/dark-knight-air-combo-b6.png","Resources","596","未被正式场景、预设、构建配置或动态加载路径引用"
"Assets/Resources/pixramen-valley-asset-pack-v2/pixramen-valley-asset-pack-v2/dark-knight/png/3x/dark-knight-air-combo-b/dark-knight-air-combo-b7.png","Resources","620","未被正式场景、预设、构建配置或动态加载路径引用"
"Assets/Resources/pixramen-valley-asset-pack-v2/pixramen-valley-asset-pack-v2/dark-knight/png/3x/dark-knight-air-combo-b/dark-knight-air-combo-b8.png","Resources","594","未被正式场景、预设、构建配置或动态加载路径引用"
"Assets/Resources/pixramen-valley-asset-pack-v2/pixramen-valley-asset-pack-v2/dark-knight/png/3x/dark-knight-air-combo-c/dark-knight-air-combo-c1.png","Resources","643","未被正式场景、预设、构建配置或动态加载路径引用"
"Assets/Resources/pixramen-valley-asset-pack-v2/pixramen-valley-asset-pack-v2/dark-knight/png/3x/dark-knight-air-combo-c/dark-knight-air-combo-c2.png","Resources","658","未被正式场景、预设、构建配置或动态加载路径引用"
"Assets/Resources/pixramen-valley-asset-pack-v2/pixramen-valley-asset-pack-v2/dark-knight/png/3x/dark-knight-air-combo-c/dark-knight-air-combo-c3.png","Resources","748","未被正式场景、预设、构建配置或动态加载路径引用"
"Assets/Resources/pixramen-valley-asset-pack-v2/pixramen-valley-asset-pack-v2/dark-knight/png/3x/dark-knight-air-combo-c/dark-knight-air-combo-c4.png","Resources","625","未被正式场景、预设、构建配置或动态加载路径引用"
"Assets/Resources/pixramen-valley-asset-pack-v2/pixramen-valley-asset-pack-v2/dark-knight/png/3x/dark-knight-air-combo-c/dark-knight-air-combo-c5.png","Resources","637","未被正式场景、预设、构建配置或动态加载路径引用"
"Assets/Resources/pixramen-valley-asset-pack-v2/pixramen-valley-asset-pack-v2/dark-knight/png/3x/dark-knight-air-combo-c/dark-knight-air-combo-c6.png","Resources","652","未被正式场景、预设、构建配置或动态加载路径引用"
"Assets/Resources/pixramen-valley-asset-pack-v2/pixramen-valley-asset-pack-v2/dark-knight/png/3x/dark-knight-air-combo-c/dark-knight-air-combo-c7.png","Resources","642","未被正式场景、预设、构建配置或动态加载路径引用"
"Assets/Resources/pixramen-valley-asset-pack-v2/pixramen-valley-asset-pack-v2/dark-knight/png/3x/dark-knight-blocking/dark-knight-blocking1.png","Resources","667","未被正式场景、预设、构建配置或动态加载路径引用"
"Assets/Resources/pixramen-valley-asset-pack-v2/pixramen-valley-asset-pack-v2/dark-knight/png/3x/dark-knight-blocking/dark-knight-blocking2.png","Resources","647","未被正式场景、预设、构建配置或动态加载路径引用"
"Assets/Resources/pixramen-valley-asset-pack-v2/pixramen-valley-asset-pack-v2/dark-knight/png/3x/dark-knight-climb/dark-knight-climb1.png","Resources","695","未被正式场景、预设、构建配置或动态加载路径引用"
"Assets/Resources/pixramen-valley-asset-pack-v2/pixramen-valley-asset-pack-v2/dark-knight/png/3x/dark-knight-climb/dark-knight-climb2.png","Resources","685","未被正式场景、预设、构建配置或动态加载路径引用"
"Assets/Resources/pixramen-valley-asset-pack-v2/pixramen-valley-asset-pack-v2/dark-knight/png/3x/dark-knight-climb/dark-knight-climb3.png","Resources","670","未被正式场景、预设、构建配置或动态加载路径引用"
"Assets/Resources/pixramen-valley-asset-pack-v2/pixramen-valley-asset-pack-v2/dark-knight/png/3x/dark-knight-climb/dark-knight-climb4.png","Resources","687","未被正式场景、预设、构建配置或动态加载路径引用"
"Assets/Resources/pixramen-valley-asset-pack-v2/pixramen-valley-asset-pack-v2/dark-knight/png/3x/dark-knight-dash/dark-knight-dash1.png","Resources","664","未被正式场景、预设、构建配置或动态加载路径引用"
"Assets/Resources/pixramen-valley-asset-pack-v2/pixramen-valley-asset-pack-v2/dark-knight/png/3x/dark-knight-dash/dark-knight-dash2.png","Resources","646","未被正式场景、预设、构建配置或动态加载路径引用"
"Assets/Resources/pixramen-valley-asset-pack-v2/pixramen-valley-asset-pack-v2/dark-knight/png/3x/dark-knight-dash/dark-knight-dash3.png","Resources","643","未被正式场景、预设、构建配置或动态加载路径引用"
"Assets/Resources/pixramen-valley-asset-pack-v2/pixramen-valley-asset-pack-v2/dark-knight/png/3x/dark-knight-dash/dark-knight-dash4.png","Resources","618","未被正式场景、预设、构建配置或动态加载路径引用"
"Assets/Resources/pixramen-valley-asset-pack-v2/pixramen-valley-asset-pack-v2/dark-knight/png/3x/dark-knight-dash/dark-knight-dash5.png","Resources","625","未被正式场景、预设、构建配置或动态加载路径引用"
"Assets/Resources/pixramen-valley-asset-pack-v2/pixramen-valley-asset-pack-v2/dark-knight/png/3x/dark-knight-dead-falling/dark-knight-dead-falling1.png","Resources","564","未被正式场景、预设、构建配置或动态加载路径引用"
"Assets/Resources/pixramen-valley-asset-pack-v2/pixramen-valley-asset-pack-v2/dark-knight/png/3x/dark-knight-dead-falling/dark-knight-dead-falling2.png","Resources","543","未被正式场景、预设、构建配置或动态加载路径引用"
"Assets/Resources/pixramen-valley-asset-pack-v2/pixramen-valley-asset-pack-v2/dark-knight/png/3x/dark-knight-dead-ground/dark-knight-dead-ground1.png","Resources","488","未被正式场景、预设、构建配置或动态加载路径引用"
"Assets/Resources/pixramen-valley-asset-pack-v2/pixramen-valley-asset-pack-v2/dark-knight/png/3x/dark-knight-dead-ground/dark-knight-dead-ground2.png","Resources","495","未被正式场景、预设、构建配置或动态加载路径引用"
"Assets/Resources/pixramen-valley-asset-pack-v2/pixramen-valley-asset-pack-v2/dark-knight/png/3x/dark-knight-dead-ground/dark-knight-dead-ground3.png","Resources","495","未被正式场景、预设、构建配置或动态加载路径引用"
"Assets/Resources/pixramen-valley-asset-pack-v2/pixramen-valley-asset-pack-v2/dark-knight/png/3x/dark-knight-dead-ground/dark-knight-dead-ground4.png","Resources","489","未被正式场景、预设、构建配置或动态加载路径引用"
"Assets/Resources/pixramen-valley-asset-pack-v2/pixramen-valley-asset-pack-v2/dark-knight/png/3x/dark-knight-dead-ground/dark-knight-dead-ground5.png","Resources","488","未被正式场景、预设、构建配置或动态加载路径引用"
"Assets/Resources/pixramen-valley-asset-pack-v2/pixramen-valley-asset-pack-v2/dark-knight/png/3x/dark-knight-drink-blue-potion/dark-knight-drink-blue-potion1.png","Resources","683","未被正式场景、预设、构建配置或动态加载路径引用"
"Assets/Resources/pixramen-valley-asset-pack-v2/pixramen-valley-asset-pack-v2/dark-knight/png/3x/dark-knight-drink-blue-potion/dark-knight-drink-blue-potion10.png","Resources","728","未被正式场景、预设、构建配置或动态加载路径引用"
"Assets/Resources/pixramen-valley-asset-pack-v2/pixramen-valley-asset-pack-v2/dark-knight/png/3x/dark-knight-drink-blue-potion/dark-knight-drink-blue-potion11.png","Resources","721","未被正式场景、预设、构建配置或动态加载路径引用"
"Assets/Resources/pixramen-valley-asset-pack-v2/pixramen-valley-asset-pack-v2/dark-knight/png/3x/dark-knight-drink-blue-potion/dark-knight-drink-blue-potion2.png","Resources","706","未被正式场景、预设、构建配置或动态加载路径引用"
"Assets/Resources/pixramen-valley-asset-pack-v2/pixramen-valley-asset-pack-v2/dark-knight/png/3x/dark-knight-drink-blue-potion/dark-knight-drink-blue-potion3.png","Resources","727","未被正式场景、预设、构建配置或动态加载路径引用"
"Assets/Resources/pixramen-valley-asset-pack-v2/pixramen-valley-asset-pack-v2/dark-knight/png/3x/dark-knight-drink-blue-potion/dark-knight-drink-blue-potion4.png","Resources","755","未被正式场景、预设、构建配置或动态加载路径引用"
"Assets/Resources/pixramen-valley-asset-pack-v2/pixramen-valley-asset-pack-v2/dark-knight/png/3x/dark-knight-drink-blue-potion/dark-knight-drink-blue-potion5.png","Resources","703","未被正式场景、预设、构建配置或动态加载路径引用"
"Assets/Resources/pixramen-valley-asset-pack-v2/pixramen-valley-asset-pack-v2/dark-knight/png/3x/dark-knight-drink-blue-potion/dark-knight-drink-blue-potion6.png","Resources","612","未被正式场景、预设、构建配置或动态加载路径引用"
"Assets/Resources/pixramen-valley-asset-pack-v2/pixramen-valley-asset-pack-v2/dark-knight/png/3x/dark-knight-drink-blue-potion/dark-knight-drink-blue-potion7.png","Resources","733","未被正式场景、预设、构建配置或动态加载路径引用"
"Assets/Resources/pixramen-valley-asset-pack-v2/pixramen-valley-asset-pack-v2/dark-knight/png/3x/dark-knight-drink-blue-potion/dark-knight-drink-blue-potion8.png","Resources","732","未被正式场景、预设、构建配置或动态加载路径引用"
"Assets/Resources/pixramen-valley-asset-pack-v2/pixramen-valley-asset-pack-v2/dark-knight/png/3x/dark-knight-drink-blue-potion/dark-knight-drink-blue-potion9.png","Resources","731","未被正式场景、预设、构建配置或动态加载路径引用"
"Assets/Resources/pixramen-valley-asset-pack-v2/pixramen-valley-asset-pack-v2/dark-knight/png/3x/dark-knight-drink-green-potion/dark-knight-drink-green-potion1.png","Resources","683","未被正式场景、预设、构建配置或动态加载路径引用"
"Assets/Resources/pixramen-valley-asset-pack-v2/pixramen-valley-asset-pack-v2/dark-knight/png/3x/dark-knight-drink-green-potion/dark-knight-drink-green-potion10.png","Resources","762","未被正式场景、预设、构建配置或动态加载路径引用"
"Assets/Resources/pixramen-valley-asset-pack-v2/pixramen-valley-asset-pack-v2/dark-knight/png/3x/dark-knight-drink-green-potion/dark-knight-drink-green-potion11.png","Resources","721","未被正式场景、预设、构建配置或动态加载路径引用"
"Assets/Resources/pixramen-valley-asset-pack-v2/pixramen-valley-asset-pack-v2/dark-knight/png/3x/dark-knight-drink-green-potion/dark-knight-drink-green-potion2.png","Resources","706","未被正式场景、预设、构建配置或动态加载路径引用"
"Assets/Resources/pixramen-valley-asset-pack-v2/pixramen-valley-asset-pack-v2/dark-knight/png/3x/dark-knight-drink-green-potion/dark-knight-drink-green-potion3.png","Resources","727","未被正式场景、预设、构建配置或动态加载路径引用"
"Assets/Resources/pixramen-valley-asset-pack-v2/pixramen-valley-asset-pack-v2/dark-knight/png/3x/dark-knight-drink-green-potion/dark-knight-drink-green-potion4.png","Resources","755","未被正式场景、预设、构建配置或动态加载路径引用"
"Assets/Resources/pixramen-valley-asset-pack-v2/pixramen-valley-asset-pack-v2/dark-knight/png/3x/dark-knight-drink-green-potion/dark-knight-drink-green-potion5.png","Resources","703","未被正式场景、预设、构建配置或动态加载路径引用"
"Assets/Resources/pixramen-valley-asset-pack-v2/pixramen-valley-asset-pack-v2/dark-knight/png/3x/dark-knight-drink-green-potion/dark-knight-drink-green-potion6.png","Resources","645","未被正式场景、预设、构建配置或动态加载路径引用"
"Assets/Resources/pixramen-valley-asset-pack-v2/pixramen-valley-asset-pack-v2/dark-knight/png/3x/dark-knight-drink-green-potion/dark-knight-drink-green-potion7.png","Resources","753","未被正式场景、预设、构建配置或动态加载路径引用"
"Assets/Resources/pixramen-valley-asset-pack-v2/pixramen-valley-asset-pack-v2/dark-knight/png/3x/dark-knight-drink-green-potion/dark-knight-drink-green-potion8.png","Resources","751","未被正式场景、预设、构建配置或动态加载路径引用"
"Assets/Resources/pixramen-valley-asset-pack-v2/pixramen-valley-asset-pack-v2/dark-knight/png/3x/dark-knight-drink-green-potion/dark-knight-drink-green-potion9.png","Resources","740","未被正式场景、预设、构建配置或动态加载路径引用"
"Assets/Resources/pixramen-valley-asset-pack-v2/pixramen-valley-asset-pack-v2/dark-knight/png/3x/dark-knight-drink-red-potion/dark-knight-drink-red-potion1.png","Resources","683","未被正式场景、预设、构建配置或动态加载路径引用"
"Assets/Resources/pixramen-valley-asset-pack-v2/pixramen-valley-asset-pack-v2/dark-knight/png/3x/dark-knight-drink-red-potion/dark-knight-drink-red-potion10.png","Resources","745","未被正式场景、预设、构建配置或动态加载路径引用"
"Assets/Resources/pixramen-valley-asset-pack-v2/pixramen-valley-asset-pack-v2/dark-knight/png/3x/dark-knight-drink-red-potion/dark-knight-drink-red-potion11.png","Resources","721","未被正式场景、预设、构建配置或动态加载路径引用"
"Assets/Resources/pixramen-valley-asset-pack-v2/pixramen-valley-asset-pack-v2/dark-knight/png/3x/dark-knight-drink-red-potion/dark-knight-drink-red-potion2.png","Resources","706","未被正式场景、预设、构建配置或动态加载路径引用"
"Assets/Resources/pixramen-valley-asset-pack-v2/pixramen-valley-asset-pack-v2/dark-knight/png/3x/dark-knight-drink-red-potion/dark-knight-drink-red-potion3.png","Resources","727","未被正式场景、预设、构建配置或动态加载路径引用"
"Assets/Resources/pixramen-valley-asset-pack-v2/pixramen-valley-asset-pack-v2/dark-knight/png/3x/dark-knight-drink-red-potion/dark-knight-drink-red-potion4.png","Resources","755","未被正式场景、预设、构建配置或动态加载路径引用"
"Assets/Resources/pixramen-valley-asset-pack-v2/pixramen-valley-asset-pack-v2/dark-knight/png/3x/dark-knight-drink-red-potion/dark-knight-drink-red-potion5.png","Resources","703","未被正式场景、预设、构建配置或动态加载路径引用"
"Assets/Resources/pixramen-valley-asset-pack-v2/pixramen-valley-asset-pack-v2/dark-knight/png/3x/dark-knight-drink-red-potion/dark-knight-drink-red-potion6.png","Resources","656","未被正式场景、预设、构建配置或动态加载路径引用"
"Assets/Resources/pixramen-valley-asset-pack-v2/pixramen-valley-asset-pack-v2/dark-knight/png/3x/dark-knight-drink-red-potion/dark-knight-drink-red-potion7.png","Resources","745","未被正式场景、预设、构建配置或动态加载路径引用"
"Assets/Resources/pixramen-valley-asset-pack-v2/pixramen-valley-asset-pack-v2/dark-knight/png/3x/dark-knight-drink-red-potion/dark-knight-drink-red-potion8.png","Resources","745","未被正式场景、预设、构建配置或动态加载路径引用"
"Assets/Resources/pixramen-valley-asset-pack-v2/pixramen-valley-asset-pack-v2/dark-knight/png/3x/dark-knight-drink-red-potion/dark-knight-drink-red-potion9.png","Resources","740","未被正式场景、预设、构建配置或动态加载路径引用"
"Assets/Resources/pixramen-valley-asset-pack-v2/pixramen-valley-asset-pack-v2/dark-knight/png/3x/dark-knight-falling/dark-knight-falling1.png","Resources","698","未被正式场景、预设、构建配置或动态加载路径引用"
"Assets/Resources/pixramen-valley-asset-pack-v2/pixramen-valley-asset-pack-v2/dark-knight/png/3x/dark-knight-falling/dark-knight-falling2.png","Resources","686","未被正式场景、预设、构建配置或动态加载路径引用"
"Assets/Resources/pixramen-valley-asset-pack-v2/pixramen-valley-asset-pack-v2/dark-knight/png/3x/dark-knight-falling/dark-knight-falling3.png","Resources","680","未被正式场景、预设、构建配置或动态加载路径引用"
"Assets/Resources/pixramen-valley-asset-pack-v2/pixramen-valley-asset-pack-v2/dark-knight/png/3x/dark-knight-falling/dark-knight-falling4.png","Resources","686","未被正式场景、预设、构建配置或动态加载路径引用"
"Assets/Resources/pixramen-valley-asset-pack-v2/pixramen-valley-asset-pack-v2/dark-knight/png/3x/dark-knight-fall-recovery/dark-knight-fall-recovery1.png","Resources","593","未被正式场景、预设、构建配置或动态加载路径引用"
"Assets/Resources/pixramen-valley-asset-pack-v2/pixramen-valley-asset-pack-v2/dark-knight/png/3x/dark-knight-fall-recovery/dark-knight-fall-recovery2.png","Resources","651","未被正式场景、预设、构建配置或动态加载路径引用"
"Assets/Resources/pixramen-valley-asset-pack-v2/pixramen-valley-asset-pack-v2/dark-knight/png/3x/dark-knight-heavy-combo-a/dark-knight-heavy-combo-a1.png","Resources","1011","未被正式场景、预设、构建配置或动态加载路径引用"
"Assets/Resources/pixramen-valley-asset-pack-v2/pixramen-valley-asset-pack-v2/dark-knight/png/3x/dark-knight-heavy-combo-a/dark-knight-heavy-combo-a10.png","Resources","1363","未被正式场景、预设、构建配置或动态加载路径引用"
"Assets/Resources/pixramen-valley-asset-pack-v2/pixramen-valley-asset-pack-v2/dark-knight/png/3x/dark-knight-heavy-combo-a/dark-knight-heavy-combo-a11.png","Resources","1143","未被正式场景、预设、构建配置或动态加载路径引用"
"Assets/Resources/pixramen-valley-asset-pack-v2/pixramen-valley-asset-pack-v2/dark-knight/png/3x/dark-knight-heavy-combo-a/dark-knight-heavy-combo-a12.png","Resources","950","未被正式场景、预设、构建配置或动态加载路径引用"
"Assets/Resources/pixramen-valley-asset-pack-v2/pixramen-valley-asset-pack-v2/dark-knight/png/3x/dark-knight-heavy-combo-a/dark-knight-heavy-combo-a2.png","Resources","1104","未被正式场景、预设、构建配置或动态加载路径引用"
"Assets/Resources/pixramen-valley-asset-pack-v2/pixramen-valley-asset-pack-v2/dark-knight/png/3x/dark-knight-heavy-combo-a/dark-knight-heavy-combo-a3.png","Resources","1102","未被正式场景、预设、构建配置或动态加载路径引用"
"Assets/Resources/pixramen-valley-asset-pack-v2/pixramen-valley-asset-pack-v2/dark-knight/png/3x/dark-knight-heavy-combo-a/dark-knight-heavy-combo-a4.png","Resources","1163","未被正式场景、预设、构建配置或动态加载路径引用"
"Assets/Resources/pixramen-valley-asset-pack-v2/pixramen-valley-asset-pack-v2/dark-knight/png/3x/dark-knight-heavy-combo-a/dark-knight-heavy-combo-a5.png","Resources","1129","未被正式场景、预设、构建配置或动态加载路径引用"
"Assets/Resources/pixramen-valley-asset-pack-v2/pixramen-valley-asset-pack-v2/dark-knight/png/3x/dark-knight-heavy-combo-a/dark-knight-heavy-combo-a6.png","Resources","1083","未被正式场景、预设、构建配置或动态加载路径引用"
"Assets/Resources/pixramen-valley-asset-pack-v2/pixramen-valley-asset-pack-v2/dark-knight/png/3x/dark-knight-heavy-combo-a/dark-knight-heavy-combo-a7.png","Resources","1085","未被正式场景、预设、构建配置或动态加载路径引用"
"Assets/Resources/pixramen-valley-asset-pack-v2/pixramen-valley-asset-pack-v2/dark-knight/png/3x/dark-knight-heavy-combo-a/dark-knight-heavy-combo-a8.png","Resources","1341","未被正式场景、预设、构建配置或动态加载路径引用"
"Assets/Resources/pixramen-valley-asset-pack-v2/pixramen-valley-asset-pack-v2/dark-knight/png/3x/dark-knight-heavy-combo-a/dark-knight-heavy-combo-a9.png","Resources","1548","未被正式场景、预设、构建配置或动态加载路径引用"
"Assets/Resources/pixramen-valley-asset-pack-v2/pixramen-valley-asset-pack-v2/dark-knight/png/3x/dark-knight-heavy-combo-a-effect/dark-knight-heavy-combo-a-effect1.png","Resources","701","未被正式场景、预设、构建配置或动态加载路径引用"
"Assets/Resources/pixramen-valley-asset-pack-v2/pixramen-valley-asset-pack-v2/dark-knight/png/3x/dark-knight-heavy-combo-a-effect/dark-knight-heavy-combo-a-effect2.png","Resources","1162","未被正式场景、预设、构建配置或动态加载路径引用"
"Assets/Resources/pixramen-valley-asset-pack-v2/pixramen-valley-asset-pack-v2/dark-knight/png/3x/dark-knight-heavy-combo-a-effect/dark-knight-heavy-combo-a-effect3.png","Resources","1302","未被正式场景、预设、构建配置或动态加载路径引用"
"Assets/Resources/pixramen-valley-asset-pack-v2/pixramen-valley-asset-pack-v2/dark-knight/png/3x/dark-knight-heavy-combo-a-effect/dark-knight-heavy-combo-a-effect4.png","Resources","1062","未被正式场景、预设、构建配置或动态加载路径引用"
"Assets/Resources/pixramen-valley-asset-pack-v2/pixramen-valley-asset-pack-v2/dark-knight/png/3x/dark-knight-heavy-combo-b/dark-knight-heavy-combo-b1.png","Resources","1036","未被正式场景、预设、构建配置或动态加载路径引用"
"Assets/Resources/pixramen-valley-asset-pack-v2/pixramen-valley-asset-pack-v2/dark-knight/png/3x/dark-knight-heavy-combo-b/dark-knight-heavy-combo-b10.png","Resources","981","未被正式场景、预设、构建配置或动态加载路径引用"
"Assets/Resources/pixramen-valley-asset-pack-v2/pixramen-valley-asset-pack-v2/dark-knight/png/3x/dark-knight-heavy-combo-b/dark-knight-heavy-combo-b2.png","Resources","1128","未被正式场景、预设、构建配置或动态加载路径引用"
"Assets/Resources/pixramen-valley-asset-pack-v2/pixramen-valley-asset-pack-v2/dark-knight/png/3x/dark-knight-heavy-combo-b/dark-knight-heavy-combo-b3.png","Resources","1197","未被正式场景、预设、构建配置或动态加载路径引用"
"Assets/Resources/pixramen-valley-asset-pack-v2/pixramen-valley-asset-pack-v2/dark-knight/png/3x/dark-knight-heavy-combo-b/dark-knight-heavy-combo-b4.png","Resources","1280","未被正式场景、预设、构建配置或动态加载路径引用"
"Assets/Resources/pixramen-valley-asset-pack-v2/pixramen-valley-asset-pack-v2/dark-knight/png/3x/dark-knight-heavy-combo-b/dark-knight-heavy-combo-b5.png","Resources","1098","未被正式场景、预设、构建配置或动态加载路径引用"
"Assets/Resources/pixramen-valley-asset-pack-v2/pixramen-valley-asset-pack-v2/dark-knight/png/3x/dark-knight-heavy-combo-b/dark-knight-heavy-combo-b6.png","Resources","1373","未被正式场景、预设、构建配置或动态加载路径引用"
"Assets/Resources/pixramen-valley-asset-pack-v2/pixramen-valley-asset-pack-v2/dark-knight/png/3x/dark-knight-heavy-combo-b/dark-knight-heavy-combo-b7.png","Resources","1575","未被正式场景、预设、构建配置或动态加载路径引用"
"Assets/Resources/pixramen-valley-asset-pack-v2/pixramen-valley-asset-pack-v2/dark-knight/png/3x/dark-knight-heavy-combo-b/dark-knight-heavy-combo-b8.png","Resources","1458","未被正式场景、预设、构建配置或动态加载路径引用"
"Assets/Resources/pixramen-valley-asset-pack-v2/pixramen-valley-asset-pack-v2/dark-knight/png/3x/dark-knight-heavy-combo-b/dark-knight-heavy-combo-b9.png","Resources","1241","未被正式场景、预设、构建配置或动态加载路径引用"
"Assets/Resources/pixramen-valley-asset-pack-v2/pixramen-valley-asset-pack-v2/dark-knight/png/3x/dark-knight-heavy-combo-b-effect/dark-knight-heavy-combo-b-effect1.png","Resources","1028","未被正式场景、预设、构建配置或动态加载路径引用"
"Assets/Resources/pixramen-valley-asset-pack-v2/pixramen-valley-asset-pack-v2/dark-knight/png/3x/dark-knight-heavy-combo-b-effect/dark-knight-heavy-combo-b-effect2.png","Resources","1283","未被正式场景、预设、构建配置或动态加载路径引用"
"Assets/Resources/pixramen-valley-asset-pack-v2/pixramen-valley-asset-pack-v2/dark-knight/png/3x/dark-knight-heavy-combo-b-effect/dark-knight-heavy-combo-b-effect3.png","Resources","1120","未被正式场景、预设、构建配置或动态加载路径引用"
"Assets/Resources/pixramen-valley-asset-pack-v2/pixramen-valley-asset-pack-v2/dark-knight/png/3x/dark-knight-heavy-combo-b-effect/dark-knight-heavy-combo-b-effect4.png","Resources","953","未被正式场景、预设、构建配置或动态加载路径引用"
"Assets/Resources/pixramen-valley-asset-pack-v2/pixramen-valley-asset-pack-v2/dark-knight/png/3x/dark-knight-heavy-combo-c/dark-knight-heavy-combo-c1.png","Resources","936","未被正式场景、预设、构建配置或动态加载路径引用"
"Assets/Resources/pixramen-valley-asset-pack-v2/pixramen-valley-asset-pack-v2/dark-knight/png/3x/dark-knight-heavy-combo-c/dark-knight-heavy-combo-c10.png","Resources","1773","未被正式场景、预设、构建配置或动态加载路径引用"
"Assets/Resources/pixramen-valley-asset-pack-v2/pixramen-valley-asset-pack-v2/dark-knight/png/3x/dark-knight-heavy-combo-c/dark-knight-heavy-combo-c11.png","Resources","1540","未被正式场景、预设、构建配置或动态加载路径引用"
"Assets/Resources/pixramen-valley-asset-pack-v2/pixramen-valley-asset-pack-v2/dark-knight/png/3x/dark-knight-heavy-combo-c/dark-knight-heavy-combo-c12.png","Resources","957","未被正式场景、预设、构建配置或动态加载路径引用"
"Assets/Resources/pixramen-valley-asset-pack-v2/pixramen-valley-asset-pack-v2/dark-knight/png/3x/dark-knight-heavy-combo-c/dark-knight-heavy-combo-c13.png","Resources","931","未被正式场景、预设、构建配置或动态加载路径引用"
"Assets/Resources/pixramen-valley-asset-pack-v2/pixramen-valley-asset-pack-v2/dark-knight/png/3x/dark-knight-heavy-combo-c/dark-knight-heavy-combo-c2.png","Resources","905","未被正式场景、预设、构建配置或动态加载路径引用"
"Assets/Resources/pixramen-valley-asset-pack-v2/pixramen-valley-asset-pack-v2/dark-knight/png/3x/dark-knight-heavy-combo-c/dark-knight-heavy-combo-c3.png","Resources","1023","未被正式场景、预设、构建配置或动态加载路径引用"
"Assets/Resources/pixramen-valley-asset-pack-v2/pixramen-valley-asset-pack-v2/dark-knight/png/3x/dark-knight-heavy-combo-c/dark-knight-heavy-combo-c4.png","Resources","1383","未被正式场景、预设、构建配置或动态加载路径引用"
"Assets/Resources/pixramen-valley-asset-pack-v2/pixramen-valley-asset-pack-v2/dark-knight/png/3x/dark-knight-heavy-combo-c/dark-knight-heavy-combo-c5.png","Resources","1441","未被正式场景、预设、构建配置或动态加载路径引用"
"Assets/Resources/pixramen-valley-asset-pack-v2/pixramen-valley-asset-pack-v2/dark-knight/png/3x/dark-knight-heavy-combo-c/dark-knight-heavy-combo-c6.png","Resources","1221","未被正式场景、预设、构建配置或动态加载路径引用"
"Assets/Resources/pixramen-valley-asset-pack-v2/pixramen-valley-asset-pack-v2/dark-knight/png/3x/dark-knight-heavy-combo-c/dark-knight-heavy-combo-c7.png","Resources","1166","未被正式场景、预设、构建配置或动态加载路径引用"
"Assets/Resources/pixramen-valley-asset-pack-v2/pixramen-valley-asset-pack-v2/dark-knight/png/3x/dark-knight-heavy-combo-c/dark-knight-heavy-combo-c8.png","Resources","1926","未被正式场景、预设、构建配置或动态加载路径引用"
"Assets/Resources/pixramen-valley-asset-pack-v2/pixramen-valley-asset-pack-v2/dark-knight/png/3x/dark-knight-heavy-combo-c/dark-knight-heavy-combo-c9.png","Resources","2235","未被正式场景、预设、构建配置或动态加载路径引用"
"Assets/Resources/pixramen-valley-asset-pack-v2/pixramen-valley-asset-pack-v2/dark-knight/png/3x/dark-knight-heavy-combo-c-effect/dark-knight-heavy-combo-c-effect1.png","Resources","1668","未被正式场景、预设、构建配置或动态加载路径引用"
"Assets/Resources/pixramen-valley-asset-pack-v2/pixramen-valley-asset-pack-v2/dark-knight/png/3x/dark-knight-heavy-combo-c-effect/dark-knight-heavy-combo-c-effect2.png","Resources","1952","未被正式场景、预设、构建配置或动态加载路径引用"
"Assets/Resources/pixramen-valley-asset-pack-v2/pixramen-valley-asset-pack-v2/dark-knight/png/3x/dark-knight-heavy-combo-c-effect/dark-knight-heavy-combo-c-effect3.png","Resources","1512","未被正式场景、预设、构建配置或动态加载路径引用"
"Assets/Resources/pixramen-valley-asset-pack-v2/pixramen-valley-asset-pack-v2/dark-knight/png/3x/dark-knight-heavy-combo-c-effect/dark-knight-heavy-combo-c-effect4.png","Resources","1263","未被正式场景、预设、构建配置或动态加载路径引用"
"Assets/Resources/pixramen-valley-asset-pack-v2/pixramen-valley-asset-pack-v2/dark-knight/png/3x/dark-knight-heavy-combo-c-effect/dark-knight-heavy-combo-c-effect5.png","Resources","679","未被正式场景、预设、构建配置或动态加载路径引用"
"Assets/Resources/pixramen-valley-asset-pack-v2/pixramen-valley-asset-pack-v2/dark-knight/png/3x/dark-knight-heavy-combo-leap-effect-a/dark-knight-heavy-combo-leap-effect-a1.png","Resources","689","未被正式场景、预设、构建配置或动态加载路径引用"
"Assets/Resources/pixramen-valley-asset-pack-v2/pixramen-valley-asset-pack-v2/dark-knight/png/3x/dark-knight-heavy-combo-leap-effect-a/dark-knight-heavy-combo-leap-effect-a2.png","Resources","732","未被正式场景、预设、构建配置或动态加载路径引用"
"Assets/Resources/pixramen-valley-asset-pack-v2/pixramen-valley-asset-pack-v2/dark-knight/png/3x/dark-knight-heavy-combo-leap-effect-a/dark-knight-heavy-combo-leap-effect-a3.png","Resources","754","未被正式场景、预设、构建配置或动态加载路径引用"
"Assets/Resources/pixramen-valley-asset-pack-v2/pixramen-valley-asset-pack-v2/dark-knight/png/3x/dark-knight-heavy-combo-leap-effect-a/dark-knight-heavy-combo-leap-effect-a4.png","Resources","718","未被正式场景、预设、构建配置或动态加载路径引用"
"Assets/Resources/pixramen-valley-asset-pack-v2/pixramen-valley-asset-pack-v2/dark-knight/png/3x/dark-knight-heavy-combo-leap-effect-b/dark-knight-heavy-combo-leap-effect-b1.png","Resources","708","未被正式场景、预设、构建配置或动态加载路径引用"
"Assets/Resources/pixramen-valley-asset-pack-v2/pixramen-valley-asset-pack-v2/dark-knight/png/3x/dark-knight-heavy-combo-leap-effect-b/dark-knight-heavy-combo-leap-effect-b2.png","Resources","789","未被正式场景、预设、构建配置或动态加载路径引用"
"Assets/Resources/pixramen-valley-asset-pack-v2/pixramen-valley-asset-pack-v2/dark-knight/png/3x/dark-knight-heavy-combo-leap-effect-b/dark-knight-heavy-combo-leap-effect-b3.png","Resources","802","未被正式场景、预设、构建配置或动态加载路径引用"
"Assets/Resources/pixramen-valley-asset-pack-v2/pixramen-valley-asset-pack-v2/dark-knight/png/3x/dark-knight-heavy-combo-leap-effect-c/dark-knight-heavy-combo-leap-effect-c1.png","Resources","712","未被正式场景、预设、构建配置或动态加载路径引用"
"Assets/Resources/pixramen-valley-asset-pack-v2/pixramen-valley-asset-pack-v2/dark-knight/png/3x/dark-knight-heavy-combo-leap-effect-c/dark-knight-heavy-combo-leap-effect-c2.png","Resources","823","未被正式场景、预设、构建配置或动态加载路径引用"
"Assets/Resources/pixramen-valley-asset-pack-v2/pixramen-valley-asset-pack-v2/dark-knight/png/3x/dark-knight-heavy-combo-leap-effect-c/dark-knight-heavy-combo-leap-effect-c3.png","Resources","810","未被正式场景、预设、构建配置或动态加载路径引用"
"Assets/Resources/pixramen-valley-asset-pack-v2/pixramen-valley-asset-pack-v2/dark-knight/png/3x/dark-knight-heavy-combo-with-effect-a/dark-knight-heavy-combo-with-effect-a1.png","Resources","1011","未被正式场景、预设、构建配置或动态加载路径引用"
"Assets/Resources/pixramen-valley-asset-pack-v2/pixramen-valley-asset-pack-v2/dark-knight/png/3x/dark-knight-heavy-combo-with-effect-a/dark-knight-heavy-combo-with-effect-a10.png","Resources","1363","未被正式场景、预设、构建配置或动态加载路径引用"
"Assets/Resources/pixramen-valley-asset-pack-v2/pixramen-valley-asset-pack-v2/dark-knight/png/3x/dark-knight-heavy-combo-with-effect-a/dark-knight-heavy-combo-with-effect-a11.png","Resources","1143","未被正式场景、预设、构建配置或动态加载路径引用"
"Assets/Resources/pixramen-valley-asset-pack-v2/pixramen-valley-asset-pack-v2/dark-knight/png/3x/dark-knight-heavy-combo-with-effect-a/dark-knight-heavy-combo-with-effect-a12.png","Resources","950","未被正式场景、预设、构建配置或动态加载路径引用"
"Assets/Resources/pixramen-valley-asset-pack-v2/pixramen-valley-asset-pack-v2/dark-knight/png/3x/dark-knight-heavy-combo-with-effect-a/dark-knight-heavy-combo-with-effect-a2.png","Resources","1104","未被正式场景、预设、构建配置或动态加载路径引用"
"Assets/Resources/pixramen-valley-asset-pack-v2/pixramen-valley-asset-pack-v2/dark-knight/png/3x/dark-knight-heavy-combo-with-effect-a/dark-knight-heavy-combo-with-effect-a3.png","Resources","1102","未被正式场景、预设、构建配置或动态加载路径引用"
"Assets/Resources/pixramen-valley-asset-pack-v2/pixramen-valley-asset-pack-v2/dark-knight/png/3x/dark-knight-heavy-combo-with-effect-a/dark-knight-heavy-combo-with-effect-a4.png","Resources","1163","未被正式场景、预设、构建配置或动态加载路径引用"
"Assets/Resources/pixramen-valley-asset-pack-v2/pixramen-valley-asset-pack-v2/dark-knight/png/3x/dark-knight-heavy-combo-with-effect-a/dark-knight-heavy-combo-with-effect-a5.png","Resources","1129","未被正式场景、预设、构建配置或动态加载路径引用"
"Assets/Resources/pixramen-valley-asset-pack-v2/pixramen-valley-asset-pack-v2/dark-knight/png/3x/dark-knight-heavy-combo-with-effect-a/dark-knight-heavy-combo-with-effect-a6.png","Resources","1083","未被正式场景、预设、构建配置或动态加载路径引用"
"Assets/Resources/pixramen-valley-asset-pack-v2/pixramen-valley-asset-pack-v2/dark-knight/png/3x/dark-knight-heavy-combo-with-effect-a/dark-knight-heavy-combo-with-effect-a7.png","Resources","1085","未被正式场景、预设、构建配置或动态加载路径引用"
"Assets/Resources/pixramen-valley-asset-pack-v2/pixramen-valley-asset-pack-v2/dark-knight/png/3x/dark-knight-heavy-combo-with-effect-a/dark-knight-heavy-combo-with-effect-a8.png","Resources","1341","未被正式场景、预设、构建配置或动态加载路径引用"
"Assets/Resources/pixramen-valley-asset-pack-v2/pixramen-valley-asset-pack-v2/dark-knight/png/3x/dark-knight-heavy-combo-with-effect-a/dark-knight-heavy-combo-with-effect-a9.png","Resources","1548","未被正式场景、预设、构建配置或动态加载路径引用"
"Assets/Resources/pixramen-valley-asset-pack-v2/pixramen-valley-asset-pack-v2/dark-knight/png/3x/dark-knight-heavy-combo-with-effect-b/dark-knight-heavy-combo-with-effect-b1.png","Resources","1036","未被正式场景、预设、构建配置或动态加载路径引用"
"Assets/Resources/pixramen-valley-asset-pack-v2/pixramen-valley-asset-pack-v2/dark-knight/png/3x/dark-knight-heavy-combo-with-effect-b/dark-knight-heavy-combo-with-effect-b10.png","Resources","981","未被正式场景、预设、构建配置或动态加载路径引用"
"Assets/Resources/pixramen-valley-asset-pack-v2/pixramen-valley-asset-pack-v2/dark-knight/png/3x/dark-knight-heavy-combo-with-effect-b/dark-knight-heavy-combo-with-effect-b2.png","Resources","1128","未被正式场景、预设、构建配置或动态加载路径引用"
"Assets/Resources/pixramen-valley-asset-pack-v2/pixramen-valley-asset-pack-v2/dark-knight/png/3x/dark-knight-heavy-combo-with-effect-b/dark-knight-heavy-combo-with-effect-b3.png","Resources","1197","未被正式场景、预设、构建配置或动态加载路径引用"
"Assets/Resources/pixramen-valley-asset-pack-v2/pixramen-valley-asset-pack-v2/dark-knight/png/3x/dark-knight-heavy-combo-with-effect-b/dark-knight-heavy-combo-with-effect-b4.png","Resources","1280","未被正式场景、预设、构建配置或动态加载路径引用"
"Assets/Resources/pixramen-valley-asset-pack-v2/pixramen-valley-asset-pack-v2/dark-knight/png/3x/dark-knight-heavy-combo-with-effect-b/dark-knight-heavy-combo-with-effect-b5.png","Resources","1098","未被正式场景、预设、构建配置或动态加载路径引用"
"Assets/Resources/pixramen-valley-asset-pack-v2/pixramen-valley-asset-pack-v2/dark-knight/png/3x/dark-knight-heavy-combo-with-effect-b/dark-knight-heavy-combo-with-effect-b6.png","Resources","1373","未被正式场景、预设、构建配置或动态加载路径引用"
"Assets/Resources/pixramen-valley-asset-pack-v2/pixramen-valley-asset-pack-v2/dark-knight/png/3x/dark-knight-heavy-combo-with-effect-b/dark-knight-heavy-combo-with-effect-b7.png","Resources","1575","未被正式场景、预设、构建配置或动态加载路径引用"
"Assets/Resources/pixramen-valley-asset-pack-v2/pixramen-valley-asset-pack-v2/dark-knight/png/3x/dark-knight-heavy-combo-with-effect-b/dark-knight-heavy-combo-with-effect-b8.png","Resources","1458","未被正式场景、预设、构建配置或动态加载路径引用"
"Assets/Resources/pixramen-valley-asset-pack-v2/pixramen-valley-asset-pack-v2/dark-knight/png/3x/dark-knight-heavy-combo-with-effect-b/dark-knight-heavy-combo-with-effect-b9.png","Resources","1241","未被正式场景、预设、构建配置或动态加载路径引用"
"Assets/Resources/pixramen-valley-asset-pack-v2/pixramen-valley-asset-pack-v2/dark-knight/png/3x/dark-knight-heavy-combo-with-effect-c/dark-knight-heavy-combo-with-effect-c1.png","Resources","936","未被正式场景、预设、构建配置或动态加载路径引用"
"Assets/Resources/pixramen-valley-asset-pack-v2/pixramen-valley-asset-pack-v2/dark-knight/png/3x/dark-knight-heavy-combo-with-effect-c/dark-knight-heavy-combo-with-effect-c10.png","Resources","1773","未被正式场景、预设、构建配置或动态加载路径引用"
"Assets/Resources/pixramen-valley-asset-pack-v2/pixramen-valley-asset-pack-v2/dark-knight/png/3x/dark-knight-heavy-combo-with-effect-c/dark-knight-heavy-combo-with-effect-c11.png","Resources","1540","未被正式场景、预设、构建配置或动态加载路径引用"
"Assets/Resources/pixramen-valley-asset-pack-v2/pixramen-valley-asset-pack-v2/dark-knight/png/3x/dark-knight-heavy-combo-with-effect-c/dark-knight-heavy-combo-with-effect-c12.png","Resources","957","未被正式场景、预设、构建配置或动态加载路径引用"
"Assets/Resources/pixramen-valley-asset-pack-v2/pixramen-valley-asset-pack-v2/dark-knight/png/3x/dark-knight-heavy-combo-with-effect-c/dark-knight-heavy-combo-with-effect-c13.png","Resources","931","未被正式场景、预设、构建配置或动态加载路径引用"
"Assets/Resources/pixramen-valley-asset-pack-v2/pixramen-valley-asset-pack-v2/dark-knight/png/3x/dark-knight-heavy-combo-with-effect-c/dark-knight-heavy-combo-with-effect-c2.png","Resources","905","未被正式场景、预设、构建配置或动态加载路径引用"
"Assets/Resources/pixramen-valley-asset-pack-v2/pixramen-valley-asset-pack-v2/dark-knight/png/3x/dark-knight-heavy-combo-with-effect-c/dark-knight-heavy-combo-with-effect-c3.png","Resources","1023","未被正式场景、预设、构建配置或动态加载路径引用"
"Assets/Resources/pixramen-valley-asset-pack-v2/pixramen-valley-asset-pack-v2/dark-knight/png/3x/dark-knight-heavy-combo-with-effect-c/dark-knight-heavy-combo-with-effect-c4.png","Resources","1383","未被正式场景、预设、构建配置或动态加载路径引用"
"Assets/Resources/pixramen-valley-asset-pack-v2/pixramen-valley-asset-pack-v2/dark-knight/png/3x/dark-knight-heavy-combo-with-effect-c/dark-knight-heavy-combo-with-effect-c5.png","Resources","1441","未被正式场景、预设、构建配置或动态加载路径引用"
"Assets/Resources/pixramen-valley-asset-pack-v2/pixramen-valley-asset-pack-v2/dark-knight/png/3x/dark-knight-heavy-combo-with-effect-c/dark-knight-heavy-combo-with-effect-c6.png","Resources","1221","未被正式场景、预设、构建配置或动态加载路径引用"
"Assets/Resources/pixramen-valley-asset-pack-v2/pixramen-valley-asset-pack-v2/dark-knight/png/3x/dark-knight-heavy-combo-with-effect-c/dark-knight-heavy-combo-with-effect-c7.png","Resources","1166","未被正式场景、预设、构建配置或动态加载路径引用"
"Assets/Resources/pixramen-valley-asset-pack-v2/pixramen-valley-asset-pack-v2/dark-knight/png/3x/dark-knight-heavy-combo-with-effect-c/dark-knight-heavy-combo-with-effect-c8.png","Resources","1926","未被正式场景、预设、构建配置或动态加载路径引用"
"Assets/Resources/pixramen-valley-asset-pack-v2/pixramen-valley-asset-pack-v2/dark-knight/png/3x/dark-knight-heavy-combo-with-effect-c/dark-knight-heavy-combo-with-effect-c9.png","Resources","2235","未被正式场景、预设、构建配置或动态加载路径引用"
"Assets/Resources/pixramen-valley-asset-pack-v2/pixramen-valley-asset-pack-v2/dark-knight/png/3x/dark-knight-idle/dark-knight-idle1.png","Resources","683","未被正式场景、预设、构建配置或动态加载路径引用"
"Assets/Resources/pixramen-valley-asset-pack-v2/pixramen-valley-asset-pack-v2/dark-knight/png/3x/dark-knight-idle/dark-knight-idle2.png","Resources","700","未被正式场景、预设、构建配置或动态加载路径引用"
"Assets/Resources/pixramen-valley-asset-pack-v2/pixramen-valley-asset-pack-v2/dark-knight/png/3x/dark-knight-jump/dark-knight-jump1.png","Resources","679","未被正式场景、预设、构建配置或动态加载路径引用"
"Assets/Resources/pixramen-valley-asset-pack-v2/pixramen-valley-asset-pack-v2/dark-knight/png/3x/dark-knight-jump/dark-knight-jump2.png","Resources","702","未被正式场景、预设、构建配置或动态加载路径引用"
"Assets/Resources/pixramen-valley-asset-pack-v2/pixramen-valley-asset-pack-v2/dark-knight/png/3x/dark-knight-jump/dark-knight-jump3.png","Resources","687","未被正式场景、预设、构建配置或动态加载路径引用"
"Assets/Resources/pixramen-valley-asset-pack-v2/pixramen-valley-asset-pack-v2/dark-knight/png/3x/dark-knight-jump/dark-knight-jump4.png","Resources","689","未被正式场景、预设、构建配置或动态加载路径引用"
"Assets/Resources/pixramen-valley-asset-pack-v2/pixramen-valley-asset-pack-v2/dark-knight/png/3x/dark-knight-jump/dark-knight-jump5.png","Resources","683","未被正式场景、预设、构建配置或动态加载路径引用"
"Assets/Resources/pixramen-valley-asset-pack-v2/pixramen-valley-asset-pack-v2/dark-knight/png/3x/dark-knight-knockback/dark-knight-knockback1.png","Resources","637","未被正式场景、预设、构建配置或动态加载路径引用"
"Assets/Resources/pixramen-valley-asset-pack-v2/pixramen-valley-asset-pack-v2/dark-knight/png/3x/dark-knight-knockback/dark-knight-knockback2.png","Resources","632","未被正式场景、预设、构建配置或动态加载路径引用"
"Assets/Resources/pixramen-valley-asset-pack-v2/pixramen-valley-asset-pack-v2/dark-knight/png/3x/dark-knight-knockback/dark-knight-knockback3.png","Resources","632","未被正式场景、预设、构建配置或动态加载路径引用"
"Assets/Resources/pixramen-valley-asset-pack-v2/pixramen-valley-asset-pack-v2/dark-knight/png/3x/dark-knight-knockback/dark-knight-knockback4.png","Resources","637","未被正式场景、预设、构建配置或动态加载路径引用"
"Assets/Resources/pixramen-valley-asset-pack-v2/pixramen-valley-asset-pack-v2/dark-knight/png/3x/dark-knight-normal-combo-a/dark-knight-normal-combo-a1.png","Resources","663","未被正式场景、预设、构建配置或动态加载路径引用"
"Assets/Resources/pixramen-valley-asset-pack-v2/pixramen-valley-asset-pack-v2/dark-knight/png/3x/dark-knight-normal-combo-a/dark-knight-normal-combo-a2.png","Resources","651","未被正式场景、预设、构建配置或动态加载路径引用"
"Assets/Resources/pixramen-valley-asset-pack-v2/pixramen-valley-asset-pack-v2/dark-knight/png/3x/dark-knight-normal-combo-a/dark-knight-normal-combo-a3.png","Resources","669","未被正式场景、预设、构建配置或动态加载路径引用"
"Assets/Resources/pixramen-valley-asset-pack-v2/pixramen-valley-asset-pack-v2/dark-knight/png/3x/dark-knight-normal-combo-a/dark-knight-normal-combo-a4.png","Resources","747","未被正式场景、预设、构建配置或动态加载路径引用"
"Assets/Resources/pixramen-valley-asset-pack-v2/pixramen-valley-asset-pack-v2/dark-knight/png/3x/dark-knight-normal-combo-a/dark-knight-normal-combo-a5.png","Resources","666","未被正式场景、预设、构建配置或动态加载路径引用"
"Assets/Resources/pixramen-valley-asset-pack-v2/pixramen-valley-asset-pack-v2/dark-knight/png/3x/dark-knight-normal-combo-a/dark-knight-normal-combo-a6.png","Resources","717","未被正式场景、预设、构建配置或动态加载路径引用"
"Assets/Resources/pixramen-valley-asset-pack-v2/pixramen-valley-asset-pack-v2/dark-knight/png/3x/dark-knight-normal-combo-a/dark-knight-normal-combo-a7.png","Resources","680","未被正式场景、预设、构建配置或动态加载路径引用"
"Assets/Resources/pixramen-valley-asset-pack-v2/pixramen-valley-asset-pack-v2/dark-knight/png/3x/dark-knight-normal-combo-a/dark-knight-normal-combo-a8.png","Resources","691","未被正式场景、预设、构建配置或动态加载路径引用"
"Assets/Resources/pixramen-valley-asset-pack-v2/pixramen-valley-asset-pack-v2/dark-knight/png/3x/dark-knight-normal-combo-b/dark-knight-normal-combo-b1.png","Resources","619","未被正式场景、预设、构建配置或动态加载路径引用"
"Assets/Resources/pixramen-valley-asset-pack-v2/pixramen-valley-asset-pack-v2/dark-knight/png/3x/dark-knight-normal-combo-b/dark-knight-normal-combo-b2.png","Resources","701","未被正式场景、预设、构建配置或动态加载路径引用"
"Assets/Resources/pixramen-valley-asset-pack-v2/pixramen-valley-asset-pack-v2/dark-knight/png/3x/dark-knight-normal-combo-b/dark-knight-normal-combo-b3.png","Resources","688","未被正式场景、预设、构建配置或动态加载路径引用"
"Assets/Resources/pixramen-valley-asset-pack-v2/pixramen-valley-asset-pack-v2/dark-knight/png/3x/dark-knight-normal-combo-b/dark-knight-normal-combo-b4.png","Resources","714","未被正式场景、预设、构建配置或动态加载路径引用"
"Assets/Resources/pixramen-valley-asset-pack-v2/pixramen-valley-asset-pack-v2/dark-knight/png/3x/dark-knight-normal-combo-b/dark-knight-normal-combo-b5.png","Resources","680","未被正式场景、预设、构建配置或动态加载路径引用"
"Assets/Resources/pixramen-valley-asset-pack-v2/pixramen-valley-asset-pack-v2/dark-knight/png/3x/dark-knight-normal-combo-b/dark-knight-normal-combo-b6.png","Resources","627","未被正式场景、预设、构建配置或动态加载路径引用"
"Assets/Resources/pixramen-valley-asset-pack-v2/pixramen-valley-asset-pack-v2/dark-knight/png/3x/dark-knight-normal-combo-b/dark-knight-normal-combo-b7.png","Resources","600","未被正式场景、预设、构建配置或动态加载路径引用"
"Assets/Resources/pixramen-valley-asset-pack-v2/pixramen-valley-asset-pack-v2/dark-knight/png/3x/dark-knight-normal-combo-b/dark-knight-normal-combo-b8.png","Resources","597","未被正式场景、预设、构建配置或动态加载路径引用"
"Assets/Resources/pixramen-valley-asset-pack-v2/pixramen-valley-asset-pack-v2/dark-knight/png/3x/dark-knight-normal-combo-c/dark-knight-normal-combo-c1.png","Resources","622","未被正式场景、预设、构建配置或动态加载路径引用"
"Assets/Resources/pixramen-valley-asset-pack-v2/pixramen-valley-asset-pack-v2/dark-knight/png/3x/dark-knight-normal-combo-c/dark-knight-normal-combo-c2.png","Resources","645","未被正式场景、预设、构建配置或动态加载路径引用"
"Assets/Resources/pixramen-valley-asset-pack-v2/pixramen-valley-asset-pack-v2/dark-knight/png/3x/dark-knight-normal-combo-c/dark-knight-normal-combo-c3.png","Resources","730","未被正式场景、预设、构建配置或动态加载路径引用"
"Assets/Resources/pixramen-valley-asset-pack-v2/pixramen-valley-asset-pack-v2/dark-knight/png/3x/dark-knight-normal-combo-c/dark-knight-normal-combo-c4.png","Resources","767","未被正式场景、预设、构建配置或动态加载路径引用"
"Assets/Resources/pixramen-valley-asset-pack-v2/pixramen-valley-asset-pack-v2/dark-knight/png/3x/dark-knight-normal-combo-c/dark-knight-normal-combo-c5.png","Resources","715","未被正式场景、预设、构建配置或动态加载路径引用"
"Assets/Resources/pixramen-valley-asset-pack-v2/pixramen-valley-asset-pack-v2/dark-knight/png/3x/dark-knight-normal-combo-c/dark-knight-normal-combo-c6.png","Resources","677","未被正式场景、预设、构建配置或动态加载路径引用"
"Assets/Resources/pixramen-valley-asset-pack-v2/pixramen-valley-asset-pack-v2/dark-knight/png/3x/dark-knight-normal-combo-c/dark-knight-normal-combo-c7.png","Resources","672","未被正式场景、预设、构建配置或动态加载路径引用"
"Assets/Resources/pixramen-valley-asset-pack-v2/pixramen-valley-asset-pack-v2/dark-knight/png/3x/dark-knight-normal-combo-c/dark-knight-normal-combo-c8.png","Resources","672","未被正式场景、预设、构建配置或动态加载路径引用"
"Assets/Resources/pixramen-valley-asset-pack-v2/pixramen-valley-asset-pack-v2/dark-knight/png/3x/dark-knight-parry/dark-knight-parry1.png","Resources","679","未被正式场景、预设、构建配置或动态加载路径引用"
"Assets/Resources/pixramen-valley-asset-pack-v2/pixramen-valley-asset-pack-v2/dark-knight/png/3x/dark-knight-parry/dark-knight-parry2.png","Resources","945","未被正式场景、预设、构建配置或动态加载路径引用"
"Assets/Resources/pixramen-valley-asset-pack-v2/pixramen-valley-asset-pack-v2/dark-knight/png/3x/dark-knight-parry/dark-knight-parry3.png","Resources","845","未被正式场景、预设、构建配置或动态加载路径引用"
"Assets/Resources/pixramen-valley-asset-pack-v2/pixramen-valley-asset-pack-v2/dark-knight/png/3x/dark-knight-parry/dark-knight-parry4.png","Resources","705","未被正式场景、预设、构建配置或动态加载路径引用"
"Assets/Resources/pixramen-valley-asset-pack-v2/pixramen-valley-asset-pack-v2/dark-knight/png/3x/dark-knight-parry/dark-knight-parry5.png","Resources","665","未被正式场景、预设、构建配置或动态加载路径引用"
"Assets/Resources/pixramen-valley-asset-pack-v2/pixramen-valley-asset-pack-v2/dark-knight/png/3x/dark-knight-parry-effect/dark-knight-parry-effect1.png","Resources","680","未被正式场景、预设、构建配置或动态加载路径引用"
"Assets/Resources/pixramen-valley-asset-pack-v2/pixramen-valley-asset-pack-v2/dark-knight/png/3x/dark-knight-parry-effect/dark-knight-parry-effect2.png","Resources","946","未被正式场景、预设、构建配置或动态加载路径引用"
"Assets/Resources/pixramen-valley-asset-pack-v2/pixramen-valley-asset-pack-v2/dark-knight/png/3x/dark-knight-parry-effect/dark-knight-parry-effect3.png","Resources","874","未被正式场景、预设、构建配置或动态加载路径引用"
"Assets/Resources/pixramen-valley-asset-pack-v2/pixramen-valley-asset-pack-v2/dark-knight/png/3x/dark-knight-parry-effect/dark-knight-parry-effect4.png","Resources","706","未被正式场景、预设、构建配置或动态加载路径引用"
"Assets/Resources/pixramen-valley-asset-pack-v2/pixramen-valley-asset-pack-v2/dark-knight/png/3x/dark-knight-parry-effect/dark-knight-parry-effect5.png","Resources","665","未被正式场景、预设、构建配置或动态加载路径引用"
"Assets/Resources/pixramen-valley-asset-pack-v2/pixramen-valley-asset-pack-v2/dark-knight/png/3x/dark-knight-parry-with-effect/dark-knight-parry-with-effect1.png","Resources","680","未被正式场景、预设、构建配置或动态加载路径引用"
"Assets/Resources/pixramen-valley-asset-pack-v2/pixramen-valley-asset-pack-v2/dark-knight/png/3x/dark-knight-parry-with-effect/dark-knight-parry-with-effect2.png","Resources","946","未被正式场景、预设、构建配置或动态加载路径引用"
"Assets/Resources/pixramen-valley-asset-pack-v2/pixramen-valley-asset-pack-v2/dark-knight/png/3x/dark-knight-parry-with-effect/dark-knight-parry-with-effect3.png","Resources","874","未被正式场景、预设、构建配置或动态加载路径引用"
"Assets/Resources/pixramen-valley-asset-pack-v2/pixramen-valley-asset-pack-v2/dark-knight/png/3x/dark-knight-parry-with-effect/dark-knight-parry-with-effect4.png","Resources","706","未被正式场景、预设、构建配置或动态加载路径引用"
"Assets/Resources/pixramen-valley-asset-pack-v2/pixramen-valley-asset-pack-v2/dark-knight/png/3x/dark-knight-parry-with-effect/dark-knight-parry-with-effect5.png","Resources","665","未被正式场景、预设、构建配置或动态加载路径引用"
"Assets/Resources/pixramen-valley-asset-pack-v2/pixramen-valley-asset-pack-v2/dark-knight/png/3x/dark-knight-prepare-jump/dark-knight-prepare-jump1.png","Resources","593","未被正式场景、预设、构建配置或动态加载路径引用"
"Assets/Resources/pixramen-valley-asset-pack-v2/pixramen-valley-asset-pack-v2/dark-knight/png/3x/dark-knight-prepare-jump/dark-knight-prepare-jump2.png","Resources","651","未被正式场景、预设、构建配置或动态加载路径引用"
"Assets/Resources/pixramen-valley-asset-pack-v2/pixramen-valley-asset-pack-v2/dark-knight/png/3x/dark-knight-run/dark-knight-run1.png","Resources","649","未被正式场景、预设、构建配置或动态加载路径引用"
"Assets/Resources/pixramen-valley-asset-pack-v2/pixramen-valley-asset-pack-v2/dark-knight/png/3x/dark-knight-run/dark-knight-run2.png","Resources","685","未被正式场景、预设、构建配置或动态加载路径引用"
"Assets/Resources/pixramen-valley-asset-pack-v2/pixramen-valley-asset-pack-v2/dark-knight/png/3x/dark-knight-run/dark-knight-run3.png","Resources","676","未被正式场景、预设、构建配置或动态加载路径引用"
"Assets/Resources/pixramen-valley-asset-pack-v2/pixramen-valley-asset-pack-v2/dark-knight/png/3x/dark-knight-run/dark-knight-run4.png","Resources","660","未被正式场景、预设、构建配置或动态加载路径引用"
"Assets/Resources/pixramen-valley-asset-pack-v2/pixramen-valley-asset-pack-v2/dark-knight/png/3x/dark-knight-run/dark-knight-run5.png","Resources","664","未被正式场景、预设、构建配置或动态加载路径引用"
"Assets/Resources/pixramen-valley-asset-pack-v2/pixramen-valley-asset-pack-v2/dark-knight/png/3x/dark-knight-run/dark-knight-run6.png","Resources","702","未被正式场景、预设、构建配置或动态加载路径引用"
"Assets/Resources/pixramen-valley-asset-pack-v2/pixramen-valley-asset-pack-v2/dark-knight/png/3x/dark-knight-run/dark-knight-run7.png","Resources","684","未被正式场景、预设、构建配置或动态加载路径引用"
"Assets/Resources/pixramen-valley-asset-pack-v2/pixramen-valley-asset-pack-v2/dark-knight/png/3x/dark-knight-run/dark-knight-run8.png","Resources","653","未被正式场景、预设、构建配置或动态加载路径引用"
"Assets/Resources/pixramen-valley-asset-pack-v2/pixramen-valley-asset-pack-v2/dark-knight/png/4x/dark-knight-air-combo-a/dark-knight-air-combo-a1.png","Resources","777","未被正式场景、预设、构建配置或动态加载路径引用"
"Assets/Resources/pixramen-valley-asset-pack-v2/pixramen-valley-asset-pack-v2/dark-knight/png/4x/dark-knight-air-combo-a/dark-knight-air-combo-a2.png","Resources","820","未被正式场景、预设、构建配置或动态加载路径引用"
"Assets/Resources/pixramen-valley-asset-pack-v2/pixramen-valley-asset-pack-v2/dark-knight/png/4x/dark-knight-air-combo-a/dark-knight-air-combo-a3.png","Resources","823","未被正式场景、预设、构建配置或动态加载路径引用"
"Assets/Resources/pixramen-valley-asset-pack-v2/pixramen-valley-asset-pack-v2/dark-knight/png/4x/dark-knight-air-combo-a/dark-knight-air-combo-a4.png","Resources","874","未被正式场景、预设、构建配置或动态加载路径引用"
"Assets/Resources/pixramen-valley-asset-pack-v2/pixramen-valley-asset-pack-v2/dark-knight/png/4x/dark-knight-air-combo-a/dark-knight-air-combo-a5.png","Resources","786","未被正式场景、预设、构建配置或动态加载路径引用"
"Assets/Resources/pixramen-valley-asset-pack-v2/pixramen-valley-asset-pack-v2/dark-knight/png/4x/dark-knight-air-combo-a/dark-knight-air-combo-a6.png","Resources","792","未被正式场景、预设、构建配置或动态加载路径引用"
"Assets/Resources/pixramen-valley-asset-pack-v2/pixramen-valley-asset-pack-v2/dark-knight/png/4x/dark-knight-air-combo-a/dark-knight-air-combo-a7.png","Resources","816","未被正式场景、预设、构建配置或动态加载路径引用"
"Assets/Resources/pixramen-valley-asset-pack-v2/pixramen-valley-asset-pack-v2/dark-knight/png/4x/dark-knight-air-combo-a/dark-knight-air-combo-a8.png","Resources","830","未被正式场景、预设、构建配置或动态加载路径引用"
"Assets/Resources/pixramen-valley-asset-pack-v2/pixramen-valley-asset-pack-v2/dark-knight/png/4x/dark-knight-air-combo-b/dark-knight-air-combo-b1.png","Resources","879","未被正式场景、预设、构建配置或动态加载路径引用"
"Assets/Resources/pixramen-valley-asset-pack-v2/pixramen-valley-asset-pack-v2/dark-knight/png/4x/dark-knight-air-combo-b/dark-knight-air-combo-b2.png","Resources","793","未被正式场景、预设、构建配置或动态加载路径引用"
"Assets/Resources/pixramen-valley-asset-pack-v2/pixramen-valley-asset-pack-v2/dark-knight/png/4x/dark-knight-air-combo-b/dark-knight-air-combo-b3.png","Resources","798","未被正式场景、预设、构建配置或动态加载路径引用"
"Assets/Resources/pixramen-valley-asset-pack-v2/pixramen-valley-asset-pack-v2/dark-knight/png/4x/dark-knight-air-combo-b/dark-knight-air-combo-b4.png","Resources","887","未被正式场景、预设、构建配置或动态加载路径引用"
"Assets/Resources/pixramen-valley-asset-pack-v2/pixramen-valley-asset-pack-v2/dark-knight/png/4x/dark-knight-air-combo-b/dark-knight-air-combo-b5.png","Resources","780","未被正式场景、预设、构建配置或动态加载路径引用"
"Assets/Resources/pixramen-valley-asset-pack-v2/pixramen-valley-asset-pack-v2/dark-knight/png/4x/dark-knight-air-combo-b/dark-knight-air-combo-b6.png","Resources","781","未被正式场景、预设、构建配置或动态加载路径引用"
"Assets/Resources/pixramen-valley-asset-pack-v2/pixramen-valley-asset-pack-v2/dark-knight/png/4x/dark-knight-air-combo-b/dark-knight-air-combo-b7.png","Resources","805","未被正式场景、预设、构建配置或动态加载路径引用"
"Assets/Resources/pixramen-valley-asset-pack-v2/pixramen-valley-asset-pack-v2/dark-knight/png/4x/dark-knight-air-combo-b/dark-knight-air-combo-b8.png","Resources","780","未被正式场景、预设、构建配置或动态加载路径引用"
"Assets/Resources/pixramen-valley-asset-pack-v2/pixramen-valley-asset-pack-v2/dark-knight/png/4x/dark-knight-air-combo-c/dark-knight-air-combo-c1.png","Resources","821","未被正式场景、预设、构建配置或动态加载路径引用"
"Assets/Resources/pixramen-valley-asset-pack-v2/pixramen-valley-asset-pack-v2/dark-knight/png/4x/dark-knight-air-combo-c/dark-knight-air-combo-c2.png","Resources","845","未被正式场景、预设、构建配置或动态加载路径引用"
"Assets/Resources/pixramen-valley-asset-pack-v2/pixramen-valley-asset-pack-v2/dark-knight/png/4x/dark-knight-air-combo-c/dark-knight-air-combo-c3.png","Resources","925","未被正式场景、预设、构建配置或动态加载路径引用"
"Assets/Resources/pixramen-valley-asset-pack-v2/pixramen-valley-asset-pack-v2/dark-knight/png/4x/dark-knight-air-combo-c/dark-knight-air-combo-c4.png","Resources","784","未被正式场景、预设、构建配置或动态加载路径引用"
"Assets/Resources/pixramen-valley-asset-pack-v2/pixramen-valley-asset-pack-v2/dark-knight/png/4x/dark-knight-air-combo-c/dark-knight-air-combo-c5.png","Resources","801","未被正式场景、预设、构建配置或动态加载路径引用"
"Assets/Resources/pixramen-valley-asset-pack-v2/pixramen-valley-asset-pack-v2/dark-knight/png/4x/dark-knight-air-combo-c/dark-knight-air-combo-c6.png","Resources","812","未被正式场景、预设、构建配置或动态加载路径引用"
"Assets/Resources/pixramen-valley-asset-pack-v2/pixramen-valley-asset-pack-v2/dark-knight/png/4x/dark-knight-air-combo-c/dark-knight-air-combo-c7.png","Resources","804","未被正式场景、预设、构建配置或动态加载路径引用"
"Assets/Resources/pixramen-valley-asset-pack-v2/pixramen-valley-asset-pack-v2/dark-knight/png/4x/dark-knight-blocking/dark-knight-blocking1.png","Resources","830","未被正式场景、预设、构建配置或动态加载路径引用"
"Assets/Resources/pixramen-valley-asset-pack-v2/pixramen-valley-asset-pack-v2/dark-knight/png/4x/dark-knight-blocking/dark-knight-blocking2.png","Resources","813","未被正式场景、预设、构建配置或动态加载路径引用"
"Assets/Resources/pixramen-valley-asset-pack-v2/pixramen-valley-asset-pack-v2/dark-knight/png/4x/dark-knight-climb/dark-knight-climb1.png","Resources","883","未被正式场景、预设、构建配置或动态加载路径引用"
"Assets/Resources/pixramen-valley-asset-pack-v2/pixramen-valley-asset-pack-v2/dark-knight/png/4x/dark-knight-climb/dark-knight-climb2.png","Resources","857","未被正式场景、预设、构建配置或动态加载路径引用"
"Assets/Resources/pixramen-valley-asset-pack-v2/pixramen-valley-asset-pack-v2/dark-knight/png/4x/dark-knight-climb/dark-knight-climb3.png","Resources","847","未被正式场景、预设、构建配置或动态加载路径引用"
"Assets/Resources/pixramen-valley-asset-pack-v2/pixramen-valley-asset-pack-v2/dark-knight/png/4x/dark-knight-climb/dark-knight-climb4.png","Resources","866","未被正式场景、预设、构建配置或动态加载路径引用"
"Assets/Resources/pixramen-valley-asset-pack-v2/pixramen-valley-asset-pack-v2/dark-knight/png/4x/dark-knight-dash/dark-knight-dash1.png","Resources","824","未被正式场景、预设、构建配置或动态加载路径引用"
"Assets/Resources/pixramen-valley-asset-pack-v2/pixramen-valley-asset-pack-v2/dark-knight/png/4x/dark-knight-dash/dark-knight-dash2.png","Resources","806","未被正式场景、预设、构建配置或动态加载路径引用"
"Assets/Resources/pixramen-valley-asset-pack-v2/pixramen-valley-asset-pack-v2/dark-knight/png/4x/dark-knight-dash/dark-knight-dash3.png","Resources","803","未被正式场景、预设、构建配置或动态加载路径引用"
"Assets/Resources/pixramen-valley-asset-pack-v2/pixramen-valley-asset-pack-v2/dark-knight/png/4x/dark-knight-dash/dark-knight-dash4.png","Resources","778","未被正式场景、预设、构建配置或动态加载路径引用"
"Assets/Resources/pixramen-valley-asset-pack-v2/pixramen-valley-asset-pack-v2/dark-knight/png/4x/dark-knight-dash/dark-knight-dash5.png","Resources","795","未被正式场景、预设、构建配置或动态加载路径引用"
"Assets/Resources/pixramen-valley-asset-pack-v2/pixramen-valley-asset-pack-v2/dark-knight/png/4x/dark-knight-dead-falling/dark-knight-dead-falling1.png","Resources","713","未被正式场景、预设、构建配置或动态加载路径引用"
"Assets/Resources/pixramen-valley-asset-pack-v2/pixramen-valley-asset-pack-v2/dark-knight/png/4x/dark-knight-dead-falling/dark-knight-dead-falling2.png","Resources","690","未被正式场景、预设、构建配置或动态加载路径引用"
"Assets/Resources/pixramen-valley-asset-pack-v2/pixramen-valley-asset-pack-v2/dark-knight/png/4x/dark-knight-dead-ground/dark-knight-dead-ground1.png","Resources","612","未被正式场景、预设、构建配置或动态加载路径引用"
"Assets/Resources/pixramen-valley-asset-pack-v2/pixramen-valley-asset-pack-v2/dark-knight/png/4x/dark-knight-dead-ground/dark-knight-dead-ground2.png","Resources","620","未被正式场景、预设、构建配置或动态加载路径引用"
"Assets/Resources/pixramen-valley-asset-pack-v2/pixramen-valley-asset-pack-v2/dark-knight/png/4x/dark-knight-dead-ground/dark-knight-dead-ground3.png","Resources","620","未被正式场景、预设、构建配置或动态加载路径引用"
"Assets/Resources/pixramen-valley-asset-pack-v2/pixramen-valley-asset-pack-v2/dark-knight/png/4x/dark-knight-dead-ground/dark-knight-dead-ground4.png","Resources","614","未被正式场景、预设、构建配置或动态加载路径引用"
"Assets/Resources/pixramen-valley-asset-pack-v2/pixramen-valley-asset-pack-v2/dark-knight/png/4x/dark-knight-dead-ground/dark-knight-dead-ground5.png","Resources","612","未被正式场景、预设、构建配置或动态加载路径引用"
"Assets/Resources/pixramen-valley-asset-pack-v2/pixramen-valley-asset-pack-v2/dark-knight/png/4x/dark-knight-drink-blue-potion/dark-knight-drink-blue-potion1.png","Resources","864","未被正式场景、预设、构建配置或动态加载路径引用"
"Assets/Resources/pixramen-valley-asset-pack-v2/pixramen-valley-asset-pack-v2/dark-knight/png/4x/dark-knight-drink-blue-potion/dark-knight-drink-blue-potion10.png","Resources","902","未被正式场景、预设、构建配置或动态加载路径引用"
"Assets/Resources/pixramen-valley-asset-pack-v2/pixramen-valley-asset-pack-v2/dark-knight/png/4x/dark-knight-drink-blue-potion/dark-knight-drink-blue-potion11.png","Resources","905","未被正式场景、预设、构建配置或动态加载路径引用"
"Assets/Resources/pixramen-valley-asset-pack-v2/pixramen-valley-asset-pack-v2/dark-knight/png/4x/dark-knight-drink-blue-potion/dark-knight-drink-blue-potion2.png","Resources","882","未被正式场景、预设、构建配置或动态加载路径引用"
"Assets/Resources/pixramen-valley-asset-pack-v2/pixramen-valley-asset-pack-v2/dark-knight/png/4x/dark-knight-drink-blue-potion/dark-knight-drink-blue-potion3.png","Resources","911","未被正式场景、预设、构建配置或动态加载路径引用"
"Assets/Resources/pixramen-valley-asset-pack-v2/pixramen-valley-asset-pack-v2/dark-knight/png/4x/dark-knight-drink-blue-potion/dark-knight-drink-blue-potion4.png","Resources","935","未被正式场景、预设、构建配置或动态加载路径引用"
"Assets/Resources/pixramen-valley-asset-pack-v2/pixramen-valley-asset-pack-v2/dark-knight/png/4x/dark-knight-drink-blue-potion/dark-knight-drink-blue-potion5.png","Resources","883","未被正式场景、预设、构建配置或动态加载路径引用"
"Assets/Resources/pixramen-valley-asset-pack-v2/pixramen-valley-asset-pack-v2/dark-knight/png/4x/dark-knight-drink-blue-potion/dark-knight-drink-blue-potion6.png","Resources","785","未被正式场景、预设、构建配置或动态加载路径引用"
"Assets/Resources/pixramen-valley-asset-pack-v2/pixramen-valley-asset-pack-v2/dark-knight/png/4x/dark-knight-drink-blue-potion/dark-knight-drink-blue-potion7.png","Resources","908","未被正式场景、预设、构建配置或动态加载路径引用"
"Assets/Resources/pixramen-valley-asset-pack-v2/pixramen-valley-asset-pack-v2/dark-knight/png/4x/dark-knight-drink-blue-potion/dark-knight-drink-blue-potion8.png","Resources","904","未被正式场景、预设、构建配置或动态加载路径引用"
"Assets/Resources/pixramen-valley-asset-pack-v2/pixramen-valley-asset-pack-v2/dark-knight/png/4x/dark-knight-drink-blue-potion/dark-knight-drink-blue-potion9.png","Resources","906","未被正式场景、预设、构建配置或动态加载路径引用"
"Assets/Resources/pixramen-valley-asset-pack-v2/pixramen-valley-asset-pack-v2/dark-knight/png/4x/dark-knight-drink-green-potion/dark-knight-drink-green-potion1.png","Resources","864","未被正式场景、预设、构建配置或动态加载路径引用"
"Assets/Resources/pixramen-valley-asset-pack-v2/pixramen-valley-asset-pack-v2/dark-knight/png/4x/dark-knight-drink-green-potion/dark-knight-drink-green-potion10.png","Resources","934","未被正式场景、预设、构建配置或动态加载路径引用"
"Assets/Resources/pixramen-valley-asset-pack-v2/pixramen-valley-asset-pack-v2/dark-knight/png/4x/dark-knight-drink-green-potion/dark-knight-drink-green-potion11.png","Resources","905","未被正式场景、预设、构建配置或动态加载路径引用"
"Assets/Resources/pixramen-valley-asset-pack-v2/pixramen-valley-asset-pack-v2/dark-knight/png/4x/dark-knight-drink-green-potion/dark-knight-drink-green-potion2.png","Resources","882","未被正式场景、预设、构建配置或动态加载路径引用"
"Assets/Resources/pixramen-valley-asset-pack-v2/pixramen-valley-asset-pack-v2/dark-knight/png/4x/dark-knight-drink-green-potion/dark-knight-drink-green-potion3.png","Resources","911","未被正式场景、预设、构建配置或动态加载路径引用"
"Assets/Resources/pixramen-valley-asset-pack-v2/pixramen-valley-asset-pack-v2/dark-knight/png/4x/dark-knight-drink-green-potion/dark-knight-drink-green-potion4.png","Resources","935","未被正式场景、预设、构建配置或动态加载路径引用"
"Assets/Resources/pixramen-valley-asset-pack-v2/pixramen-valley-asset-pack-v2/dark-knight/png/4x/dark-knight-drink-green-potion/dark-knight-drink-green-potion5.png","Resources","883","未被正式场景、预设、构建配置或动态加载路径引用"
"Assets/Resources/pixramen-valley-asset-pack-v2/pixramen-valley-asset-pack-v2/dark-knight/png/4x/dark-knight-drink-green-potion/dark-knight-drink-green-potion6.png","Resources","822","未被正式场景、预设、构建配置或动态加载路径引用"
"Assets/Resources/pixramen-valley-asset-pack-v2/pixramen-valley-asset-pack-v2/dark-knight/png/4x/dark-knight-drink-green-potion/dark-knight-drink-green-potion7.png","Resources","921","未被正式场景、预设、构建配置或动态加载路径引用"
"Assets/Resources/pixramen-valley-asset-pack-v2/pixramen-valley-asset-pack-v2/dark-knight/png/4x/dark-knight-drink-green-potion/dark-knight-drink-green-potion8.png","Resources","921","未被正式场景、预设、构建配置或动态加载路径引用"
"Assets/Resources/pixramen-valley-asset-pack-v2/pixramen-valley-asset-pack-v2/dark-knight/png/4x/dark-knight-drink-green-potion/dark-knight-drink-green-potion9.png","Resources","906","未被正式场景、预设、构建配置或动态加载路径引用"
"Assets/Resources/pixramen-valley-asset-pack-v2/pixramen-valley-asset-pack-v2/dark-knight/png/4x/dark-knight-drink-red-potion/dark-knight-drink-red-potion1.png","Resources","864","未被正式场景、预设、构建配置或动态加载路径引用"
"Assets/Resources/pixramen-valley-asset-pack-v2/pixramen-valley-asset-pack-v2/dark-knight/png/4x/dark-knight-drink-red-potion/dark-knight-drink-red-potion10.png","Resources","914","未被正式场景、预设、构建配置或动态加载路径引用"
"Assets/Resources/pixramen-valley-asset-pack-v2/pixramen-valley-asset-pack-v2/dark-knight/png/4x/dark-knight-drink-red-potion/dark-knight-drink-red-potion11.png","Resources","905","未被正式场景、预设、构建配置或动态加载路径引用"
"Assets/Resources/pixramen-valley-asset-pack-v2/pixramen-valley-asset-pack-v2/dark-knight/png/4x/dark-knight-drink-red-potion/dark-knight-drink-red-potion2.png","Resources","882","未被正式场景、预设、构建配置或动态加载路径引用"
"Assets/Resources/pixramen-valley-asset-pack-v2/pixramen-valley-asset-pack-v2/dark-knight/png/4x/dark-knight-drink-red-potion/dark-knight-drink-red-potion3.png","Resources","911","未被正式场景、预设、构建配置或动态加载路径引用"
"Assets/Resources/pixramen-valley-asset-pack-v2/pixramen-valley-asset-pack-v2/dark-knight/png/4x/dark-knight-drink-red-potion/dark-knight-drink-red-potion4.png","Resources","935","未被正式场景、预设、构建配置或动态加载路径引用"
"Assets/Resources/pixramen-valley-asset-pack-v2/pixramen-valley-asset-pack-v2/dark-knight/png/4x/dark-knight-drink-red-potion/dark-knight-drink-red-potion5.png","Resources","883","未被正式场景、预设、构建配置或动态加载路径引用"
"Assets/Resources/pixramen-valley-asset-pack-v2/pixramen-valley-asset-pack-v2/dark-knight/png/4x/dark-knight-drink-red-potion/dark-knight-drink-red-potion6.png","Resources","834","未被正式场景、预设、构建配置或动态加载路径引用"
"Assets/Resources/pixramen-valley-asset-pack-v2/pixramen-valley-asset-pack-v2/dark-knight/png/4x/dark-knight-drink-red-potion/dark-knight-drink-red-potion7.png","Resources","912","未被正式场景、预设、构建配置或动态加载路径引用"
"Assets/Resources/pixramen-valley-asset-pack-v2/pixramen-valley-asset-pack-v2/dark-knight/png/4x/dark-knight-drink-red-potion/dark-knight-drink-red-potion8.png","Resources","914","未被正式场景、预设、构建配置或动态加载路径引用"
"Assets/Resources/pixramen-valley-asset-pack-v2/pixramen-valley-asset-pack-v2/dark-knight/png/4x/dark-knight-drink-red-potion/dark-knight-drink-red-potion9.png","Resources","909","未被正式场景、预设、构建配置或动态加载路径引用"
"Assets/Resources/pixramen-valley-asset-pack-v2/pixramen-valley-asset-pack-v2/dark-knight/png/4x/dark-knight-falling/dark-knight-falling1.png","Resources","862","未被正式场景、预设、构建配置或动态加载路径引用"
"Assets/Resources/pixramen-valley-asset-pack-v2/pixramen-valley-asset-pack-v2/dark-knight/png/4x/dark-knight-falling/dark-knight-falling2.png","Resources","855","未被正式场景、预设、构建配置或动态加载路径引用"
"Assets/Resources/pixramen-valley-asset-pack-v2/pixramen-valley-asset-pack-v2/dark-knight/png/4x/dark-knight-falling/dark-knight-falling3.png","Resources","848","未被正式场景、预设、构建配置或动态加载路径引用"
"Assets/Resources/pixramen-valley-asset-pack-v2/pixramen-valley-asset-pack-v2/dark-knight/png/4x/dark-knight-falling/dark-knight-falling4.png","Resources","855","未被正式场景、预设、构建配置或动态加载路径引用"
"Assets/Resources/pixramen-valley-asset-pack-v2/pixramen-valley-asset-pack-v2/dark-knight/png/4x/dark-knight-fall-recovery/dark-knight-fall-recovery1.png","Resources","754","未被正式场景、预设、构建配置或动态加载路径引用"
"Assets/Resources/pixramen-valley-asset-pack-v2/pixramen-valley-asset-pack-v2/dark-knight/png/4x/dark-knight-fall-recovery/dark-knight-fall-recovery2.png","Resources","816","未被正式场景、预设、构建配置或动态加载路径引用"
"Assets/Resources/pixramen-valley-asset-pack-v2/pixramen-valley-asset-pack-v2/dark-knight/png/4x/dark-knight-heavy-combo-a/dark-knight-heavy-combo-a1.png","Resources","1476","未被正式场景、预设、构建配置或动态加载路径引用"
"Assets/Resources/pixramen-valley-asset-pack-v2/pixramen-valley-asset-pack-v2/dark-knight/png/4x/dark-knight-heavy-combo-a/dark-knight-heavy-combo-a10.png","Resources","1893","未被正式场景、预设、构建配置或动态加载路径引用"
"Assets/Resources/pixramen-valley-asset-pack-v2/pixramen-valley-asset-pack-v2/dark-knight/png/4x/dark-knight-heavy-combo-a/dark-knight-heavy-combo-a11.png","Resources","1635","未被正式场景、预设、构建配置或动态加载路径引用"
"Assets/Resources/pixramen-valley-asset-pack-v2/pixramen-valley-asset-pack-v2/dark-knight/png/4x/dark-knight-heavy-combo-a/dark-knight-heavy-combo-a12.png","Resources","1405","未被正式场景、预设、构建配置或动态加载路径引用"
"Assets/Resources/pixramen-valley-asset-pack-v2/pixramen-valley-asset-pack-v2/dark-knight/png/4x/dark-knight-heavy-combo-a/dark-knight-heavy-combo-a2.png","Resources","1584","未被正式场景、预设、构建配置或动态加载路径引用"
"Assets/Resources/pixramen-valley-asset-pack-v2/pixramen-valley-asset-pack-v2/dark-knight/png/4x/dark-knight-heavy-combo-a/dark-knight-heavy-combo-a3.png","Resources","1578","未被正式场景、预设、构建配置或动态加载路径引用"
"Assets/Resources/pixramen-valley-asset-pack-v2/pixramen-valley-asset-pack-v2/dark-knight/png/4x/dark-knight-heavy-combo-a/dark-knight-heavy-combo-a4.png","Resources","1654","未被正式场景、预设、构建配置或动态加载路径引用"
"Assets/Resources/pixramen-valley-asset-pack-v2/pixramen-valley-asset-pack-v2/dark-knight/png/4x/dark-knight-heavy-combo-a/dark-knight-heavy-combo-a5.png","Resources","1618","未被正式场景、预设、构建配置或动态加载路径引用"
"Assets/Resources/pixramen-valley-asset-pack-v2/pixramen-valley-asset-pack-v2/dark-knight/png/4x/dark-knight-heavy-combo-a/dark-knight-heavy-combo-a6.png","Resources","1560","未被正式场景、预设、构建配置或动态加载路径引用"
"Assets/Resources/pixramen-valley-asset-pack-v2/pixramen-valley-asset-pack-v2/dark-knight/png/4x/dark-knight-heavy-combo-a/dark-knight-heavy-combo-a7.png","Resources","1566","未被正式场景、预设、构建配置或动态加载路径引用"
"Assets/Resources/pixramen-valley-asset-pack-v2/pixramen-valley-asset-pack-v2/dark-knight/png/4x/dark-knight-heavy-combo-a/dark-knight-heavy-combo-a8.png","Resources","1863","未被正式场景、预设、构建配置或动态加载路径引用"
"Assets/Resources/pixramen-valley-asset-pack-v2/pixramen-valley-asset-pack-v2/dark-knight/png/4x/dark-knight-heavy-combo-a/dark-knight-heavy-combo-a9.png","Resources","2101","未被正式场景、预设、构建配置或动态加载路径引用"
"Assets/Resources/pixramen-valley-asset-pack-v2/pixramen-valley-asset-pack-v2/dark-knight/png/4x/dark-knight-heavy-combo-a-effect/dark-knight-heavy-combo-a-effect1.png","Resources","1132","未被正式场景、预设、构建配置或动态加载路径引用"
"Assets/Resources/pixramen-valley-asset-pack-v2/pixramen-valley-asset-pack-v2/dark-knight/png/4x/dark-knight-heavy-combo-a-effect/dark-knight-heavy-combo-a-effect2.png","Resources","1657","未被正式场景、预设、构建配置或动态加载路径引用"
"Assets/Resources/pixramen-valley-asset-pack-v2/pixramen-valley-asset-pack-v2/dark-knight/png/4x/dark-knight-heavy-combo-a-effect/dark-knight-heavy-combo-a-effect3.png","Resources","1826","未被正式场景、预设、构建配置或动态加载路径引用"
"Assets/Resources/pixramen-valley-asset-pack-v2/pixramen-valley-asset-pack-v2/dark-knight/png/4x/dark-knight-heavy-combo-a-effect/dark-knight-heavy-combo-a-effect4.png","Resources","1557","未被正式场景、预设、构建配置或动态加载路径引用"
"Assets/Resources/pixramen-valley-asset-pack-v2/pixramen-valley-asset-pack-v2/dark-knight/png/4x/dark-knight-heavy-combo-b/dark-knight-heavy-combo-b1.png","Resources","1500","未被正式场景、预设、构建配置或动态加载路径引用"
"Assets/Resources/pixramen-valley-asset-pack-v2/pixramen-valley-asset-pack-v2/dark-knight/png/4x/dark-knight-heavy-combo-b/dark-knight-heavy-combo-b10.png","Resources","1442","未被正式场景、预设、构建配置或动态加载路径引用"
"Assets/Resources/pixramen-valley-asset-pack-v2/pixramen-valley-asset-pack-v2/dark-knight/png/4x/dark-knight-heavy-combo-b/dark-knight-heavy-combo-b2.png","Resources","1606","未被正式场景、预设、构建配置或动态加载路径引用"
"Assets/Resources/pixramen-valley-asset-pack-v2/pixramen-valley-asset-pack-v2/dark-knight/png/4x/dark-knight-heavy-combo-b/dark-knight-heavy-combo-b3.png","Resources","1691","未被正式场景、预设、构建配置或动态加载路径引用"
"Assets/Resources/pixramen-valley-asset-pack-v2/pixramen-valley-asset-pack-v2/dark-knight/png/4x/dark-knight-heavy-combo-b/dark-knight-heavy-combo-b4.png","Resources","1783","未被正式场景、预设、构建配置或动态加载路径引用"
"Assets/Resources/pixramen-valley-asset-pack-v2/pixramen-valley-asset-pack-v2/dark-knight/png/4x/dark-knight-heavy-combo-b/dark-knight-heavy-combo-b5.png","Resources","1574","未被正式场景、预设、构建配置或动态加载路径引用"
"Assets/Resources/pixramen-valley-asset-pack-v2/pixramen-valley-asset-pack-v2/dark-knight/png/4x/dark-knight-heavy-combo-b/dark-knight-heavy-combo-b6.png","Resources","1879","未被正式场景、预设、构建配置或动态加载路径引用"
"Assets/Resources/pixramen-valley-asset-pack-v2/pixramen-valley-asset-pack-v2/dark-knight/png/4x/dark-knight-heavy-combo-b/dark-knight-heavy-combo-b7.png","Resources","2114","未被正式场景、预设、构建配置或动态加载路径引用"
"Assets/Resources/pixramen-valley-asset-pack-v2/pixramen-valley-asset-pack-v2/dark-knight/png/4x/dark-knight-heavy-combo-b/dark-knight-heavy-combo-b8.png","Resources","1984","未被正式场景、预设、构建配置或动态加载路径引用"
"Assets/Resources/pixramen-valley-asset-pack-v2/pixramen-valley-asset-pack-v2/dark-knight/png/4x/dark-knight-heavy-combo-b/dark-knight-heavy-combo-b9.png","Resources","1742","未被正式场景、预设、构建配置或动态加载路径引用"
"Assets/Resources/pixramen-valley-asset-pack-v2/pixramen-valley-asset-pack-v2/dark-knight/png/4x/dark-knight-heavy-combo-b-effect/dark-knight-heavy-combo-b-effect1.png","Resources","1509","未被正式场景、预设、构建配置或动态加载路径引用"
"Assets/Resources/pixramen-valley-asset-pack-v2/pixramen-valley-asset-pack-v2/dark-knight/png/4x/dark-knight-heavy-combo-b-effect/dark-knight-heavy-combo-b-effect2.png","Resources","1801","未被正式场景、预设、构建配置或动态加载路径引用"
"Assets/Resources/pixramen-valley-asset-pack-v2/pixramen-valley-asset-pack-v2/dark-knight/png/4x/dark-knight-heavy-combo-b-effect/dark-knight-heavy-combo-b-effect3.png","Resources","1621","未被正式场景、预设、构建配置或动态加载路径引用"
"Assets/Resources/pixramen-valley-asset-pack-v2/pixramen-valley-asset-pack-v2/dark-knight/png/4x/dark-knight-heavy-combo-b-effect/dark-knight-heavy-combo-b-effect4.png","Resources","1438","未被正式场景、预设、构建配置或动态加载路径引用"
"Assets/Resources/pixramen-valley-asset-pack-v2/pixramen-valley-asset-pack-v2/dark-knight/png/4x/dark-knight-heavy-combo-c/dark-knight-heavy-combo-c1.png","Resources","1393","未被正式场景、预设、构建配置或动态加载路径引用"
"Assets/Resources/pixramen-valley-asset-pack-v2/pixramen-valley-asset-pack-v2/dark-knight/png/4x/dark-knight-heavy-combo-c/dark-knight-heavy-combo-c10.png","Resources","2371","未被正式场景、预设、构建配置或动态加载路径引用"
"Assets/Resources/pixramen-valley-asset-pack-v2/pixramen-valley-asset-pack-v2/dark-knight/png/4x/dark-knight-heavy-combo-c/dark-knight-heavy-combo-c11.png","Resources","2094","未被正式场景、预设、构建配置或动态加载路径引用"
"Assets/Resources/pixramen-valley-asset-pack-v2/pixramen-valley-asset-pack-v2/dark-knight/png/4x/dark-knight-heavy-combo-c/dark-knight-heavy-combo-c12.png","Resources","1417","未被正式场景、预设、构建配置或动态加载路径引用"
"Assets/Resources/pixramen-valley-asset-pack-v2/pixramen-valley-asset-pack-v2/dark-knight/png/4x/dark-knight-heavy-combo-c/dark-knight-heavy-combo-c13.png","Resources","1390","未被正式场景、预设、构建配置或动态加载路径引用"
"Assets/Resources/pixramen-valley-asset-pack-v2/pixramen-valley-asset-pack-v2/dark-knight/png/4x/dark-knight-heavy-combo-c/dark-knight-heavy-combo-c2.png","Resources","1357","未被正式场景、预设、构建配置或动态加载路径引用"
"Assets/Resources/pixramen-valley-asset-pack-v2/pixramen-valley-asset-pack-v2/dark-knight/png/4x/dark-knight-heavy-combo-c/dark-knight-heavy-combo-c3.png","Resources","1510","未被正式场景、预设、构建配置或动态加载路径引用"
"Assets/Resources/pixramen-valley-asset-pack-v2/pixramen-valley-asset-pack-v2/dark-knight/png/4x/dark-knight-heavy-combo-c/dark-knight-heavy-combo-c4.png","Resources","1915","未被正式场景、预设、构建配置或动态加载路径引用"
"Assets/Resources/pixramen-valley-asset-pack-v2/pixramen-valley-asset-pack-v2/dark-knight/png/4x/dark-knight-heavy-combo-c/dark-knight-heavy-combo-c5.png","Resources","1987","未被正式场景、预设、构建配置或动态加载路径引用"
"Assets/Resources/pixramen-valley-asset-pack-v2/pixramen-valley-asset-pack-v2/dark-knight/png/4x/dark-knight-heavy-combo-c/dark-knight-heavy-combo-c6.png","Resources","1732","未被正式场景、预设、构建配置或动态加载路径引用"
"Assets/Resources/pixramen-valley-asset-pack-v2/pixramen-valley-asset-pack-v2/dark-knight/png/4x/dark-knight-heavy-combo-c/dark-knight-heavy-combo-c7.png","Resources","1670","未被正式场景、预设、构建配置或动态加载路径引用"
"Assets/Resources/pixramen-valley-asset-pack-v2/pixramen-valley-asset-pack-v2/dark-knight/png/4x/dark-knight-heavy-combo-c/dark-knight-heavy-combo-c8.png","Resources","2570","未被正式场景、预设、构建配置或动态加载路径引用"
"Assets/Resources/pixramen-valley-asset-pack-v2/pixramen-valley-asset-pack-v2/dark-knight/png/4x/dark-knight-heavy-combo-c/dark-knight-heavy-combo-c9.png","Resources","2915","未被正式场景、预设、构建配置或动态加载路径引用"
"Assets/Resources/pixramen-valley-asset-pack-v2/pixramen-valley-asset-pack-v2/dark-knight/png/4x/dark-knight-heavy-combo-c-effect/dark-knight-heavy-combo-c-effect1.png","Resources","2284","未被正式场景、预设、构建配置或动态加载路径引用"
"Assets/Resources/pixramen-valley-asset-pack-v2/pixramen-valley-asset-pack-v2/dark-knight/png/4x/dark-knight-heavy-combo-c-effect/dark-knight-heavy-combo-c-effect2.png","Resources","2601","未被正式场景、预设、构建配置或动态加载路径引用"
"Assets/Resources/pixramen-valley-asset-pack-v2/pixramen-valley-asset-pack-v2/dark-knight/png/4x/dark-knight-heavy-combo-c-effect/dark-knight-heavy-combo-c-effect3.png","Resources","2083","未被正式场景、预设、构建配置或动态加载路径引用"
"Assets/Resources/pixramen-valley-asset-pack-v2/pixramen-valley-asset-pack-v2/dark-knight/png/4x/dark-knight-heavy-combo-c-effect/dark-knight-heavy-combo-c-effect4.png","Resources","1788","未被正式场景、预设、构建配置或动态加载路径引用"
"Assets/Resources/pixramen-valley-asset-pack-v2/pixramen-valley-asset-pack-v2/dark-knight/png/4x/dark-knight-heavy-combo-c-effect/dark-knight-heavy-combo-c-effect5.png","Resources","1108","未被正式场景、预设、构建配置或动态加载路径引用"
"Assets/Resources/pixramen-valley-asset-pack-v2/pixramen-valley-asset-pack-v2/dark-knight/png/4x/dark-knight-heavy-combo-leap-effect-a/dark-knight-heavy-combo-leap-effect-a1.png","Resources","1118","未被正式场景、预设、构建配置或动态加载路径引用"
"Assets/Resources/pixramen-valley-asset-pack-v2/pixramen-valley-asset-pack-v2/dark-knight/png/4x/dark-knight-heavy-combo-leap-effect-a/dark-knight-heavy-combo-leap-effect-a2.png","Resources","1175","未被正式场景、预设、构建配置或动态加载路径引用"
"Assets/Resources/pixramen-valley-asset-pack-v2/pixramen-valley-asset-pack-v2/dark-knight/png/4x/dark-knight-heavy-combo-leap-effect-a/dark-knight-heavy-combo-leap-effect-a3.png","Resources","1198","未被正式场景、预设、构建配置或动态加载路径引用"
"Assets/Resources/pixramen-valley-asset-pack-v2/pixramen-valley-asset-pack-v2/dark-knight/png/4x/dark-knight-heavy-combo-leap-effect-a/dark-knight-heavy-combo-leap-effect-a4.png","Resources","1157","未被正式场景、预设、构建配置或动态加载路径引用"
"Assets/Resources/pixramen-valley-asset-pack-v2/pixramen-valley-asset-pack-v2/dark-knight/png/4x/dark-knight-heavy-combo-leap-effect-b/dark-knight-heavy-combo-leap-effect-b1.png","Resources","1140","未被正式场景、预设、构建配置或动态加载路径引用"
"Assets/Resources/pixramen-valley-asset-pack-v2/pixramen-valley-asset-pack-v2/dark-knight/png/4x/dark-knight-heavy-combo-leap-effect-b/dark-knight-heavy-combo-leap-effect-b2.png","Resources","1229","未被正式场景、预设、构建配置或动态加载路径引用"
"Assets/Resources/pixramen-valley-asset-pack-v2/pixramen-valley-asset-pack-v2/dark-knight/png/4x/dark-knight-heavy-combo-leap-effect-b/dark-knight-heavy-combo-leap-effect-b3.png","Resources","1252","未被正式场景、预设、构建配置或动态加载路径引用"
"Assets/Resources/pixramen-valley-asset-pack-v2/pixramen-valley-asset-pack-v2/dark-knight/png/4x/dark-knight-heavy-combo-leap-effect-c/dark-knight-heavy-combo-leap-effect-c1.png","Resources","1149","未被正式场景、预设、构建配置或动态加载路径引用"
"Assets/Resources/pixramen-valley-asset-pack-v2/pixramen-valley-asset-pack-v2/dark-knight/png/4x/dark-knight-heavy-combo-leap-effect-c/dark-knight-heavy-combo-leap-effect-c2.png","Resources","1278","未被正式场景、预设、构建配置或动态加载路径引用"
"Assets/Resources/pixramen-valley-asset-pack-v2/pixramen-valley-asset-pack-v2/dark-knight/png/4x/dark-knight-heavy-combo-leap-effect-c/dark-knight-heavy-combo-leap-effect-c3.png","Resources","1262","未被正式场景、预设、构建配置或动态加载路径引用"
"Assets/Resources/pixramen-valley-asset-pack-v2/pixramen-valley-asset-pack-v2/dark-knight/png/4x/dark-knight-heavy-combo-with-effect-a/dark-knight-heavy-combo-with-effect-a1.png","Resources","1476","未被正式场景、预设、构建配置或动态加载路径引用"
"Assets/Resources/pixramen-valley-asset-pack-v2/pixramen-valley-asset-pack-v2/dark-knight/png/4x/dark-knight-heavy-combo-with-effect-a/dark-knight-heavy-combo-with-effect-a10.png","Resources","1893","未被正式场景、预设、构建配置或动态加载路径引用"
"Assets/Resources/pixramen-valley-asset-pack-v2/pixramen-valley-asset-pack-v2/dark-knight/png/4x/dark-knight-heavy-combo-with-effect-a/dark-knight-heavy-combo-with-effect-a11.png","Resources","1635","未被正式场景、预设、构建配置或动态加载路径引用"
"Assets/Resources/pixramen-valley-asset-pack-v2/pixramen-valley-asset-pack-v2/dark-knight/png/4x/dark-knight-heavy-combo-with-effect-a/dark-knight-heavy-combo-with-effect-a12.png","Resources","1405","未被正式场景、预设、构建配置或动态加载路径引用"
"Assets/Resources/pixramen-valley-asset-pack-v2/pixramen-valley-asset-pack-v2/dark-knight/png/4x/dark-knight-heavy-combo-with-effect-a/dark-knight-heavy-combo-with-effect-a2.png","Resources","1584","未被正式场景、预设、构建配置或动态加载路径引用"
"Assets/Resources/pixramen-valley-asset-pack-v2/pixramen-valley-asset-pack-v2/dark-knight/png/4x/dark-knight-heavy-combo-with-effect-a/dark-knight-heavy-combo-with-effect-a3.png","Resources","1578","未被正式场景、预设、构建配置或动态加载路径引用"
"Assets/Resources/pixramen-valley-asset-pack-v2/pixramen-valley-asset-pack-v2/dark-knight/png/4x/dark-knight-heavy-combo-with-effect-a/dark-knight-heavy-combo-with-effect-a4.png","Resources","1654","未被正式场景、预设、构建配置或动态加载路径引用"
"Assets/Resources/pixramen-valley-asset-pack-v2/pixramen-valley-asset-pack-v2/dark-knight/png/4x/dark-knight-heavy-combo-with-effect-a/dark-knight-heavy-combo-with-effect-a5.png","Resources","1618","未被正式场景、预设、构建配置或动态加载路径引用"
"Assets/Resources/pixramen-valley-asset-pack-v2/pixramen-valley-asset-pack-v2/dark-knight/png/4x/dark-knight-heavy-combo-with-effect-a/dark-knight-heavy-combo-with-effect-a6.png","Resources","1560","未被正式场景、预设、构建配置或动态加载路径引用"
"Assets/Resources/pixramen-valley-asset-pack-v2/pixramen-valley-asset-pack-v2/dark-knight/png/4x/dark-knight-heavy-combo-with-effect-a/dark-knight-heavy-combo-with-effect-a7.png","Resources","1566","未被正式场景、预设、构建配置或动态加载路径引用"
"Assets/Resources/pixramen-valley-asset-pack-v2/pixramen-valley-asset-pack-v2/dark-knight/png/4x/dark-knight-heavy-combo-with-effect-a/dark-knight-heavy-combo-with-effect-a8.png","Resources","1863","未被正式场景、预设、构建配置或动态加载路径引用"
"Assets/Resources/pixramen-valley-asset-pack-v2/pixramen-valley-asset-pack-v2/dark-knight/png/4x/dark-knight-heavy-combo-with-effect-a/dark-knight-heavy-combo-with-effect-a9.png","Resources","2101","未被正式场景、预设、构建配置或动态加载路径引用"
"Assets/Resources/pixramen-valley-asset-pack-v2/pixramen-valley-asset-pack-v2/dark-knight/png/4x/dark-knight-heavy-combo-with-effect-b/dark-knight-heavy-combo-with-effect-b1.png","Resources","1500","未被正式场景、预设、构建配置或动态加载路径引用"
"Assets/Resources/pixramen-valley-asset-pack-v2/pixramen-valley-asset-pack-v2/dark-knight/png/4x/dark-knight-heavy-combo-with-effect-b/dark-knight-heavy-combo-with-effect-b10.png","Resources","1442","未被正式场景、预设、构建配置或动态加载路径引用"
"Assets/Resources/pixramen-valley-asset-pack-v2/pixramen-valley-asset-pack-v2/dark-knight/png/4x/dark-knight-heavy-combo-with-effect-b/dark-knight-heavy-combo-with-effect-b2.png","Resources","1606","未被正式场景、预设、构建配置或动态加载路径引用"
"Assets/Resources/pixramen-valley-asset-pack-v2/pixramen-valley-asset-pack-v2/dark-knight/png/4x/dark-knight-heavy-combo-with-effect-b/dark-knight-heavy-combo-with-effect-b3.png","Resources","1691","未被正式场景、预设、构建配置或动态加载路径引用"
"Assets/Resources/pixramen-valley-asset-pack-v2/pixramen-valley-asset-pack-v2/dark-knight/png/4x/dark-knight-heavy-combo-with-effect-b/dark-knight-heavy-combo-with-effect-b4.png","Resources","1783","未被正式场景、预设、构建配置或动态加载路径引用"
"Assets/Resources/pixramen-valley-asset-pack-v2/pixramen-valley-asset-pack-v2/dark-knight/png/4x/dark-knight-heavy-combo-with-effect-b/dark-knight-heavy-combo-with-effect-b5.png","Resources","1574","未被正式场景、预设、构建配置或动态加载路径引用"
"Assets/Resources/pixramen-valley-asset-pack-v2/pixramen-valley-asset-pack-v2/dark-knight/png/4x/dark-knight-heavy-combo-with-effect-b/dark-knight-heavy-combo-with-effect-b6.png","Resources","1879","未被正式场景、预设、构建配置或动态加载路径引用"
"Assets/Resources/pixramen-valley-asset-pack-v2/pixramen-valley-asset-pack-v2/dark-knight/png/4x/dark-knight-heavy-combo-with-effect-b/dark-knight-heavy-combo-with-effect-b7.png","Resources","2114","未被正式场景、预设、构建配置或动态加载路径引用"
"Assets/Resources/pixramen-valley-asset-pack-v2/pixramen-valley-asset-pack-v2/dark-knight/png/4x/dark-knight-heavy-combo-with-effect-b/dark-knight-heavy-combo-with-effect-b8.png","Resources","1984","未被正式场景、预设、构建配置或动态加载路径引用"
"Assets/Resources/pixramen-valley-asset-pack-v2/pixramen-valley-asset-pack-v2/dark-knight/png/4x/dark-knight-heavy-combo-with-effect-b/dark-knight-heavy-combo-with-effect-b9.png","Resources","1742","未被正式场景、预设、构建配置或动态加载路径引用"
"Assets/Resources/pixramen-valley-asset-pack-v2/pixramen-valley-asset-pack-v2/dark-knight/png/4x/dark-knight-heavy-combo-with-effect-c/dark-knight-heavy-combo-with-effect-c1.png","Resources","1393","未被正式场景、预设、构建配置或动态加载路径引用"
"Assets/Resources/pixramen-valley-asset-pack-v2/pixramen-valley-asset-pack-v2/dark-knight/png/4x/dark-knight-heavy-combo-with-effect-c/dark-knight-heavy-combo-with-effect-c10.png","Resources","2371","未被正式场景、预设、构建配置或动态加载路径引用"
"Assets/Resources/pixramen-valley-asset-pack-v2/pixramen-valley-asset-pack-v2/dark-knight/png/4x/dark-knight-heavy-combo-with-effect-c/dark-knight-heavy-combo-with-effect-c11.png","Resources","2094","未被正式场景、预设、构建配置或动态加载路径引用"
"Assets/Resources/pixramen-valley-asset-pack-v2/pixramen-valley-asset-pack-v2/dark-knight/png/4x/dark-knight-heavy-combo-with-effect-c/dark-knight-heavy-combo-with-effect-c12.png","Resources","1417","未被正式场景、预设、构建配置或动态加载路径引用"
"Assets/Resources/pixramen-valley-asset-pack-v2/pixramen-valley-asset-pack-v2/dark-knight/png/4x/dark-knight-heavy-combo-with-effect-c/dark-knight-heavy-combo-with-effect-c13.png","Resources","1390","未被正式场景、预设、构建配置或动态加载路径引用"
"Assets/Resources/pixramen-valley-asset-pack-v2/pixramen-valley-asset-pack-v2/dark-knight/png/4x/dark-knight-heavy-combo-with-effect-c/dark-knight-heavy-combo-with-effect-c2.png","Resources","1357","未被正式场景、预设、构建配置或动态加载路径引用"
"Assets/Resources/pixramen-valley-asset-pack-v2/pixramen-valley-asset-pack-v2/dark-knight/png/4x/dark-knight-heavy-combo-with-effect-c/dark-knight-heavy-combo-with-effect-c3.png","Resources","1510","未被正式场景、预设、构建配置或动态加载路径引用"
"Assets/Resources/pixramen-valley-asset-pack-v2/pixramen-valley-asset-pack-v2/dark-knight/png/4x/dark-knight-heavy-combo-with-effect-c/dark-knight-heavy-combo-with-effect-c4.png","Resources","1915","未被正式场景、预设、构建配置或动态加载路径引用"
"Assets/Resources/pixramen-valley-asset-pack-v2/pixramen-valley-asset-pack-v2/dark-knight/png/4x/dark-knight-heavy-combo-with-effect-c/dark-knight-heavy-combo-with-effect-c5.png","Resources","1987","未被正式场景、预设、构建配置或动态加载路径引用"
"Assets/Resources/pixramen-valley-asset-pack-v2/pixramen-valley-asset-pack-v2/dark-knight/png/4x/dark-knight-heavy-combo-with-effect-c/dark-knight-heavy-combo-with-effect-c6.png","Resources","1732","未被正式场景、预设、构建配置或动态加载路径引用"
"Assets/Resources/pixramen-valley-asset-pack-v2/pixramen-valley-asset-pack-v2/dark-knight/png/4x/dark-knight-heavy-combo-with-effect-c/dark-knight-heavy-combo-with-effect-c7.png","Resources","1670","未被正式场景、预设、构建配置或动态加载路径引用"
"Assets/Resources/pixramen-valley-asset-pack-v2/pixramen-valley-asset-pack-v2/dark-knight/png/4x/dark-knight-heavy-combo-with-effect-c/dark-knight-heavy-combo-with-effect-c8.png","Resources","2570","未被正式场景、预设、构建配置或动态加载路径引用"
"Assets/Resources/pixramen-valley-asset-pack-v2/pixramen-valley-asset-pack-v2/dark-knight/png/4x/dark-knight-heavy-combo-with-effect-c/dark-knight-heavy-combo-with-effect-c9.png","Resources","2915","未被正式场景、预设、构建配置或动态加载路径引用"
"Assets/Resources/pixramen-valley-asset-pack-v2/pixramen-valley-asset-pack-v2/dark-knight/png/4x/dark-knight-idle/dark-knight-idle1.png","Resources","864","未被正式场景、预设、构建配置或动态加载路径引用"
"Assets/Resources/pixramen-valley-asset-pack-v2/pixramen-valley-asset-pack-v2/dark-knight/png/4x/dark-knight-idle/dark-knight-idle2.png","Resources","885","未被正式场景、预设、构建配置或动态加载路径引用"
"Assets/Resources/pixramen-valley-asset-pack-v2/pixramen-valley-asset-pack-v2/dark-knight/png/4x/dark-knight-jump/dark-knight-jump1.png","Resources","863","未被正式场景、预设、构建配置或动态加载路径引用"
"Assets/Resources/pixramen-valley-asset-pack-v2/pixramen-valley-asset-pack-v2/dark-knight/png/4x/dark-knight-jump/dark-knight-jump2.png","Resources","888","未被正式场景、预设、构建配置或动态加载路径引用"
"Assets/Resources/pixramen-valley-asset-pack-v2/pixramen-valley-asset-pack-v2/dark-knight/png/4x/dark-knight-jump/dark-knight-jump3.png","Resources","868","未被正式场景、预设、构建配置或动态加载路径引用"
"Assets/Resources/pixramen-valley-asset-pack-v2/pixramen-valley-asset-pack-v2/dark-knight/png/4x/dark-knight-jump/dark-knight-jump4.png","Resources","868","未被正式场景、预设、构建配置或动态加载路径引用"
"Assets/Resources/pixramen-valley-asset-pack-v2/pixramen-valley-asset-pack-v2/dark-knight/png/4x/dark-knight-jump/dark-knight-jump5.png","Resources","865","未被正式场景、预设、构建配置或动态加载路径引用"
"Assets/Resources/pixramen-valley-asset-pack-v2/pixramen-valley-asset-pack-v2/dark-knight/png/4x/dark-knight-knockback/dark-knight-knockback1.png","Resources","806","未被正式场景、预设、构建配置或动态加载路径引用"
"Assets/Resources/pixramen-valley-asset-pack-v2/pixramen-valley-asset-pack-v2/dark-knight/png/4x/dark-knight-knockback/dark-knight-knockback2.png","Resources","806","未被正式场景、预设、构建配置或动态加载路径引用"
"Assets/Resources/pixramen-valley-asset-pack-v2/pixramen-valley-asset-pack-v2/dark-knight/png/4x/dark-knight-knockback/dark-knight-knockback3.png","Resources","801","未被正式场景、预设、构建配置或动态加载路径引用"
"Assets/Resources/pixramen-valley-asset-pack-v2/pixramen-valley-asset-pack-v2/dark-knight/png/4x/dark-knight-knockback/dark-knight-knockback4.png","Resources","806","未被正式场景、预设、构建配置或动态加载路径引用"
"Assets/Resources/pixramen-valley-asset-pack-v2/pixramen-valley-asset-pack-v2/dark-knight/png/4x/dark-knight-normal-combo-a/dark-knight-normal-combo-a1.png","Resources","835","未被正式场景、预设、构建配置或动态加载路径引用"
"Assets/Resources/pixramen-valley-asset-pack-v2/pixramen-valley-asset-pack-v2/dark-knight/png/4x/dark-knight-normal-combo-a/dark-knight-normal-combo-a2.png","Resources","827","未被正式场景、预设、构建配置或动态加载路径引用"
"Assets/Resources/pixramen-valley-asset-pack-v2/pixramen-valley-asset-pack-v2/dark-knight/png/4x/dark-knight-normal-combo-a/dark-knight-normal-combo-a3.png","Resources","842","未被正式场景、预设、构建配置或动态加载路径引用"
"Assets/Resources/pixramen-valley-asset-pack-v2/pixramen-valley-asset-pack-v2/dark-knight/png/4x/dark-knight-normal-combo-a/dark-knight-normal-combo-a4.png","Resources","920","未被正式场景、预设、构建配置或动态加载路径引用"
"Assets/Resources/pixramen-valley-asset-pack-v2/pixramen-valley-asset-pack-v2/dark-knight/png/4x/dark-knight-normal-combo-a/dark-knight-normal-combo-a5.png","Resources","816","未被正式场景、预设、构建配置或动态加载路径引用"
"Assets/Resources/pixramen-valley-asset-pack-v2/pixramen-valley-asset-pack-v2/dark-knight/png/4x/dark-knight-normal-combo-a/dark-knight-normal-combo-a6.png","Resources","875","未被正式场景、预设、构建配置或动态加载路径引用"
"Assets/Resources/pixramen-valley-asset-pack-v2/pixramen-valley-asset-pack-v2/dark-knight/png/4x/dark-knight-normal-combo-a/dark-knight-normal-combo-a7.png","Resources","840","未被正式场景、预设、构建配置或动态加载路径引用"
"Assets/Resources/pixramen-valley-asset-pack-v2/pixramen-valley-asset-pack-v2/dark-knight/png/4x/dark-knight-normal-combo-a/dark-knight-normal-combo-a8.png","Resources","848","未被正式场景、预设、构建配置或动态加载路径引用"
"Assets/Resources/pixramen-valley-asset-pack-v2/pixramen-valley-asset-pack-v2/dark-knight/png/4x/dark-knight-normal-combo-b/dark-knight-normal-combo-b1.png","Resources","768","未被正式场景、预设、构建配置或动态加载路径引用"
"Assets/Resources/pixramen-valley-asset-pack-v2/pixramen-valley-asset-pack-v2/dark-knight/png/4x/dark-knight-normal-combo-b/dark-knight-normal-combo-b2.png","Resources","861","未被正式场景、预设、构建配置或动态加载路径引用"
"Assets/Resources/pixramen-valley-asset-pack-v2/pixramen-valley-asset-pack-v2/dark-knight/png/4x/dark-knight-normal-combo-b/dark-knight-normal-combo-b3.png","Resources","857","未被正式场景、预设、构建配置或动态加载路径引用"
"Assets/Resources/pixramen-valley-asset-pack-v2/pixramen-valley-asset-pack-v2/dark-knight/png/4x/dark-knight-normal-combo-b/dark-knight-normal-combo-b4.png","Resources","881","未被正式场景、预设、构建配置或动态加载路径引用"
"Assets/Resources/pixramen-valley-asset-pack-v2/pixramen-valley-asset-pack-v2/dark-knight/png/4x/dark-knight-normal-combo-b/dark-knight-normal-combo-b5.png","Resources","846","未被正式场景、预设、构建配置或动态加载路径引用"
"Assets/Resources/pixramen-valley-asset-pack-v2/pixramen-valley-asset-pack-v2/dark-knight/png/4x/dark-knight-normal-combo-b/dark-knight-normal-combo-b6.png","Resources","795","未被正式场景、预设、构建配置或动态加载路径引用"
"Assets/Resources/pixramen-valley-asset-pack-v2/pixramen-valley-asset-pack-v2/dark-knight/png/4x/dark-knight-normal-combo-b/dark-knight-normal-combo-b7.png","Resources","768","未被正式场景、预设、构建配置或动态加载路径引用"
"Assets/Resources/pixramen-valley-asset-pack-v2/pixramen-valley-asset-pack-v2/dark-knight/png/4x/dark-knight-normal-combo-b/dark-knight-normal-combo-b8.png","Resources","754","未被正式场景、预设、构建配置或动态加载路径引用"
"Assets/Resources/pixramen-valley-asset-pack-v2/pixramen-valley-asset-pack-v2/dark-knight/png/4x/dark-knight-normal-combo-c/dark-knight-normal-combo-c1.png","Resources","779","未被正式场景、预设、构建配置或动态加载路径引用"
"Assets/Resources/pixramen-valley-asset-pack-v2/pixramen-valley-asset-pack-v2/dark-knight/png/4x/dark-knight-normal-combo-c/dark-knight-normal-combo-c2.png","Resources","814","未被正式场景、预设、构建配置或动态加载路径引用"
"Assets/Resources/pixramen-valley-asset-pack-v2/pixramen-valley-asset-pack-v2/dark-knight/png/4x/dark-knight-normal-combo-c/dark-knight-normal-combo-c3.png","Resources","904","未被正式场景、预设、构建配置或动态加载路径引用"
"Assets/Resources/pixramen-valley-asset-pack-v2/pixramen-valley-asset-pack-v2/dark-knight/png/4x/dark-knight-normal-combo-c/dark-knight-normal-combo-c4.png","Resources","950","未被正式场景、预设、构建配置或动态加载路径引用"
"Assets/Resources/pixramen-valley-asset-pack-v2/pixramen-valley-asset-pack-v2/dark-knight/png/4x/dark-knight-normal-combo-c/dark-knight-normal-combo-c5.png","Resources","875","未被正式场景、预设、构建配置或动态加载路径引用"
"Assets/Resources/pixramen-valley-asset-pack-v2/pixramen-valley-asset-pack-v2/dark-knight/png/4x/dark-knight-normal-combo-c/dark-knight-normal-combo-c6.png","Resources","845","未被正式场景、预设、构建配置或动态加载路径引用"
"Assets/Resources/pixramen-valley-asset-pack-v2/pixramen-valley-asset-pack-v2/dark-knight/png/4x/dark-knight-normal-combo-c/dark-knight-normal-combo-c7.png","Resources","841","未被正式场景、预设、构建配置或动态加载路径引用"
"Assets/Resources/pixramen-valley-asset-pack-v2/pixramen-valley-asset-pack-v2/dark-knight/png/4x/dark-knight-normal-combo-c/dark-knight-normal-combo-c8.png","Resources","841","未被正式场景、预设、构建配置或动态加载路径引用"
"Assets/Resources/pixramen-valley-asset-pack-v2/pixramen-valley-asset-pack-v2/dark-knight/png/4x/dark-knight-parry/dark-knight-parry1.png","Resources","843","未被正式场景、预设、构建配置或动态加载路径引用"
"Assets/Resources/pixramen-valley-asset-pack-v2/pixramen-valley-asset-pack-v2/dark-knight/png/4x/dark-knight-parry/dark-knight-parry2.png","Resources","1129","未被正式场景、预设、构建配置或动态加载路径引用"
"Assets/Resources/pixramen-valley-asset-pack-v2/pixramen-valley-asset-pack-v2/dark-knight/png/4x/dark-knight-parry/dark-knight-parry3.png","Resources","1033","未被正式场景、预设、构建配置或动态加载路径引用"
"Assets/Resources/pixramen-valley-asset-pack-v2/pixramen-valley-asset-pack-v2/dark-knight/png/4x/dark-knight-parry/dark-knight-parry4.png","Resources","874","未被正式场景、预设、构建配置或动态加载路径引用"
"Assets/Resources/pixramen-valley-asset-pack-v2/pixramen-valley-asset-pack-v2/dark-knight/png/4x/dark-knight-parry/dark-knight-parry5.png","Resources","824","未被正式场景、预设、构建配置或动态加载路径引用"
"Assets/Resources/pixramen-valley-asset-pack-v2/pixramen-valley-asset-pack-v2/dark-knight/png/4x/dark-knight-parry-effect/dark-knight-parry-effect1.png","Resources","844","未被正式场景、预设、构建配置或动态加载路径引用"
"Assets/Resources/pixramen-valley-asset-pack-v2/pixramen-valley-asset-pack-v2/dark-knight/png/4x/dark-knight-parry-effect/dark-knight-parry-effect2.png","Resources","1128","未被正式场景、预设、构建配置或动态加载路径引用"
"Assets/Resources/pixramen-valley-asset-pack-v2/pixramen-valley-asset-pack-v2/dark-knight/png/4x/dark-knight-parry-effect/dark-knight-parry-effect3.png","Resources","1066","未被正式场景、预设、构建配置或动态加载路径引用"
"Assets/Resources/pixramen-valley-asset-pack-v2/pixramen-valley-asset-pack-v2/dark-knight/png/4x/dark-knight-parry-effect/dark-knight-parry-effect4.png","Resources","875","未被正式场景、预设、构建配置或动态加载路径引用"
"Assets/Resources/pixramen-valley-asset-pack-v2/pixramen-valley-asset-pack-v2/dark-knight/png/4x/dark-knight-parry-effect/dark-knight-parry-effect5.png","Resources","825","未被正式场景、预设、构建配置或动态加载路径引用"
"Assets/Resources/pixramen-valley-asset-pack-v2/pixramen-valley-asset-pack-v2/dark-knight/png/4x/dark-knight-parry-with-effect/dark-knight-parry-with-effect1.png","Resources","844","未被正式场景、预设、构建配置或动态加载路径引用"
"Assets/Resources/pixramen-valley-asset-pack-v2/pixramen-valley-asset-pack-v2/dark-knight/png/4x/dark-knight-parry-with-effect/dark-knight-parry-with-effect2.png","Resources","1128","未被正式场景、预设、构建配置或动态加载路径引用"
"Assets/Resources/pixramen-valley-asset-pack-v2/pixramen-valley-asset-pack-v2/dark-knight/png/4x/dark-knight-parry-with-effect/dark-knight-parry-with-effect3.png","Resources","1066","未被正式场景、预设、构建配置或动态加载路径引用"
"Assets/Resources/pixramen-valley-asset-pack-v2/pixramen-valley-asset-pack-v2/dark-knight/png/4x/dark-knight-parry-with-effect/dark-knight-parry-with-effect4.png","Resources","875","未被正式场景、预设、构建配置或动态加载路径引用"
"Assets/Resources/pixramen-valley-asset-pack-v2/pixramen-valley-asset-pack-v2/dark-knight/png/4x/dark-knight-parry-with-effect/dark-knight-parry-with-effect5.png","Resources","825","未被正式场景、预设、构建配置或动态加载路径引用"
"Assets/Resources/pixramen-valley-asset-pack-v2/pixramen-valley-asset-pack-v2/dark-knight/png/4x/dark-knight-prepare-jump/dark-knight-prepare-jump1.png","Resources","754","未被正式场景、预设、构建配置或动态加载路径引用"
"Assets/Resources/pixramen-valley-asset-pack-v2/pixramen-valley-asset-pack-v2/dark-knight/png/4x/dark-knight-prepare-jump/dark-knight-prepare-jump2.png","Resources","816","未被正式场景、预设、构建配置或动态加载路径引用"
"Assets/Resources/pixramen-valley-asset-pack-v2/pixramen-valley-asset-pack-v2/dark-knight/png/4x/dark-knight-run/dark-knight-run1.png","Resources","818","未被正式场景、预设、构建配置或动态加载路径引用"
"Assets/Resources/pixramen-valley-asset-pack-v2/pixramen-valley-asset-pack-v2/dark-knight/png/4x/dark-knight-run/dark-knight-run2.png","Resources","860","未被正式场景、预设、构建配置或动态加载路径引用"
"Assets/Resources/pixramen-valley-asset-pack-v2/pixramen-valley-asset-pack-v2/dark-knight/png/4x/dark-knight-run/dark-knight-run3.png","Resources","846","未被正式场景、预设、构建配置或动态加载路径引用"
"Assets/Resources/pixramen-valley-asset-pack-v2/pixramen-valley-asset-pack-v2/dark-knight/png/4x/dark-knight-run/dark-knight-run4.png","Resources","823","未被正式场景、预设、构建配置或动态加载路径引用"
"Assets/Resources/pixramen-valley-asset-pack-v2/pixramen-valley-asset-pack-v2/dark-knight/png/4x/dark-knight-run/dark-knight-run5.png","Resources","831","未被正式场景、预设、构建配置或动态加载路径引用"
"Assets/Resources/pixramen-valley-asset-pack-v2/pixramen-valley-asset-pack-v2/dark-knight/png/4x/dark-knight-run/dark-knight-run6.png","Resources","873","未被正式场景、预设、构建配置或动态加载路径引用"
"Assets/Resources/pixramen-valley-asset-pack-v2/pixramen-valley-asset-pack-v2/dark-knight/png/4x/dark-knight-run/dark-knight-run7.png","Resources","851","未被正式场景、预设、构建配置或动态加载路径引用"
"Assets/Resources/pixramen-valley-asset-pack-v2/pixramen-valley-asset-pack-v2/dark-knight/png/4x/dark-knight-run/dark-knight-run8.png","Resources","818","未被正式场景、预设、构建配置或动态加载路径引用"
"Assets/Resources/pixramen-valley-asset-pack-v2/pixramen-valley-asset-pack-v2/dark-knight/png/5x/dark-knight-air-combo-a/dark-knight-air-combo-a1.png","Resources","967","未被正式场景、预设、构建配置或动态加载路径引用"
"Assets/Resources/pixramen-valley-asset-pack-v2/pixramen-valley-asset-pack-v2/dark-knight/png/5x/dark-knight-air-combo-a/dark-knight-air-combo-a2.png","Resources","1009","未被正式场景、预设、构建配置或动态加载路径引用"
"Assets/Resources/pixramen-valley-asset-pack-v2/pixramen-valley-asset-pack-v2/dark-knight/png/5x/dark-knight-air-combo-a/dark-knight-air-combo-a3.png","Resources","1016","未被正式场景、预设、构建配置或动态加载路径引用"
"Assets/Resources/pixramen-valley-asset-pack-v2/pixramen-valley-asset-pack-v2/dark-knight/png/5x/dark-knight-air-combo-a/dark-knight-air-combo-a4.png","Resources","1060","未被正式场景、预设、构建配置或动态加载路径引用"
"Assets/Resources/pixramen-valley-asset-pack-v2/pixramen-valley-asset-pack-v2/dark-knight/png/5x/dark-knight-air-combo-a/dark-knight-air-combo-a5.png","Resources","975","未被正式场景、预设、构建配置或动态加载路径引用"
"Assets/Resources/pixramen-valley-asset-pack-v2/pixramen-valley-asset-pack-v2/dark-knight/png/5x/dark-knight-air-combo-a/dark-knight-air-combo-a6.png","Resources","983","未被正式场景、预设、构建配置或动态加载路径引用"
"Assets/Resources/pixramen-valley-asset-pack-v2/pixramen-valley-asset-pack-v2/dark-knight/png/5x/dark-knight-air-combo-a/dark-knight-air-combo-a7.png","Resources","1005","未被正式场景、预设、构建配置或动态加载路径引用"
"Assets/Resources/pixramen-valley-asset-pack-v2/pixramen-valley-asset-pack-v2/dark-knight/png/5x/dark-knight-air-combo-a/dark-knight-air-combo-a8.png","Resources","1015","未被正式场景、预设、构建配置或动态加载路径引用"
"Assets/Resources/pixramen-valley-asset-pack-v2/pixramen-valley-asset-pack-v2/dark-knight/png/5x/dark-knight-air-combo-b/dark-knight-air-combo-b1.png","Resources","1078","未被正式场景、预设、构建配置或动态加载路径引用"
"Assets/Resources/pixramen-valley-asset-pack-v2/pixramen-valley-asset-pack-v2/dark-knight/png/5x/dark-knight-air-combo-b/dark-knight-air-combo-b2.png","Resources","991","未被正式场景、预设、构建配置或动态加载路径引用"
"Assets/Resources/pixramen-valley-asset-pack-v2/pixramen-valley-asset-pack-v2/dark-knight/png/5x/dark-knight-air-combo-b/dark-knight-air-combo-b3.png","Resources","985","未被正式场景、预设、构建配置或动态加载路径引用"
"Assets/Resources/pixramen-valley-asset-pack-v2/pixramen-valley-asset-pack-v2/dark-knight/png/5x/dark-knight-air-combo-b/dark-knight-air-combo-b4.png","Resources","1069","未被正式场景、预设、构建配置或动态加载路径引用"
"Assets/Resources/pixramen-valley-asset-pack-v2/pixramen-valley-asset-pack-v2/dark-knight/png/5x/dark-knight-air-combo-b/dark-knight-air-combo-b5.png","Resources","973","未被正式场景、预设、构建配置或动态加载路径引用"
"Assets/Resources/pixramen-valley-asset-pack-v2/pixramen-valley-asset-pack-v2/dark-knight/png/5x/dark-knight-air-combo-b/dark-knight-air-combo-b6.png","Resources","969","未被正式场景、预设、构建配置或动态加载路径引用"
"Assets/Resources/pixramen-valley-asset-pack-v2/pixramen-valley-asset-pack-v2/dark-knight/png/5x/dark-knight-air-combo-b/dark-knight-air-combo-b7.png","Resources","995","未被正式场景、预设、构建配置或动态加载路径引用"
"Assets/Resources/pixramen-valley-asset-pack-v2/pixramen-valley-asset-pack-v2/dark-knight/png/5x/dark-knight-air-combo-b/dark-knight-air-combo-b8.png","Resources","977","未被正式场景、预设、构建配置或动态加载路径引用"
"Assets/Resources/pixramen-valley-asset-pack-v2/pixramen-valley-asset-pack-v2/dark-knight/png/5x/dark-knight-air-combo-c/dark-knight-air-combo-c1.png","Resources","1008","未被正式场景、预设、构建配置或动态加载路径引用"
"Assets/Resources/pixramen-valley-asset-pack-v2/pixramen-valley-asset-pack-v2/dark-knight/png/5x/dark-knight-air-combo-c/dark-knight-air-combo-c2.png","Resources","1038","未被正式场景、预设、构建配置或动态加载路径引用"
"Assets/Resources/pixramen-valley-asset-pack-v2/pixramen-valley-asset-pack-v2/dark-knight/png/5x/dark-knight-air-combo-c/dark-knight-air-combo-c3.png","Resources","1135","未被正式场景、预设、构建配置或动态加载路径引用"
"Assets/Resources/pixramen-valley-asset-pack-v2/pixramen-valley-asset-pack-v2/dark-knight/png/5x/dark-knight-air-combo-c/dark-knight-air-combo-c4.png","Resources","994","未被正式场景、预设、构建配置或动态加载路径引用"
"Assets/Resources/pixramen-valley-asset-pack-v2/pixramen-valley-asset-pack-v2/dark-knight/png/5x/dark-knight-air-combo-c/dark-knight-air-combo-c5.png","Resources","1001","未被正式场景、预设、构建配置或动态加载路径引用"
"Assets/Resources/pixramen-valley-asset-pack-v2/pixramen-valley-asset-pack-v2/dark-knight/png/5x/dark-knight-air-combo-c/dark-knight-air-combo-c6.png","Resources","1016","未被正式场景、预设、构建配置或动态加载路径引用"
"Assets/Resources/pixramen-valley-asset-pack-v2/pixramen-valley-asset-pack-v2/dark-knight/png/5x/dark-knight-air-combo-c/dark-knight-air-combo-c7.png","Resources","999","未被正式场景、预设、构建配置或动态加载路径引用"
"Assets/Resources/pixramen-valley-asset-pack-v2/pixramen-valley-asset-pack-v2/dark-knight/png/5x/dark-knight-blocking/dark-knight-blocking1.png","Resources","1025","未被正式场景、预设、构建配置或动态加载路径引用"
"Assets/Resources/pixramen-valley-asset-pack-v2/pixramen-valley-asset-pack-v2/dark-knight/png/5x/dark-knight-blocking/dark-knight-blocking2.png","Resources","1008","未被正式场景、预设、构建配置或动态加载路径引用"
"Assets/Resources/pixramen-valley-asset-pack-v2/pixramen-valley-asset-pack-v2/dark-knight/png/5x/dark-knight-climb/dark-knight-climb1.png","Resources","1080","未被正式场景、预设、构建配置或动态加载路径引用"
"Assets/Resources/pixramen-valley-asset-pack-v2/pixramen-valley-asset-pack-v2/dark-knight/png/5x/dark-knight-climb/dark-knight-climb2.png","Resources","1067","未被正式场景、预设、构建配置或动态加载路径引用"
"Assets/Resources/pixramen-valley-asset-pack-v2/pixramen-valley-asset-pack-v2/dark-knight/png/5x/dark-knight-climb/dark-knight-climb3.png","Resources","1053","未被正式场景、预设、构建配置或动态加载路径引用"
"Assets/Resources/pixramen-valley-asset-pack-v2/pixramen-valley-asset-pack-v2/dark-knight/png/5x/dark-knight-climb/dark-knight-climb4.png","Resources","1070","未被正式场景、预设、构建配置或动态加载路径引用"
"Assets/Resources/pixramen-valley-asset-pack-v2/pixramen-valley-asset-pack-v2/dark-knight/png/5x/dark-knight-dash/dark-knight-dash1.png","Resources","1022","未被正式场景、预设、构建配置或动态加载路径引用"
"Assets/Resources/pixramen-valley-asset-pack-v2/pixramen-valley-asset-pack-v2/dark-knight/png/5x/dark-knight-dash/dark-knight-dash2.png","Resources","995","未被正式场景、预设、构建配置或动态加载路径引用"
"Assets/Resources/pixramen-valley-asset-pack-v2/pixramen-valley-asset-pack-v2/dark-knight/png/5x/dark-knight-dash/dark-knight-dash3.png","Resources","996","未被正式场景、预设、构建配置或动态加载路径引用"
"Assets/Resources/pixramen-valley-asset-pack-v2/pixramen-valley-asset-pack-v2/dark-knight/png/5x/dark-knight-dash/dark-knight-dash4.png","Resources","974","未被正式场景、预设、构建配置或动态加载路径引用"
"Assets/Resources/pixramen-valley-asset-pack-v2/pixramen-valley-asset-pack-v2/dark-knight/png/5x/dark-knight-dash/dark-knight-dash5.png","Resources","985","未被正式场景、预设、构建配置或动态加载路径引用"
"Assets/Resources/pixramen-valley-asset-pack-v2/pixramen-valley-asset-pack-v2/dark-knight/png/5x/dark-knight-dead-falling/dark-knight-dead-falling1.png","Resources","886","未被正式场景、预设、构建配置或动态加载路径引用"
"Assets/Resources/pixramen-valley-asset-pack-v2/pixramen-valley-asset-pack-v2/dark-knight/png/5x/dark-knight-dead-falling/dark-knight-dead-falling2.png","Resources","859","未被正式场景、预设、构建配置或动态加载路径引用"
"Assets/Resources/pixramen-valley-asset-pack-v2/pixramen-valley-asset-pack-v2/dark-knight/png/5x/dark-knight-dead-ground/dark-knight-dead-ground1.png","Resources","783","未被正式场景、预设、构建配置或动态加载路径引用"
"Assets/Resources/pixramen-valley-asset-pack-v2/pixramen-valley-asset-pack-v2/dark-knight/png/5x/dark-knight-dead-ground/dark-knight-dead-ground2.png","Resources","788","未被正式场景、预设、构建配置或动态加载路径引用"
"Assets/Resources/pixramen-valley-asset-pack-v2/pixramen-valley-asset-pack-v2/dark-knight/png/5x/dark-knight-dead-ground/dark-knight-dead-ground3.png","Resources","788","未被正式场景、预设、构建配置或动态加载路径引用"
"Assets/Resources/pixramen-valley-asset-pack-v2/pixramen-valley-asset-pack-v2/dark-knight/png/5x/dark-knight-dead-ground/dark-knight-dead-ground4.png","Resources","785","未被正式场景、预设、构建配置或动态加载路径引用"
"Assets/Resources/pixramen-valley-asset-pack-v2/pixramen-valley-asset-pack-v2/dark-knight/png/5x/dark-knight-dead-ground/dark-knight-dead-ground5.png","Resources","783","未被正式场景、预设、构建配置或动态加载路径引用"
"Assets/Resources/pixramen-valley-asset-pack-v2/pixramen-valley-asset-pack-v2/dark-knight/png/5x/dark-knight-drink-blue-potion/dark-knight-drink-blue-potion1.png","Resources","1064","未被正式场景、预设、构建配置或动态加载路径引用"
"Assets/Resources/pixramen-valley-asset-pack-v2/pixramen-valley-asset-pack-v2/dark-knight/png/5x/dark-knight-drink-blue-potion/dark-knight-drink-blue-potion10.png","Resources","1120","未被正式场景、预设、构建配置或动态加载路径引用"
"Assets/Resources/pixramen-valley-asset-pack-v2/pixramen-valley-asset-pack-v2/dark-knight/png/5x/dark-knight-drink-blue-potion/dark-knight-drink-blue-potion11.png","Resources","1102","未被正式场景、预设、构建配置或动态加载路径引用"
"Assets/Resources/pixramen-valley-asset-pack-v2/pixramen-valley-asset-pack-v2/dark-knight/png/5x/dark-knight-drink-blue-potion/dark-knight-drink-blue-potion2.png","Resources","1081","未被正式场景、预设、构建配置或动态加载路径引用"
"Assets/Resources/pixramen-valley-asset-pack-v2/pixramen-valley-asset-pack-v2/dark-knight/png/5x/dark-knight-drink-blue-potion/dark-knight-drink-blue-potion3.png","Resources","1105","未被正式场景、预设、构建配置或动态加载路径引用"
"Assets/Resources/pixramen-valley-asset-pack-v2/pixramen-valley-asset-pack-v2/dark-knight/png/5x/dark-knight-drink-blue-potion/dark-knight-drink-blue-potion4.png","Resources","1129","未被正式场景、预设、构建配置或动态加载路径引用"
"Assets/Resources/pixramen-valley-asset-pack-v2/pixramen-valley-asset-pack-v2/dark-knight/png/5x/dark-knight-drink-blue-potion/dark-knight-drink-blue-potion5.png","Resources","1079","未被正式场景、预设、构建配置或动态加载路径引用"
"Assets/Resources/pixramen-valley-asset-pack-v2/pixramen-valley-asset-pack-v2/dark-knight/png/5x/dark-knight-drink-blue-potion/dark-knight-drink-blue-potion6.png","Resources","992","未被正式场景、预设、构建配置或动态加载路径引用"
"Assets/Resources/pixramen-valley-asset-pack-v2/pixramen-valley-asset-pack-v2/dark-knight/png/5x/dark-knight-drink-blue-potion/dark-knight-drink-blue-potion7.png","Resources","1111","未被正式场景、预设、构建配置或动态加载路径引用"
"Assets/Resources/pixramen-valley-asset-pack-v2/pixramen-valley-asset-pack-v2/dark-knight/png/5x/dark-knight-drink-blue-potion/dark-knight-drink-blue-potion8.png","Resources","1110","未被正式场景、预设、构建配置或动态加载路径引用"
"Assets/Resources/pixramen-valley-asset-pack-v2/pixramen-valley-asset-pack-v2/dark-knight/png/5x/dark-knight-drink-blue-potion/dark-knight-drink-blue-potion9.png","Resources","1114","未被正式场景、预设、构建配置或动态加载路径引用"
"Assets/Resources/pixramen-valley-asset-pack-v2/pixramen-valley-asset-pack-v2/dark-knight/png/5x/dark-knight-drink-green-potion/dark-knight-drink-green-potion1.png","Resources","1064","未被正式场景、预设、构建配置或动态加载路径引用"
"Assets/Resources/pixramen-valley-asset-pack-v2/pixramen-valley-asset-pack-v2/dark-knight/png/5x/dark-knight-drink-green-potion/dark-knight-drink-green-potion10.png","Resources","1146","未被正式场景、预设、构建配置或动态加载路径引用"
"Assets/Resources/pixramen-valley-asset-pack-v2/pixramen-valley-asset-pack-v2/dark-knight/png/5x/dark-knight-drink-green-potion/dark-knight-drink-green-potion11.png","Resources","1102","未被正式场景、预设、构建配置或动态加载路径引用"
"Assets/Resources/pixramen-valley-asset-pack-v2/pixramen-valley-asset-pack-v2/dark-knight/png/5x/dark-knight-drink-green-potion/dark-knight-drink-green-potion2.png","Resources","1081","未被正式场景、预设、构建配置或动态加载路径引用"
"Assets/Resources/pixramen-valley-asset-pack-v2/pixramen-valley-asset-pack-v2/dark-knight/png/5x/dark-knight-drink-green-potion/dark-knight-drink-green-potion3.png","Resources","1105","未被正式场景、预设、构建配置或动态加载路径引用"
"Assets/Resources/pixramen-valley-asset-pack-v2/pixramen-valley-asset-pack-v2/dark-knight/png/5x/dark-knight-drink-green-potion/dark-knight-drink-green-potion4.png","Resources","1129","未被正式场景、预设、构建配置或动态加载路径引用"
"Assets/Resources/pixramen-valley-asset-pack-v2/pixramen-valley-asset-pack-v2/dark-knight/png/5x/dark-knight-drink-green-potion/dark-knight-drink-green-potion5.png","Resources","1079","未被正式场景、预设、构建配置或动态加载路径引用"
"Assets/Resources/pixramen-valley-asset-pack-v2/pixramen-valley-asset-pack-v2/dark-knight/png/5x/dark-knight-drink-green-potion/dark-knight-drink-green-potion6.png","Resources","1021","未被正式场景、预设、构建配置或动态加载路径引用"
"Assets/Resources/pixramen-valley-asset-pack-v2/pixramen-valley-asset-pack-v2/dark-knight/png/5x/dark-knight-drink-green-potion/dark-knight-drink-green-potion7.png","Resources","1131","未被正式场景、预设、构建配置或动态加载路径引用"
"Assets/Resources/pixramen-valley-asset-pack-v2/pixramen-valley-asset-pack-v2/dark-knight/png/5x/dark-knight-drink-green-potion/dark-knight-drink-green-potion8.png","Resources","1127","未被正式场景、预设、构建配置或动态加载路径引用"
"Assets/Resources/pixramen-valley-asset-pack-v2/pixramen-valley-asset-pack-v2/dark-knight/png/5x/dark-knight-drink-green-potion/dark-knight-drink-green-potion9.png","Resources","1114","未被正式场景、预设、构建配置或动态加载路径引用"
"Assets/Resources/pixramen-valley-asset-pack-v2/pixramen-valley-asset-pack-v2/dark-knight/png/5x/dark-knight-drink-red-potion/dark-knight-drink-red-potion1.png","Resources","1064","未被正式场景、预设、构建配置或动态加载路径引用"
"Assets/Resources/pixramen-valley-asset-pack-v2/pixramen-valley-asset-pack-v2/dark-knight/png/5x/dark-knight-drink-red-potion/dark-knight-drink-red-potion10.png","Resources","1130","未被正式场景、预设、构建配置或动态加载路径引用"
"Assets/Resources/pixramen-valley-asset-pack-v2/pixramen-valley-asset-pack-v2/dark-knight/png/5x/dark-knight-drink-red-potion/dark-knight-drink-red-potion11.png","Resources","1102","未被正式场景、预设、构建配置或动态加载路径引用"
"Assets/Resources/pixramen-valley-asset-pack-v2/pixramen-valley-asset-pack-v2/dark-knight/png/5x/dark-knight-drink-red-potion/dark-knight-drink-red-potion2.png","Resources","1081","未被正式场景、预设、构建配置或动态加载路径引用"
"Assets/Resources/pixramen-valley-asset-pack-v2/pixramen-valley-asset-pack-v2/dark-knight/png/5x/dark-knight-drink-red-potion/dark-knight-drink-red-potion3.png","Resources","1105","未被正式场景、预设、构建配置或动态加载路径引用"
"Assets/Resources/pixramen-valley-asset-pack-v2/pixramen-valley-asset-pack-v2/dark-knight/png/5x/dark-knight-drink-red-potion/dark-knight-drink-red-potion4.png","Resources","1129","未被正式场景、预设、构建配置或动态加载路径引用"
"Assets/Resources/pixramen-valley-asset-pack-v2/pixramen-valley-asset-pack-v2/dark-knight/png/5x/dark-knight-drink-red-potion/dark-knight-drink-red-potion5.png","Resources","1079","未被正式场景、预设、构建配置或动态加载路径引用"
"Assets/Resources/pixramen-valley-asset-pack-v2/pixramen-valley-asset-pack-v2/dark-knight/png/5x/dark-knight-drink-red-potion/dark-knight-drink-red-potion6.png","Resources","1030","未被正式场景、预设、构建配置或动态加载路径引用"
"Assets/Resources/pixramen-valley-asset-pack-v2/pixramen-valley-asset-pack-v2/dark-knight/png/5x/dark-knight-drink-red-potion/dark-knight-drink-red-potion7.png","Resources","1128","未被正式场景、预设、构建配置或动态加载路径引用"
"Assets/Resources/pixramen-valley-asset-pack-v2/pixramen-valley-asset-pack-v2/dark-knight/png/5x/dark-knight-drink-red-potion/dark-knight-drink-red-potion8.png","Resources","1123","未被正式场景、预设、构建配置或动态加载路径引用"
"Assets/Resources/pixramen-valley-asset-pack-v2/pixramen-valley-asset-pack-v2/dark-knight/png/5x/dark-knight-drink-red-potion/dark-knight-drink-red-potion9.png","Resources","1120","未被正式场景、预设、构建配置或动态加载路径引用"
"Assets/Resources/pixramen-valley-asset-pack-v2/pixramen-valley-asset-pack-v2/dark-knight/png/5x/dark-knight-falling/dark-knight-falling1.png","Resources","1068","未被正式场景、预设、构建配置或动态加载路径引用"
"Assets/Resources/pixramen-valley-asset-pack-v2/pixramen-valley-asset-pack-v2/dark-knight/png/5x/dark-knight-falling/dark-knight-falling2.png","Resources","1049","未被正式场景、预设、构建配置或动态加载路径引用"
"Assets/Resources/pixramen-valley-asset-pack-v2/pixramen-valley-asset-pack-v2/dark-knight/png/5x/dark-knight-falling/dark-knight-falling3.png","Resources","1038","未被正式场景、预设、构建配置或动态加载路径引用"
"Assets/Resources/pixramen-valley-asset-pack-v2/pixramen-valley-asset-pack-v2/dark-knight/png/5x/dark-knight-falling/dark-knight-falling4.png","Resources","1049","未被正式场景、预设、构建配置或动态加载路径引用"
"Assets/Resources/pixramen-valley-asset-pack-v2/pixramen-valley-asset-pack-v2/dark-knight/png/5x/dark-knight-fall-recovery/dark-knight-fall-recovery1.png","Resources","930","未被正式场景、预设、构建配置或动态加载路径引用"
"Assets/Resources/pixramen-valley-asset-pack-v2/pixramen-valley-asset-pack-v2/dark-knight/png/5x/dark-knight-fall-recovery/dark-knight-fall-recovery2.png","Resources","1007","未被正式场景、预设、构建配置或动态加载路径引用"
"Assets/Resources/pixramen-valley-asset-pack-v2/pixramen-valley-asset-pack-v2/dark-knight/png/5x/dark-knight-heavy-combo-a/dark-knight-heavy-combo-a1.png","Resources","2101","未被正式场景、预设、构建配置或动态加载路径引用"
"Assets/Resources/pixramen-valley-asset-pack-v2/pixramen-valley-asset-pack-v2/dark-knight/png/5x/dark-knight-heavy-combo-a/dark-knight-heavy-combo-a10.png","Resources","2579","未被正式场景、预设、构建配置或动态加载路径引用"
"Assets/Resources/pixramen-valley-asset-pack-v2/pixramen-valley-asset-pack-v2/dark-knight/png/5x/dark-knight-heavy-combo-a/dark-knight-heavy-combo-a11.png","Resources","2286","未被正式场景、预设、构建配置或动态加载路径引用"
"Assets/Resources/pixramen-valley-asset-pack-v2/pixramen-valley-asset-pack-v2/dark-knight/png/5x/dark-knight-heavy-combo-a/dark-knight-heavy-combo-a12.png","Resources","2013","未被正式场景、预设、构建配置或动态加载路径引用"
"Assets/Resources/pixramen-valley-asset-pack-v2/pixramen-valley-asset-pack-v2/dark-knight/png/5x/dark-knight-heavy-combo-a/dark-knight-heavy-combo-a2.png","Resources","2222","未被正式场景、预设、构建配置或动态加载路径引用"
"Assets/Resources/pixramen-valley-asset-pack-v2/pixramen-valley-asset-pack-v2/dark-knight/png/5x/dark-knight-heavy-combo-a/dark-knight-heavy-combo-a3.png","Resources","2227","未被正式场景、预设、构建配置或动态加载路径引用"
"Assets/Resources/pixramen-valley-asset-pack-v2/pixramen-valley-asset-pack-v2/dark-knight/png/5x/dark-knight-heavy-combo-a/dark-knight-heavy-combo-a4.png","Resources","2281","未被正式场景、预设、构建配置或动态加载路径引用"
"Assets/Resources/pixramen-valley-asset-pack-v2/pixramen-valley-asset-pack-v2/dark-knight/png/5x/dark-knight-heavy-combo-a/dark-knight-heavy-combo-a5.png","Resources","2251","未被正式场景、预设、构建配置或动态加载路径引用"
"Assets/Resources/pixramen-valley-asset-pack-v2/pixramen-valley-asset-pack-v2/dark-knight/png/5x/dark-knight-heavy-combo-a/dark-knight-heavy-combo-a6.png","Resources","2197","未被正式场景、预设、构建配置或动态加载路径引用"
"Assets/Resources/pixramen-valley-asset-pack-v2/pixramen-valley-asset-pack-v2/dark-knight/png/5x/dark-knight-heavy-combo-a/dark-knight-heavy-combo-a7.png","Resources","2202","未被正式场景、预设、构建配置或动态加载路径引用"
"Assets/Resources/pixramen-valley-asset-pack-v2/pixramen-valley-asset-pack-v2/dark-knight/png/5x/dark-knight-heavy-combo-a/dark-knight-heavy-combo-a8.png","Resources","2519","未被正式场景、预设、构建配置或动态加载路径引用"
"Assets/Resources/pixramen-valley-asset-pack-v2/pixramen-valley-asset-pack-v2/dark-knight/png/5x/dark-knight-heavy-combo-a/dark-knight-heavy-combo-a9.png","Resources","2783","未被正式场景、预设、构建配置或动态加载路径引用"
"Assets/Resources/pixramen-valley-asset-pack-v2/pixramen-valley-asset-pack-v2/dark-knight/png/5x/dark-knight-heavy-combo-a-effect/dark-knight-heavy-combo-a-effect1.png","Resources","1690","未被正式场景、预设、构建配置或动态加载路径引用"
"Assets/Resources/pixramen-valley-asset-pack-v2/pixramen-valley-asset-pack-v2/dark-knight/png/5x/dark-knight-heavy-combo-a-effect/dark-knight-heavy-combo-a-effect2.png","Resources","2287","未被正式场景、预设、构建配置或动态加载路径引用"
"Assets/Resources/pixramen-valley-asset-pack-v2/pixramen-valley-asset-pack-v2/dark-knight/png/5x/dark-knight-heavy-combo-a-effect/dark-knight-heavy-combo-a-effect3.png","Resources","2471","未被正式场景、预设、构建配置或动态加载路径引用"
"Assets/Resources/pixramen-valley-asset-pack-v2/pixramen-valley-asset-pack-v2/dark-knight/png/5x/dark-knight-heavy-combo-a-effect/dark-knight-heavy-combo-a-effect4.png","Resources","2202","未被正式场景、预设、构建配置或动态加载路径引用"
"Assets/Resources/pixramen-valley-asset-pack-v2/pixramen-valley-asset-pack-v2/dark-knight/png/5x/dark-knight-heavy-combo-b/dark-knight-heavy-combo-b1.png","Resources","2119","未被正式场景、预设、构建配置或动态加载路径引用"
"Assets/Resources/pixramen-valley-asset-pack-v2/pixramen-valley-asset-pack-v2/dark-knight/png/5x/dark-knight-heavy-combo-b/dark-knight-heavy-combo-b10.png","Resources","2060","未被正式场景、预设、构建配置或动态加载路径引用"
"Assets/Resources/pixramen-valley-asset-pack-v2/pixramen-valley-asset-pack-v2/dark-knight/png/5x/dark-knight-heavy-combo-b/dark-knight-heavy-combo-b2.png","Resources","2220","未被正式场景、预设、构建配置或动态加载路径引用"
"Assets/Resources/pixramen-valley-asset-pack-v2/pixramen-valley-asset-pack-v2/dark-knight/png/5x/dark-knight-heavy-combo-b/dark-knight-heavy-combo-b3.png","Resources","2350","未被正式场景、预设、构建配置或动态加载路径引用"
"Assets/Resources/pixramen-valley-asset-pack-v2/pixramen-valley-asset-pack-v2/dark-knight/png/5x/dark-knight-heavy-combo-b/dark-knight-heavy-combo-b4.png","Resources","2439","未被正式场景、预设、构建配置或动态加载路径引用"
"Assets/Resources/pixramen-valley-asset-pack-v2/pixramen-valley-asset-pack-v2/dark-knight/png/5x/dark-knight-heavy-combo-b/dark-knight-heavy-combo-b5.png","Resources","2210","未被正式场景、预设、构建配置或动态加载路径引用"
"Assets/Resources/pixramen-valley-asset-pack-v2/pixramen-valley-asset-pack-v2/dark-knight/png/5x/dark-knight-heavy-combo-b/dark-knight-heavy-combo-b6.png","Resources","2571","未被正式场景、预设、构建配置或动态加载路径引用"
"Assets/Resources/pixramen-valley-asset-pack-v2/pixramen-valley-asset-pack-v2/dark-knight/png/5x/dark-knight-heavy-combo-b/dark-knight-heavy-combo-b7.png","Resources","2800","未被正式场景、预设、构建配置或动态加载路径引用"
"Assets/Resources/pixramen-valley-asset-pack-v2/pixramen-valley-asset-pack-v2/dark-knight/png/5x/dark-knight-heavy-combo-b/dark-knight-heavy-combo-b8.png","Resources","2662","未被正式场景、预设、构建配置或动态加载路径引用"
"Assets/Resources/pixramen-valley-asset-pack-v2/pixramen-valley-asset-pack-v2/dark-knight/png/5x/dark-knight-heavy-combo-b/dark-knight-heavy-combo-b9.png","Resources","2405","未被正式场景、预设、构建配置或动态加载路径引用"
"Assets/Resources/pixramen-valley-asset-pack-v2/pixramen-valley-asset-pack-v2/dark-knight/png/5x/dark-knight-heavy-combo-b-effect/dark-knight-heavy-combo-b-effect1.png","Resources","2145","未被正式场景、预设、构建配置或动态加载路径引用"
"Assets/Resources/pixramen-valley-asset-pack-v2/pixramen-valley-asset-pack-v2/dark-knight/png/5x/dark-knight-heavy-combo-b-effect/dark-knight-heavy-combo-b-effect2.png","Resources","2444","未被正式场景、预设、构建配置或动态加载路径引用"
"Assets/Resources/pixramen-valley-asset-pack-v2/pixramen-valley-asset-pack-v2/dark-knight/png/5x/dark-knight-heavy-combo-b-effect/dark-knight-heavy-combo-b-effect3.png","Resources","2271","未被正式场景、预设、构建配置或动态加载路径引用"
"Assets/Resources/pixramen-valley-asset-pack-v2/pixramen-valley-asset-pack-v2/dark-knight/png/5x/dark-knight-heavy-combo-b-effect/dark-knight-heavy-combo-b-effect4.png","Resources","2053","未被正式场景、预设、构建配置或动态加载路径引用"
"Assets/Resources/pixramen-valley-asset-pack-v2/pixramen-valley-asset-pack-v2/dark-knight/png/5x/dark-knight-heavy-combo-c/dark-knight-heavy-combo-c1.png","Resources","1991","未被正式场景、预设、构建配置或动态加载路径引用"
"Assets/Resources/pixramen-valley-asset-pack-v2/pixramen-valley-asset-pack-v2/dark-knight/png/5x/dark-knight-heavy-combo-c/dark-knight-heavy-combo-c10.png","Resources","3106","未被正式场景、预设、构建配置或动态加载路径引用"
"Assets/Resources/pixramen-valley-asset-pack-v2/pixramen-valley-asset-pack-v2/dark-knight/png/5x/dark-knight-heavy-combo-c/dark-knight-heavy-combo-c11.png","Resources","2808","未被正式场景、预设、构建配置或动态加载路径引用"
"Assets/Resources/pixramen-valley-asset-pack-v2/pixramen-valley-asset-pack-v2/dark-knight/png/5x/dark-knight-heavy-combo-c/dark-knight-heavy-combo-c12.png","Resources","1996","未被正式场景、预设、构建配置或动态加载路径引用"
"Assets/Resources/pixramen-valley-asset-pack-v2/pixramen-valley-asset-pack-v2/dark-knight/png/5x/dark-knight-heavy-combo-c/dark-knight-heavy-combo-c13.png","Resources","1969","未被正式场景、预设、构建配置或动态加载路径引用"
"Assets/Resources/pixramen-valley-asset-pack-v2/pixramen-valley-asset-pack-v2/dark-knight/png/5x/dark-knight-heavy-combo-c/dark-knight-heavy-combo-c2.png","Resources","1936","未被正式场景、预设、构建配置或动态加载路径引用"
"Assets/Resources/pixramen-valley-asset-pack-v2/pixramen-valley-asset-pack-v2/dark-knight/png/5x/dark-knight-heavy-combo-c/dark-knight-heavy-combo-c3.png","Resources","2115","未被正式场景、预设、构建配置或动态加载路径引用"
"Assets/Resources/pixramen-valley-asset-pack-v2/pixramen-valley-asset-pack-v2/dark-knight/png/5x/dark-knight-heavy-combo-c/dark-knight-heavy-combo-c4.png","Resources","2606","未被正式场景、预设、构建配置或动态加载路径引用"
"Assets/Resources/pixramen-valley-asset-pack-v2/pixramen-valley-asset-pack-v2/dark-knight/png/5x/dark-knight-heavy-combo-c/dark-knight-heavy-combo-c5.png","Resources","2705","未被正式场景、预设、构建配置或动态加载路径引用"
"Assets/Resources/pixramen-valley-asset-pack-v2/pixramen-valley-asset-pack-v2/dark-knight/png/5x/dark-knight-heavy-combo-c/dark-knight-heavy-combo-c6.png","Resources","2380","未被正式场景、预设、构建配置或动态加载路径引用"
"Assets/Resources/pixramen-valley-asset-pack-v2/pixramen-valley-asset-pack-v2/dark-knight/png/5x/dark-knight-heavy-combo-c/dark-knight-heavy-combo-c7.png","Resources","2317","未被正式场景、预设、构建配置或动态加载路径引用"
"Assets/Resources/pixramen-valley-asset-pack-v2/pixramen-valley-asset-pack-v2/dark-knight/png/5x/dark-knight-heavy-combo-c/dark-knight-heavy-combo-c8.png","Resources","3401","未被正式场景、预设、构建配置或动态加载路径引用"
"Assets/Resources/pixramen-valley-asset-pack-v2/pixramen-valley-asset-pack-v2/dark-knight/png/5x/dark-knight-heavy-combo-c/dark-knight-heavy-combo-c9.png","Resources","3682","未被正式场景、预设、构建配置或动态加载路径引用"
"Assets/Resources/pixramen-valley-asset-pack-v2/pixramen-valley-asset-pack-v2/dark-knight/png/5x/dark-knight-heavy-combo-c-effect/dark-knight-heavy-combo-c-effect1.png","Resources","3062","未被正式场景、预设、构建配置或动态加载路径引用"
"Assets/Resources/pixramen-valley-asset-pack-v2/pixramen-valley-asset-pack-v2/dark-knight/png/5x/dark-knight-heavy-combo-c-effect/dark-knight-heavy-combo-c-effect2.png","Resources","3356","未被正式场景、预设、构建配置或动态加载路径引用"
"Assets/Resources/pixramen-valley-asset-pack-v2/pixramen-valley-asset-pack-v2/dark-knight/png/5x/dark-knight-heavy-combo-c-effect/dark-knight-heavy-combo-c-effect3.png","Resources","2801","未被正式场景、预设、构建配置或动态加载路径引用"
"Assets/Resources/pixramen-valley-asset-pack-v2/pixramen-valley-asset-pack-v2/dark-knight/png/5x/dark-knight-heavy-combo-c-effect/dark-knight-heavy-combo-c-effect4.png","Resources","2475","未被正式场景、预设、构建配置或动态加载路径引用"
"Assets/Resources/pixramen-valley-asset-pack-v2/pixramen-valley-asset-pack-v2/dark-knight/png/5x/dark-knight-heavy-combo-c-effect/dark-knight-heavy-combo-c-effect5.png","Resources","1659","未被正式场景、预设、构建配置或动态加载路径引用"
"Assets/Resources/pixramen-valley-asset-pack-v2/pixramen-valley-asset-pack-v2/dark-knight/png/5x/dark-knight-heavy-combo-leap-effect-a/dark-knight-heavy-combo-leap-effect-a1.png","Resources","1673","未被正式场景、预设、构建配置或动态加载路径引用"
"Assets/Resources/pixramen-valley-asset-pack-v2/pixramen-valley-asset-pack-v2/dark-knight/png/5x/dark-knight-heavy-combo-leap-effect-a/dark-knight-heavy-combo-leap-effect-a2.png","Resources","1739","未被正式场景、预设、构建配置或动态加载路径引用"
"Assets/Resources/pixramen-valley-asset-pack-v2/pixramen-valley-asset-pack-v2/dark-knight/png/5x/dark-knight-heavy-combo-leap-effect-a/dark-knight-heavy-combo-leap-effect-a3.png","Resources","1764","未被正式场景、预设、构建配置或动态加载路径引用"
"Assets/Resources/pixramen-valley-asset-pack-v2/pixramen-valley-asset-pack-v2/dark-knight/png/5x/dark-knight-heavy-combo-leap-effect-a/dark-knight-heavy-combo-leap-effect-a4.png","Resources","1713","未被正式场景、预设、构建配置或动态加载路径引用"
"Assets/Resources/pixramen-valley-asset-pack-v2/pixramen-valley-asset-pack-v2/dark-knight/png/5x/dark-knight-heavy-combo-leap-effect-b/dark-knight-heavy-combo-leap-effect-b1.png","Resources","1699","未被正式场景、预设、构建配置或动态加载路径引用"
"Assets/Resources/pixramen-valley-asset-pack-v2/pixramen-valley-asset-pack-v2/dark-knight/png/5x/dark-knight-heavy-combo-leap-effect-b/dark-knight-heavy-combo-leap-effect-b2.png","Resources","1803","未被正式场景、预设、构建配置或动态加载路径引用"
"Assets/Resources/pixramen-valley-asset-pack-v2/pixramen-valley-asset-pack-v2/dark-knight/png/5x/dark-knight-heavy-combo-leap-effect-b/dark-knight-heavy-combo-leap-effect-b3.png","Resources","1827","未被正式场景、预设、构建配置或动态加载路径引用"
"Assets/Resources/pixramen-valley-asset-pack-v2/pixramen-valley-asset-pack-v2/dark-knight/png/5x/dark-knight-heavy-combo-leap-effect-c/dark-knight-heavy-combo-leap-effect-c1.png","Resources","1706","未被正式场景、预设、构建配置或动态加载路径引用"
"Assets/Resources/pixramen-valley-asset-pack-v2/pixramen-valley-asset-pack-v2/dark-knight/png/5x/dark-knight-heavy-combo-leap-effect-c/dark-knight-heavy-combo-leap-effect-c2.png","Resources","1846","未被正式场景、预设、构建配置或动态加载路径引用"
"Assets/Resources/pixramen-valley-asset-pack-v2/pixramen-valley-asset-pack-v2/dark-knight/png/5x/dark-knight-heavy-combo-leap-effect-c/dark-knight-heavy-combo-leap-effect-c3.png","Resources","1833","未被正式场景、预设、构建配置或动态加载路径引用"
"Assets/Resources/pixramen-valley-asset-pack-v2/pixramen-valley-asset-pack-v2/dark-knight/png/5x/dark-knight-heavy-combo-with-effect-a/dark-knight-heavy-combo-with-effect-a1.png","Resources","2101","未被正式场景、预设、构建配置或动态加载路径引用"
"Assets/Resources/pixramen-valley-asset-pack-v2/pixramen-valley-asset-pack-v2/dark-knight/png/5x/dark-knight-heavy-combo-with-effect-a/dark-knight-heavy-combo-with-effect-a10.png","Resources","2579","未被正式场景、预设、构建配置或动态加载路径引用"
"Assets/Resources/pixramen-valley-asset-pack-v2/pixramen-valley-asset-pack-v2/dark-knight/png/5x/dark-knight-heavy-combo-with-effect-a/dark-knight-heavy-combo-with-effect-a11.png","Resources","2286","未被正式场景、预设、构建配置或动态加载路径引用"
"Assets/Resources/pixramen-valley-asset-pack-v2/pixramen-valley-asset-pack-v2/dark-knight/png/5x/dark-knight-heavy-combo-with-effect-a/dark-knight-heavy-combo-with-effect-a12.png","Resources","2013","未被正式场景、预设、构建配置或动态加载路径引用"
"Assets/Resources/pixramen-valley-asset-pack-v2/pixramen-valley-asset-pack-v2/dark-knight/png/5x/dark-knight-heavy-combo-with-effect-a/dark-knight-heavy-combo-with-effect-a2.png","Resources","2222","未被正式场景、预设、构建配置或动态加载路径引用"
"Assets/Resources/pixramen-valley-asset-pack-v2/pixramen-valley-asset-pack-v2/dark-knight/png/5x/dark-knight-heavy-combo-with-effect-a/dark-knight-heavy-combo-with-effect-a3.png","Resources","2227","未被正式场景、预设、构建配置或动态加载路径引用"
"Assets/Resources/pixramen-valley-asset-pack-v2/pixramen-valley-asset-pack-v2/dark-knight/png/5x/dark-knight-heavy-combo-with-effect-a/dark-knight-heavy-combo-with-effect-a4.png","Resources","2281","未被正式场景、预设、构建配置或动态加载路径引用"
"Assets/Resources/pixramen-valley-asset-pack-v2/pixramen-valley-asset-pack-v2/dark-knight/png/5x/dark-knight-heavy-combo-with-effect-a/dark-knight-heavy-combo-with-effect-a5.png","Resources","2251","未被正式场景、预设、构建配置或动态加载路径引用"
"Assets/Resources/pixramen-valley-asset-pack-v2/pixramen-valley-asset-pack-v2/dark-knight/png/5x/dark-knight-heavy-combo-with-effect-a/dark-knight-heavy-combo-with-effect-a6.png","Resources","2197","未被正式场景、预设、构建配置或动态加载路径引用"
"Assets/Resources/pixramen-valley-asset-pack-v2/pixramen-valley-asset-pack-v2/dark-knight/png/5x/dark-knight-heavy-combo-with-effect-a/dark-knight-heavy-combo-with-effect-a7.png","Resources","2202","未被正式场景、预设、构建配置或动态加载路径引用"
"Assets/Resources/pixramen-valley-asset-pack-v2/pixramen-valley-asset-pack-v2/dark-knight/png/5x/dark-knight-heavy-combo-with-effect-a/dark-knight-heavy-combo-with-effect-a8.png","Resources","2519","未被正式场景、预设、构建配置或动态加载路径引用"
"Assets/Resources/pixramen-valley-asset-pack-v2/pixramen-valley-asset-pack-v2/dark-knight/png/5x/dark-knight-heavy-combo-with-effect-a/dark-knight-heavy-combo-with-effect-a9.png","Resources","2783","未被正式场景、预设、构建配置或动态加载路径引用"
"Assets/Resources/pixramen-valley-asset-pack-v2/pixramen-valley-asset-pack-v2/dark-knight/png/5x/dark-knight-heavy-combo-with-effect-b/dark-knight-heavy-combo-with-effect-b1.png","Resources","2119","未被正式场景、预设、构建配置或动态加载路径引用"
"Assets/Resources/pixramen-valley-asset-pack-v2/pixramen-valley-asset-pack-v2/dark-knight/png/5x/dark-knight-heavy-combo-with-effect-b/dark-knight-heavy-combo-with-effect-b10.png","Resources","2060","未被正式场景、预设、构建配置或动态加载路径引用"
"Assets/Resources/pixramen-valley-asset-pack-v2/pixramen-valley-asset-pack-v2/dark-knight/png/5x/dark-knight-heavy-combo-with-effect-b/dark-knight-heavy-combo-with-effect-b2.png","Resources","2220","未被正式场景、预设、构建配置或动态加载路径引用"
"Assets/Resources/pixramen-valley-asset-pack-v2/pixramen-valley-asset-pack-v2/dark-knight/png/5x/dark-knight-heavy-combo-with-effect-b/dark-knight-heavy-combo-with-effect-b3.png","Resources","2350","未被正式场景、预设、构建配置或动态加载路径引用"
"Assets/Resources/pixramen-valley-asset-pack-v2/pixramen-valley-asset-pack-v2/dark-knight/png/5x/dark-knight-heavy-combo-with-effect-b/dark-knight-heavy-combo-with-effect-b4.png","Resources","2439","未被正式场景、预设、构建配置或动态加载路径引用"
"Assets/Resources/pixramen-valley-asset-pack-v2/pixramen-valley-asset-pack-v2/dark-knight/png/5x/dark-knight-heavy-combo-with-effect-b/dark-knight-heavy-combo-with-effect-b5.png","Resources","2210","未被正式场景、预设、构建配置或动态加载路径引用"
"Assets/Resources/pixramen-valley-asset-pack-v2/pixramen-valley-asset-pack-v2/dark-knight/png/5x/dark-knight-heavy-combo-with-effect-b/dark-knight-heavy-combo-with-effect-b6.png","Resources","2571","未被正式场景、预设、构建配置或动态加载路径引用"
"Assets/Resources/pixramen-valley-asset-pack-v2/pixramen-valley-asset-pack-v2/dark-knight/png/5x/dark-knight-heavy-combo-with-effect-b/dark-knight-heavy-combo-with-effect-b7.png","Resources","2800","未被正式场景、预设、构建配置或动态加载路径引用"
"Assets/Resources/pixramen-valley-asset-pack-v2/pixramen-valley-asset-pack-v2/dark-knight/png/5x/dark-knight-heavy-combo-with-effect-b/dark-knight-heavy-combo-with-effect-b8.png","Resources","2662","未被正式场景、预设、构建配置或动态加载路径引用"
"Assets/Resources/pixramen-valley-asset-pack-v2/pixramen-valley-asset-pack-v2/dark-knight/png/5x/dark-knight-heavy-combo-with-effect-b/dark-knight-heavy-combo-with-effect-b9.png","Resources","2405","未被正式场景、预设、构建配置或动态加载路径引用"
"Assets/Resources/pixramen-valley-asset-pack-v2/pixramen-valley-asset-pack-v2/dark-knight/png/5x/dark-knight-heavy-combo-with-effect-c/dark-knight-heavy-combo-with-effect-c1.png","Resources","1991","未被正式场景、预设、构建配置或动态加载路径引用"
"Assets/Resources/pixramen-valley-asset-pack-v2/pixramen-valley-asset-pack-v2/dark-knight/png/5x/dark-knight-heavy-combo-with-effect-c/dark-knight-heavy-combo-with-effect-c10.png","Resources","3106","未被正式场景、预设、构建配置或动态加载路径引用"
"Assets/Resources/pixramen-valley-asset-pack-v2/pixramen-valley-asset-pack-v2/dark-knight/png/5x/dark-knight-heavy-combo-with-effect-c/dark-knight-heavy-combo-with-effect-c11.png","Resources","2808","未被正式场景、预设、构建配置或动态加载路径引用"
"Assets/Resources/pixramen-valley-asset-pack-v2/pixramen-valley-asset-pack-v2/dark-knight/png/5x/dark-knight-heavy-combo-with-effect-c/dark-knight-heavy-combo-with-effect-c12.png","Resources","1996","未被正式场景、预设、构建配置或动态加载路径引用"
"Assets/Resources/pixramen-valley-asset-pack-v2/pixramen-valley-asset-pack-v2/dark-knight/png/5x/dark-knight-heavy-combo-with-effect-c/dark-knight-heavy-combo-with-effect-c13.png","Resources","1969","未被正式场景、预设、构建配置或动态加载路径引用"
"Assets/Resources/pixramen-valley-asset-pack-v2/pixramen-valley-asset-pack-v2/dark-knight/png/5x/dark-knight-heavy-combo-with-effect-c/dark-knight-heavy-combo-with-effect-c2.png","Resources","1936","未被正式场景、预设、构建配置或动态加载路径引用"
"Assets/Resources/pixramen-valley-asset-pack-v2/pixramen-valley-asset-pack-v2/dark-knight/png/5x/dark-knight-heavy-combo-with-effect-c/dark-knight-heavy-combo-with-effect-c3.png","Resources","2115","未被正式场景、预设、构建配置或动态加载路径引用"
"Assets/Resources/pixramen-valley-asset-pack-v2/pixramen-valley-asset-pack-v2/dark-knight/png/5x/dark-knight-heavy-combo-with-effect-c/dark-knight-heavy-combo-with-effect-c4.png","Resources","2606","未被正式场景、预设、构建配置或动态加载路径引用"
"Assets/Resources/pixramen-valley-asset-pack-v2/pixramen-valley-asset-pack-v2/dark-knight/png/5x/dark-knight-heavy-combo-with-effect-c/dark-knight-heavy-combo-with-effect-c5.png","Resources","2705","未被正式场景、预设、构建配置或动态加载路径引用"
"Assets/Resources/pixramen-valley-asset-pack-v2/pixramen-valley-asset-pack-v2/dark-knight/png/5x/dark-knight-heavy-combo-with-effect-c/dark-knight-heavy-combo-with-effect-c6.png","Resources","2380","未被正式场景、预设、构建配置或动态加载路径引用"
"Assets/Resources/pixramen-valley-asset-pack-v2/pixramen-valley-asset-pack-v2/dark-knight/png/5x/dark-knight-heavy-combo-with-effect-c/dark-knight-heavy-combo-with-effect-c7.png","Resources","2317","未被正式场景、预设、构建配置或动态加载路径引用"
"Assets/Resources/pixramen-valley-asset-pack-v2/pixramen-valley-asset-pack-v2/dark-knight/png/5x/dark-knight-heavy-combo-with-effect-c/dark-knight-heavy-combo-with-effect-c8.png","Resources","3401","未被正式场景、预设、构建配置或动态加载路径引用"
"Assets/Resources/pixramen-valley-asset-pack-v2/pixramen-valley-asset-pack-v2/dark-knight/png/5x/dark-knight-heavy-combo-with-effect-c/dark-knight-heavy-combo-with-effect-c9.png","Resources","3682","未被正式场景、预设、构建配置或动态加载路径引用"
"Assets/Resources/pixramen-valley-asset-pack-v2/pixramen-valley-asset-pack-v2/dark-knight/png/5x/dark-knight-idle/dark-knight-idle1.png","Resources","1064","未被正式场景、预设、构建配置或动态加载路径引用"
"Assets/Resources/pixramen-valley-asset-pack-v2/pixramen-valley-asset-pack-v2/dark-knight/png/5x/dark-knight-idle/dark-knight-idle2.png","Resources","1086","未被正式场景、预设、构建配置或动态加载路径引用"
"Assets/Resources/pixramen-valley-asset-pack-v2/pixramen-valley-asset-pack-v2/dark-knight/png/5x/dark-knight-jump/dark-knight-jump1.png","Resources","1064","未被正式场景、预设、构建配置或动态加载路径引用"
"Assets/Resources/pixramen-valley-asset-pack-v2/pixramen-valley-asset-pack-v2/dark-knight/png/5x/dark-knight-jump/dark-knight-jump2.png","Resources","1081","未被正式场景、预设、构建配置或动态加载路径引用"
"Assets/Resources/pixramen-valley-asset-pack-v2/pixramen-valley-asset-pack-v2/dark-knight/png/5x/dark-knight-jump/dark-knight-jump3.png","Resources","1060","未被正式场景、预设、构建配置或动态加载路径引用"
"Assets/Resources/pixramen-valley-asset-pack-v2/pixramen-valley-asset-pack-v2/dark-knight/png/5x/dark-knight-jump/dark-knight-jump4.png","Resources","1061","未被正式场景、预设、构建配置或动态加载路径引用"
"Assets/Resources/pixramen-valley-asset-pack-v2/pixramen-valley-asset-pack-v2/dark-knight/png/5x/dark-knight-jump/dark-knight-jump5.png","Resources","1060","未被正式场景、预设、构建配置或动态加载路径引用"
"Assets/Resources/pixramen-valley-asset-pack-v2/pixramen-valley-asset-pack-v2/dark-knight/png/5x/dark-knight-knockback/dark-knight-knockback1.png","Resources","1001","未被正式场景、预设、构建配置或动态加载路径引用"
"Assets/Resources/pixramen-valley-asset-pack-v2/pixramen-valley-asset-pack-v2/dark-knight/png/5x/dark-knight-knockback/dark-knight-knockback2.png","Resources","1002","未被正式场景、预设、构建配置或动态加载路径引用"
"Assets/Resources/pixramen-valley-asset-pack-v2/pixramen-valley-asset-pack-v2/dark-knight/png/5x/dark-knight-knockback/dark-knight-knockback3.png","Resources","1003","未被正式场景、预设、构建配置或动态加载路径引用"
"Assets/Resources/pixramen-valley-asset-pack-v2/pixramen-valley-asset-pack-v2/dark-knight/png/5x/dark-knight-knockback/dark-knight-knockback4.png","Resources","1000","未被正式场景、预设、构建配置或动态加载路径引用"
"Assets/Resources/pixramen-valley-asset-pack-v2/pixramen-valley-asset-pack-v2/dark-knight/png/5x/dark-knight-normal-combo-a/dark-knight-normal-combo-a1.png","Resources","1026","未被正式场景、预设、构建配置或动态加载路径引用"
"Assets/Resources/pixramen-valley-asset-pack-v2/pixramen-valley-asset-pack-v2/dark-knight/png/5x/dark-knight-normal-combo-a/dark-knight-normal-combo-a2.png","Resources","1016","未被正式场景、预设、构建配置或动态加载路径引用"
"Assets/Resources/pixramen-valley-asset-pack-v2/pixramen-valley-asset-pack-v2/dark-knight/png/5x/dark-knight-normal-combo-a/dark-knight-normal-combo-a3.png","Resources","1036","未被正式场景、预设、构建配置或动态加载路径引用"
"Assets/Resources/pixramen-valley-asset-pack-v2/pixramen-valley-asset-pack-v2/dark-knight/png/5x/dark-knight-normal-combo-a/dark-knight-normal-combo-a4.png","Resources","1103","未被正式场景、预设、构建配置或动态加载路径引用"
"Assets/Resources/pixramen-valley-asset-pack-v2/pixramen-valley-asset-pack-v2/dark-knight/png/5x/dark-knight-normal-combo-a/dark-knight-normal-combo-a5.png","Resources","1016","未被正式场景、预设、构建配置或动态加载路径引用"
"Assets/Resources/pixramen-valley-asset-pack-v2/pixramen-valley-asset-pack-v2/dark-knight/png/5x/dark-knight-normal-combo-a/dark-knight-normal-combo-a6.png","Resources","1072","未被正式场景、预设、构建配置或动态加载路径引用"
"Assets/Resources/pixramen-valley-asset-pack-v2/pixramen-valley-asset-pack-v2/dark-knight/png/5x/dark-knight-normal-combo-a/dark-knight-normal-combo-a7.png","Resources","1040","未被正式场景、预设、构建配置或动态加载路径引用"
"Assets/Resources/pixramen-valley-asset-pack-v2/pixramen-valley-asset-pack-v2/dark-knight/png/5x/dark-knight-normal-combo-a/dark-knight-normal-combo-a8.png","Resources","1046","未被正式场景、预设、构建配置或动态加载路径引用"
"Assets/Resources/pixramen-valley-asset-pack-v2/pixramen-valley-asset-pack-v2/dark-knight/png/5x/dark-knight-normal-combo-b/dark-knight-normal-combo-b1.png","Resources","965","未被正式场景、预设、构建配置或动态加载路径引用"
"Assets/Resources/pixramen-valley-asset-pack-v2/pixramen-valley-asset-pack-v2/dark-knight/png/5x/dark-knight-normal-combo-b/dark-knight-normal-combo-b2.png","Resources","1055","未被正式场景、预设、构建配置或动态加载路径引用"
"Assets/Resources/pixramen-valley-asset-pack-v2/pixramen-valley-asset-pack-v2/dark-knight/png/5x/dark-knight-normal-combo-b/dark-knight-normal-combo-b3.png","Resources","1053","未被正式场景、预设、构建配置或动态加载路径引用"
"Assets/Resources/pixramen-valley-asset-pack-v2/pixramen-valley-asset-pack-v2/dark-knight/png/5x/dark-knight-normal-combo-b/dark-knight-normal-combo-b4.png","Resources","1071","未被正式场景、预设、构建配置或动态加载路径引用"
"Assets/Resources/pixramen-valley-asset-pack-v2/pixramen-valley-asset-pack-v2/dark-knight/png/5x/dark-knight-normal-combo-b/dark-knight-normal-combo-b5.png","Resources","1052","未被正式场景、预设、构建配置或动态加载路径引用"
"Assets/Resources/pixramen-valley-asset-pack-v2/pixramen-valley-asset-pack-v2/dark-knight/png/5x/dark-knight-normal-combo-b/dark-knight-normal-combo-b6.png","Resources","991","未被正式场景、预设、构建配置或动态加载路径引用"
"Assets/Resources/pixramen-valley-asset-pack-v2/pixramen-valley-asset-pack-v2/dark-knight/png/5x/dark-knight-normal-combo-b/dark-knight-normal-combo-b7.png","Resources","957","未被正式场景、预设、构建配置或动态加载路径引用"
"Assets/Resources/pixramen-valley-asset-pack-v2/pixramen-valley-asset-pack-v2/dark-knight/png/5x/dark-knight-normal-combo-b/dark-knight-normal-combo-b8.png","Resources","949","未被正式场景、预设、构建配置或动态加载路径引用"
"Assets/Resources/pixramen-valley-asset-pack-v2/pixramen-valley-asset-pack-v2/dark-knight/png/5x/dark-knight-normal-combo-c/dark-knight-normal-combo-c1.png","Resources","972","未被正式场景、预设、构建配置或动态加载路径引用"
"Assets/Resources/pixramen-valley-asset-pack-v2/pixramen-valley-asset-pack-v2/dark-knight/png/5x/dark-knight-normal-combo-c/dark-knight-normal-combo-c2.png","Resources","1002","未被正式场景、预设、构建配置或动态加载路径引用"
"Assets/Resources/pixramen-valley-asset-pack-v2/pixramen-valley-asset-pack-v2/dark-knight/png/5x/dark-knight-normal-combo-c/dark-knight-normal-combo-c3.png","Resources","1096","未被正式场景、预设、构建配置或动态加载路径引用"
"Assets/Resources/pixramen-valley-asset-pack-v2/pixramen-valley-asset-pack-v2/dark-knight/png/5x/dark-knight-normal-combo-c/dark-knight-normal-combo-c4.png","Resources","1149","未被正式场景、预设、构建配置或动态加载路径引用"
"Assets/Resources/pixramen-valley-asset-pack-v2/pixramen-valley-asset-pack-v2/dark-knight/png/5x/dark-knight-normal-combo-c/dark-knight-normal-combo-c5.png","Resources","1069","未被正式场景、预设、构建配置或动态加载路径引用"
"Assets/Resources/pixramen-valley-asset-pack-v2/pixramen-valley-asset-pack-v2/dark-knight/png/5x/dark-knight-normal-combo-c/dark-knight-normal-combo-c6.png","Resources","1034","未被正式场景、预设、构建配置或动态加载路径引用"
"Assets/Resources/pixramen-valley-asset-pack-v2/pixramen-valley-asset-pack-v2/dark-knight/png/5x/dark-knight-normal-combo-c/dark-knight-normal-combo-c7.png","Resources","1024","未被正式场景、预设、构建配置或动态加载路径引用"
"Assets/Resources/pixramen-valley-asset-pack-v2/pixramen-valley-asset-pack-v2/dark-knight/png/5x/dark-knight-normal-combo-c/dark-knight-normal-combo-c8.png","Resources","1024","未被正式场景、预设、构建配置或动态加载路径引用"
"Assets/Resources/pixramen-valley-asset-pack-v2/pixramen-valley-asset-pack-v2/dark-knight/png/5x/dark-knight-parry/dark-knight-parry1.png","Resources","1039","未被正式场景、预设、构建配置或动态加载路径引用"
"Assets/Resources/pixramen-valley-asset-pack-v2/pixramen-valley-asset-pack-v2/dark-knight/png/5x/dark-knight-parry/dark-knight-parry2.png","Resources","1351","未被正式场景、预设、构建配置或动态加载路径引用"
"Assets/Resources/pixramen-valley-asset-pack-v2/pixramen-valley-asset-pack-v2/dark-knight/png/5x/dark-knight-parry/dark-knight-parry3.png","Resources","1236","未被正式场景、预设、构建配置或动态加载路径引用"
"Assets/Resources/pixramen-valley-asset-pack-v2/pixramen-valley-asset-pack-v2/dark-knight/png/5x/dark-knight-parry/dark-knight-parry4.png","Resources","1071","未被正式场景、预设、构建配置或动态加载路径引用"
"Assets/Resources/pixramen-valley-asset-pack-v2/pixramen-valley-asset-pack-v2/dark-knight/png/5x/dark-knight-parry/dark-knight-parry5.png","Resources","1023","未被正式场景、预设、构建配置或动态加载路径引用"
"Assets/Resources/pixramen-valley-asset-pack-v2/pixramen-valley-asset-pack-v2/dark-knight/png/5x/dark-knight-parry-effect/dark-knight-parry-effect1.png","Resources","1040","未被正式场景、预设、构建配置或动态加载路径引用"
"Assets/Resources/pixramen-valley-asset-pack-v2/pixramen-valley-asset-pack-v2/dark-knight/png/5x/dark-knight-parry-effect/dark-knight-parry-effect2.png","Resources","1347","未被正式场景、预设、构建配置或动态加载路径引用"
"Assets/Resources/pixramen-valley-asset-pack-v2/pixramen-valley-asset-pack-v2/dark-knight/png/5x/dark-knight-parry-effect/dark-knight-parry-effect3.png","Resources","1273","未被正式场景、预设、构建配置或动态加载路径引用"
"Assets/Resources/pixramen-valley-asset-pack-v2/pixramen-valley-asset-pack-v2/dark-knight/png/5x/dark-knight-parry-effect/dark-knight-parry-effect4.png","Resources","1071","未被正式场景、预设、构建配置或动态加载路径引用"
"Assets/Resources/pixramen-valley-asset-pack-v2/pixramen-valley-asset-pack-v2/dark-knight/png/5x/dark-knight-parry-effect/dark-knight-parry-effect5.png","Resources","1023","未被正式场景、预设、构建配置或动态加载路径引用"
"Assets/Resources/pixramen-valley-asset-pack-v2/pixramen-valley-asset-pack-v2/dark-knight/png/5x/dark-knight-parry-with-effect/dark-knight-parry-with-effect1.png","Resources","1040","未被正式场景、预设、构建配置或动态加载路径引用"
"Assets/Resources/pixramen-valley-asset-pack-v2/pixramen-valley-asset-pack-v2/dark-knight/png/5x/dark-knight-parry-with-effect/dark-knight-parry-with-effect2.png","Resources","1347","未被正式场景、预设、构建配置或动态加载路径引用"
"Assets/Resources/pixramen-valley-asset-pack-v2/pixramen-valley-asset-pack-v2/dark-knight/png/5x/dark-knight-parry-with-effect/dark-knight-parry-with-effect3.png","Resources","1273","未被正式场景、预设、构建配置或动态加载路径引用"
"Assets/Resources/pixramen-valley-asset-pack-v2/pixramen-valley-asset-pack-v2/dark-knight/png/5x/dark-knight-parry-with-effect/dark-knight-parry-with-effect4.png","Resources","1071","未被正式场景、预设、构建配置或动态加载路径引用"
"Assets/Resources/pixramen-valley-asset-pack-v2/pixramen-valley-asset-pack-v2/dark-knight/png/5x/dark-knight-parry-with-effect/dark-knight-parry-with-effect5.png","Resources","1023","未被正式场景、预设、构建配置或动态加载路径引用"
"Assets/Resources/pixramen-valley-asset-pack-v2/pixramen-valley-asset-pack-v2/dark-knight/png/5x/dark-knight-prepare-jump/dark-knight-prepare-jump1.png","Resources","930","未被正式场景、预设、构建配置或动态加载路径引用"
"Assets/Resources/pixramen-valley-asset-pack-v2/pixramen-valley-asset-pack-v2/dark-knight/png/5x/dark-knight-prepare-jump/dark-knight-prepare-jump2.png","Resources","1007","未被正式场景、预设、构建配置或动态加载路径引用"
"Assets/Resources/pixramen-valley-asset-pack-v2/pixramen-valley-asset-pack-v2/dark-knight/png/5x/dark-knight-run/dark-knight-run1.png","Resources","1005","未被正式场景、预设、构建配置或动态加载路径引用"
"Assets/Resources/pixramen-valley-asset-pack-v2/pixramen-valley-asset-pack-v2/dark-knight/png/5x/dark-knight-run/dark-knight-run2.png","Resources","1053","未被正式场景、预设、构建配置或动态加载路径引用"
"Assets/Resources/pixramen-valley-asset-pack-v2/pixramen-valley-asset-pack-v2/dark-knight/png/5x/dark-knight-run/dark-knight-run3.png","Resources","1051","未被正式场景、预设、构建配置或动态加载路径引用"
"Assets/Resources/pixramen-valley-asset-pack-v2/pixramen-valley-asset-pack-v2/dark-knight/png/5x/dark-knight-run/dark-knight-run4.png","Resources","1015","未被正式场景、预设、构建配置或动态加载路径引用"
"Assets/Resources/pixramen-valley-asset-pack-v2/pixramen-valley-asset-pack-v2/dark-knight/png/5x/dark-knight-run/dark-knight-run5.png","Resources","1017","未被正式场景、预设、构建配置或动态加载路径引用"
"Assets/Resources/pixramen-valley-asset-pack-v2/pixramen-valley-asset-pack-v2/dark-knight/png/5x/dark-knight-run/dark-knight-run6.png","Resources","1075","未被正式场景、预设、构建配置或动态加载路径引用"
"Assets/Resources/pixramen-valley-asset-pack-v2/pixramen-valley-asset-pack-v2/dark-knight/png/5x/dark-knight-run/dark-knight-run7.png","Resources","1057","未被正式场景、预设、构建配置或动态加载路径引用"
"Assets/Resources/pixramen-valley-asset-pack-v2/pixramen-valley-asset-pack-v2/dark-knight/png/5x/dark-knight-run/dark-knight-run8.png","Resources","1009","未被正式场景、预设、构建配置或动态加载路径引用"
"Assets/Resources/pixramen-valley-asset-pack-v2/pixramen-valley-asset-pack-v2/dark-knight/spritesheets/1x/dark-knight-air-combo-a.png","Resources","1417","未被正式场景、预设、构建配置或动态加载路径引用"
"Assets/Resources/pixramen-valley-asset-pack-v2/pixramen-valley-asset-pack-v2/dark-knight/spritesheets/1x/dark-knight-air-combo-b.png","Resources","1422","未被正式场景、预设、构建配置或动态加载路径引用"
"Assets/Resources/pixramen-valley-asset-pack-v2/pixramen-valley-asset-pack-v2/dark-knight/spritesheets/1x/dark-knight-air-combo-c.png","Resources","1260","未被正式场景、预设、构建配置或动态加载路径引用"
"Assets/Resources/pixramen-valley-asset-pack-v2/pixramen-valley-asset-pack-v2/dark-knight/spritesheets/1x/dark-knight-blocking.png","Resources","498","未被正式场景、预设、构建配置或动态加载路径引用"
"Assets/Resources/pixramen-valley-asset-pack-v2/pixramen-valley-asset-pack-v2/dark-knight/spritesheets/1x/dark-knight-climb.png","Resources","769","未被正式场景、预设、构建配置或动态加载路径引用"
"Assets/Resources/pixramen-valley-asset-pack-v2/pixramen-valley-asset-pack-v2/dark-knight/spritesheets/1x/dark-knight-dash.png","Resources","875","未被正式场景、预设、构建配置或动态加载路径引用"
"Assets/Resources/pixramen-valley-asset-pack-v2/pixramen-valley-asset-pack-v2/dark-knight/spritesheets/1x/dark-knight-dead-falling.png","Resources","403","未被正式场景、预设、构建配置或动态加载路径引用"
"Assets/Resources/pixramen-valley-asset-pack-v2/pixramen-valley-asset-pack-v2/dark-knight/spritesheets/1x/dark-knight-dead-ground.png","Resources","542","未被正式场景、预设、构建配置或动态加载路径引用"
"Assets/Resources/pixramen-valley-asset-pack-v2/pixramen-valley-asset-pack-v2/dark-knight/spritesheets/1x/dark-knight-drink-blue-potion.png","Resources","1943","未被正式场景、预设、构建配置或动态加载路径引用"
"Assets/Resources/pixramen-valley-asset-pack-v2/pixramen-valley-asset-pack-v2/dark-knight/spritesheets/1x/dark-knight-drink-green-potion.png","Resources","2050","未被正式场景、预设、构建配置或动态加载路径引用"
"Assets/Resources/pixramen-valley-asset-pack-v2/pixramen-valley-asset-pack-v2/dark-knight/spritesheets/1x/dark-knight-drink-red-potion.png","Resources","2002","未被正式场景、预设、构建配置或动态加载路径引用"
"Assets/Resources/pixramen-valley-asset-pack-v2/pixramen-valley-asset-pack-v2/dark-knight/spritesheets/1x/dark-knight-falling.png","Resources","757","未被正式场景、预设、构建配置或动态加载路径引用"
"Assets/Resources/pixramen-valley-asset-pack-v2/pixramen-valley-asset-pack-v2/dark-knight/spritesheets/1x/dark-knight-fall-recovery.png","Resources","487","未被正式场景、预设、构建配置或动态加载路径引用"
"Assets/Resources/pixramen-valley-asset-pack-v2/pixramen-valley-asset-pack-v2/dark-knight/spritesheets/1x/dark-knight-heavy-combo-a.png","Resources","3690","未被正式场景、预设、构建配置或动态加载路径引用"
"Assets/Resources/pixramen-valley-asset-pack-v2/pixramen-valley-asset-pack-v2/dark-knight/spritesheets/1x/dark-knight-heavy-combo-a-effect.png","Resources","1246","未被正式场景、预设、构建配置或动态加载路径引用"
"Assets/Resources/pixramen-valley-asset-pack-v2/pixramen-valley-asset-pack-v2/dark-knight/spritesheets/1x/dark-knight-heavy-combo-b.png","Resources","3695","未被正式场景、预设、构建配置或动态加载路径引用"
"Assets/Resources/pixramen-valley-asset-pack-v2/pixramen-valley-asset-pack-v2/dark-knight/spritesheets/1x/dark-knight-heavy-combo-b-effect.png","Resources","1287","未被正式场景、预设、构建配置或动态加载路径引用"
"Assets/Resources/pixramen-valley-asset-pack-v2/pixramen-valley-asset-pack-v2/dark-knight/spritesheets/1x/dark-knight-heavy-combo-c.png","Resources","5654","未被正式场景、预设、构建配置或动态加载路径引用"
"Assets/Resources/pixramen-valley-asset-pack-v2/pixramen-valley-asset-pack-v2/dark-knight/spritesheets/1x/dark-knight-heavy-combo-c-effect.png","Resources","2499","未被正式场景、预设、构建配置或动态加载路径引用"
"Assets/Resources/pixramen-valley-asset-pack-v2/pixramen-valley-asset-pack-v2/dark-knight/spritesheets/1x/dark-knight-heavy-combo-leap-effect-a.png","Resources","495","未被正式场景、预设、构建配置或动态加载路径引用"
"Assets/Resources/pixramen-valley-asset-pack-v2/pixramen-valley-asset-pack-v2/dark-knight/spritesheets/1x/dark-knight-heavy-combo-leap-effect-b.png","Resources","462","未被正式场景、预设、构建配置或动态加载路径引用"
"Assets/Resources/pixramen-valley-asset-pack-v2/pixramen-valley-asset-pack-v2/dark-knight/spritesheets/1x/dark-knight-heavy-combo-leap-effect-c.png","Resources","489","未被正式场景、预设、构建配置或动态加载路径引用"
"Assets/Resources/pixramen-valley-asset-pack-v2/pixramen-valley-asset-pack-v2/dark-knight/spritesheets/1x/dark-knight-heavy-combo-with-effect-a.png","Resources","3690","未被正式场景、预设、构建配置或动态加载路径引用"
"Assets/Resources/pixramen-valley-asset-pack-v2/pixramen-valley-asset-pack-v2/dark-knight/spritesheets/1x/dark-knight-heavy-combo-with-effect-b.png","Resources","3695","未被正式场景、预设、构建配置或动态加载路径引用"
"Assets/Resources/pixramen-valley-asset-pack-v2/pixramen-valley-asset-pack-v2/dark-knight/spritesheets/1x/dark-knight-heavy-combo-with-effect-c.png","Resources","5654","未被正式场景、预设、构建配置或动态加载路径引用"
"Assets/Resources/pixramen-valley-asset-pack-v2/pixramen-valley-asset-pack-v2/dark-knight/spritesheets/1x/dark-knight-idle.png","Resources","561","未被正式场景、预设、构建配置或动态加载路径引用"
"Assets/Resources/pixramen-valley-asset-pack-v2/pixramen-valley-asset-pack-v2/dark-knight/spritesheets/1x/dark-knight-jump.png","Resources","767","未被正式场景、预设、构建配置或动态加载路径引用"
"Assets/Resources/pixramen-valley-asset-pack-v2/pixramen-valley-asset-pack-v2/dark-knight/spritesheets/1x/dark-knight-knockback.png","Resources","596","未被正式场景、预设、构建配置或动态加载路径引用"
"Assets/Resources/pixramen-valley-asset-pack-v2/pixramen-valley-asset-pack-v2/dark-knight/spritesheets/1x/dark-knight-normal-combo-a.png","Resources","1506","未被正式场景、预设、构建配置或动态加载路径引用"
"Assets/Resources/pixramen-valley-asset-pack-v2/pixramen-valley-asset-pack-v2/dark-knight/spritesheets/1x/dark-knight-normal-combo-b.png","Resources","1480","未被正式场景、预设、构建配置或动态加载路径引用"
"Assets/Resources/pixramen-valley-asset-pack-v2/pixramen-valley-asset-pack-v2/dark-knight/spritesheets/1x/dark-knight-normal-combo-c.png","Resources","1423","未被正式场景、预设、构建配置或动态加载路径引用"
"Assets/Resources/pixramen-valley-asset-pack-v2/pixramen-valley-asset-pack-v2/dark-knight/spritesheets/1x/dark-knight-parry.png","Resources","1160","未被正式场景、预设、构建配置或动态加载路径引用"
"Assets/Resources/pixramen-valley-asset-pack-v2/pixramen-valley-asset-pack-v2/dark-knight/spritesheets/1x/dark-knight-parry-effect.png","Resources","1181","未被正式场景、预设、构建配置或动态加载路径引用"
"Assets/Resources/pixramen-valley-asset-pack-v2/pixramen-valley-asset-pack-v2/dark-knight/spritesheets/1x/dark-knight-parry-with-effect.png","Resources","1181","未被正式场景、预设、构建配置或动态加载路径引用"
"Assets/Resources/pixramen-valley-asset-pack-v2/pixramen-valley-asset-pack-v2/dark-knight/spritesheets/1x/dark-knight-prepare-jump.png","Resources","487","未被正式场景、预设、构建配置或动态加载路径引用"
"Assets/Resources/pixramen-valley-asset-pack-v2/pixramen-valley-asset-pack-v2/dark-knight/spritesheets/1x/dark-knight-run.png","Resources","1193","未被正式场景、预设、构建配置或动态加载路径引用"
"Assets/Resources/pixramen-valley-asset-pack-v2/pixramen-valley-asset-pack-v2/dark-knight/spritesheets/2x/dark-knight-air-combo-a.png","Resources","1952","未被正式场景、预设、构建配置或动态加载路径引用"
"Assets/Resources/pixramen-valley-asset-pack-v2/pixramen-valley-asset-pack-v2/dark-knight/spritesheets/2x/dark-knight-air-combo-b.png","Resources","1967","未被正式场景、预设、构建配置或动态加载路径引用"
"Assets/Resources/pixramen-valley-asset-pack-v2/pixramen-valley-asset-pack-v2/dark-knight/spritesheets/2x/dark-knight-air-combo-c.png","Resources","1771","未被正式场景、预设、构建配置或动态加载路径引用"
"Assets/Resources/pixramen-valley-asset-pack-v2/pixramen-valley-asset-pack-v2/dark-knight/spritesheets/2x/dark-knight-blocking.png","Resources","701","未被正式场景、预设、构建配置或动态加载路径引用"
"Assets/Resources/pixramen-valley-asset-pack-v2/pixramen-valley-asset-pack-v2/dark-knight/spritesheets/2x/dark-knight-climb.png","Resources","1112","未被正式场景、预设、构建配置或动态加载路径引用"
"Assets/Resources/pixramen-valley-asset-pack-v2/pixramen-valley-asset-pack-v2/dark-knight/spritesheets/2x/dark-knight-dash.png","Resources","1200","未被正式场景、预设、构建配置或动态加载路径引用"
"Assets/Resources/pixramen-valley-asset-pack-v2/pixramen-valley-asset-pack-v2/dark-knight/spritesheets/2x/dark-knight-dead-falling.png","Resources","570","未被正式场景、预设、构建配置或动态加载路径引用"
"Assets/Resources/pixramen-valley-asset-pack-v2/pixramen-valley-asset-pack-v2/dark-knight/spritesheets/2x/dark-knight-dead-ground.png","Resources","880","未被正式场景、预设、构建配置或动态加载路径引用"
"Assets/Resources/pixramen-valley-asset-pack-v2/pixramen-valley-asset-pack-v2/dark-knight/spritesheets/2x/dark-knight-drink-blue-potion.png","Resources","2855","未被正式场景、预设、构建配置或动态加载路径引用"
"Assets/Resources/pixramen-valley-asset-pack-v2/pixramen-valley-asset-pack-v2/dark-knight/spritesheets/2x/dark-knight-drink-green-potion.png","Resources","2936","未被正式场景、预设、构建配置或动态加载路径引用"
"Assets/Resources/pixramen-valley-asset-pack-v2/pixramen-valley-asset-pack-v2/dark-knight/spritesheets/2x/dark-knight-drink-red-potion.png","Resources","2917","未被正式场景、预设、构建配置或动态加载路径引用"
"Assets/Resources/pixramen-valley-asset-pack-v2/pixramen-valley-asset-pack-v2/dark-knight/spritesheets/2x/dark-knight-falling.png","Resources","1054","未被正式场景、预设、构建配置或动态加载路径引用"
"Assets/Resources/pixramen-valley-asset-pack-v2/pixramen-valley-asset-pack-v2/dark-knight/spritesheets/2x/dark-knight-fall-recovery.png","Resources","631","未被正式场景、预设、构建配置或动态加载路径引用"
"Assets/Resources/pixramen-valley-asset-pack-v2/pixramen-valley-asset-pack-v2/dark-knight/spritesheets/2x/dark-knight-heavy-combo-a.png","Resources","7344","未被正式场景、预设、构建配置或动态加载路径引用"
"Assets/Resources/pixramen-valley-asset-pack-v2/pixramen-valley-asset-pack-v2/dark-knight/spritesheets/2x/dark-knight-heavy-combo-a-effect.png","Resources","2220","未被正式场景、预设、构建配置或动态加载路径引用"
"Assets/Resources/pixramen-valley-asset-pack-v2/pixramen-valley-asset-pack-v2/dark-knight/spritesheets/2x/dark-knight-heavy-combo-b.png","Resources","6699","未被正式场景、预设、构建配置或动态加载路径引用"
"Assets/Resources/pixramen-valley-asset-pack-v2/pixramen-valley-asset-pack-v2/dark-knight/spritesheets/2x/dark-knight-heavy-combo-b-effect.png","Resources","2238","未被正式场景、预设、构建配置或动态加载路径引用"
"Assets/Resources/pixramen-valley-asset-pack-v2/pixramen-valley-asset-pack-v2/dark-knight/spritesheets/2x/dark-knight-heavy-combo-c.png","Resources","10297","未被正式场景、预设、构建配置或动态加载路径引用"
"Assets/Resources/pixramen-valley-asset-pack-v2/pixramen-valley-asset-pack-v2/dark-knight/spritesheets/2x/dark-knight-heavy-combo-c-effect.png","Resources","3989","未被正式场景、预设、构建配置或动态加载路径引用"
"Assets/Resources/pixramen-valley-asset-pack-v2/pixramen-valley-asset-pack-v2/dark-knight/spritesheets/2x/dark-knight-heavy-combo-leap-effect-a.png","Resources","1274","未被正式场景、预设、构建配置或动态加载路径引用"
"Assets/Resources/pixramen-valley-asset-pack-v2/pixramen-valley-asset-pack-v2/dark-knight/spritesheets/2x/dark-knight-heavy-combo-leap-effect-b.png","Resources","1054","未被正式场景、预设、构建配置或动态加载路径引用"
"Assets/Resources/pixramen-valley-asset-pack-v2/pixramen-valley-asset-pack-v2/dark-knight/spritesheets/2x/dark-knight-heavy-combo-leap-effect-c.png","Resources","1109","未被正式场景、预设、构建配置或动态加载路径引用"
"Assets/Resources/pixramen-valley-asset-pack-v2/pixramen-valley-asset-pack-v2/dark-knight/spritesheets/2x/dark-knight-heavy-combo-with-effect-a.png","Resources","7344","未被正式场景、预设、构建配置或动态加载路径引用"
"Assets/Resources/pixramen-valley-asset-pack-v2/pixramen-valley-asset-pack-v2/dark-knight/spritesheets/2x/dark-knight-heavy-combo-with-effect-b.png","Resources","6699","未被正式场景、预设、构建配置或动态加载路径引用"
"Assets/Resources/pixramen-valley-asset-pack-v2/pixramen-valley-asset-pack-v2/dark-knight/spritesheets/2x/dark-knight-heavy-combo-with-effect-c.png","Resources","10297","未被正式场景、预设、构建配置或动态加载路径引用"
"Assets/Resources/pixramen-valley-asset-pack-v2/pixramen-valley-asset-pack-v2/dark-knight/spritesheets/2x/dark-knight-idle.png","Resources","734","未被正式场景、预设、构建配置或动态加载路径引用"
"Assets/Resources/pixramen-valley-asset-pack-v2/pixramen-valley-asset-pack-v2/dark-knight/spritesheets/2x/dark-knight-jump.png","Resources","1163","未被正式场景、预设、构建配置或动态加载路径引用"
"Assets/Resources/pixramen-valley-asset-pack-v2/pixramen-valley-asset-pack-v2/dark-knight/spritesheets/2x/dark-knight-knockback.png","Resources","888","未被正式场景、预设、构建配置或动态加载路径引用"
"Assets/Resources/pixramen-valley-asset-pack-v2/pixramen-valley-asset-pack-v2/dark-knight/spritesheets/2x/dark-knight-normal-combo-a.png","Resources","2102","未被正式场景、预设、构建配置或动态加载路径引用"
"Assets/Resources/pixramen-valley-asset-pack-v2/pixramen-valley-asset-pack-v2/dark-knight/spritesheets/2x/dark-knight-normal-combo-b.png","Resources","1975","未被正式场景、预设、构建配置或动态加载路径引用"
"Assets/Resources/pixramen-valley-asset-pack-v2/pixramen-valley-asset-pack-v2/dark-knight/spritesheets/2x/dark-knight-normal-combo-c.png","Resources","1967","未被正式场景、预设、构建配置或动态加载路径引用"
"Assets/Resources/pixramen-valley-asset-pack-v2/pixramen-valley-asset-pack-v2/dark-knight/spritesheets/2x/dark-knight-parry.png","Resources","1624","未被正式场景、预设、构建配置或动态加载路径引用"
"Assets/Resources/pixramen-valley-asset-pack-v2/pixramen-valley-asset-pack-v2/dark-knight/spritesheets/2x/dark-knight-parry-effect.png","Resources","1650","未被正式场景、预设、构建配置或动态加载路径引用"
"Assets/Resources/pixramen-valley-asset-pack-v2/pixramen-valley-asset-pack-v2/dark-knight/spritesheets/2x/dark-knight-parry-with-effect.png","Resources","1650","未被正式场景、预设、构建配置或动态加载路径引用"
"Assets/Resources/pixramen-valley-asset-pack-v2/pixramen-valley-asset-pack-v2/dark-knight/spritesheets/2x/dark-knight-prepare-jump.png","Resources","631","未被正式场景、预设、构建配置或动态加载路径引用"
"Assets/Resources/pixramen-valley-asset-pack-v2/pixramen-valley-asset-pack-v2/dark-knight/spritesheets/2x/dark-knight-run.png","Resources","1689","未被正式场景、预设、构建配置或动态加载路径引用"
"Assets/Resources/pixramen-valley-asset-pack-v2/pixramen-valley-asset-pack-v2/dark-knight/spritesheets/3x/dark-knight-air-combo-a.png","Resources","2742","未被正式场景、预设、构建配置或动态加载路径引用"
"Assets/Resources/pixramen-valley-asset-pack-v2/pixramen-valley-asset-pack-v2/dark-knight/spritesheets/3x/dark-knight-air-combo-b.png","Resources","2738","未被正式场景、预设、构建配置或动态加载路径引用"
"Assets/Resources/pixramen-valley-asset-pack-v2/pixramen-valley-asset-pack-v2/dark-knight/spritesheets/3x/dark-knight-air-combo-c.png","Resources","2472","未被正式场景、预设、构建配置或动态加载路径引用"
"Assets/Resources/pixramen-valley-asset-pack-v2/pixramen-valley-asset-pack-v2/dark-knight/spritesheets/3x/dark-knight-blocking.png","Resources","901","未被正式场景、预设、构建配置或动态加载路径引用"
"Assets/Resources/pixramen-valley-asset-pack-v2/pixramen-valley-asset-pack-v2/dark-knight/spritesheets/3x/dark-knight-climb.png","Resources","1500","未被正式场景、预设、构建配置或动态加载路径引用"
"Assets/Resources/pixramen-valley-asset-pack-v2/pixramen-valley-asset-pack-v2/dark-knight/spritesheets/3x/dark-knight-dash.png","Resources","1671","未被正式场景、预设、构建配置或动态加载路径引用"
"Assets/Resources/pixramen-valley-asset-pack-v2/pixramen-valley-asset-pack-v2/dark-knight/spritesheets/3x/dark-knight-dead-falling.png","Resources","761","未被正式场景、预设、构建配置或动态加载路径引用"
"Assets/Resources/pixramen-valley-asset-pack-v2/pixramen-valley-asset-pack-v2/dark-knight/spritesheets/3x/dark-knight-dead-ground.png","Resources","1295","未被正式场景、预设、构建配置或动态加载路径引用"
"Assets/Resources/pixramen-valley-asset-pack-v2/pixramen-valley-asset-pack-v2/dark-knight/spritesheets/3x/dark-knight-drink-blue-potion.png","Resources","3958","未被正式场景、预设、构建配置或动态加载路径引用"
"Assets/Resources/pixramen-valley-asset-pack-v2/pixramen-valley-asset-pack-v2/dark-knight/spritesheets/3x/dark-knight-drink-green-potion.png","Resources","4033","未被正式场景、预设、构建配置或动态加载路径引用"
"Assets/Resources/pixramen-valley-asset-pack-v2/pixramen-valley-asset-pack-v2/dark-knight/spritesheets/3x/dark-knight-drink-red-potion.png","Resources","4010","未被正式场景、预设、构建配置或动态加载路径引用"
"Assets/Resources/pixramen-valley-asset-pack-v2/pixramen-valley-asset-pack-v2/dark-knight/spritesheets/3x/dark-knight-falling.png","Resources","1422","未被正式场景、预设、构建配置或动态加载路径引用"
"Assets/Resources/pixramen-valley-asset-pack-v2/pixramen-valley-asset-pack-v2/dark-knight/spritesheets/3x/dark-knight-fall-recovery.png","Resources","842","未被正式场景、预设、构建配置或动态加载路径引用"
"Assets/Resources/pixramen-valley-asset-pack-v2/pixramen-valley-asset-pack-v2/dark-knight/spritesheets/3x/dark-knight-heavy-combo-a.png","Resources","11218","未被正式场景、预设、构建配置或动态加载路径引用"
"Assets/Resources/pixramen-valley-asset-pack-v2/pixramen-valley-asset-pack-v2/dark-knight/spritesheets/3x/dark-knight-heavy-combo-a-effect.png","Resources","3631","未被正式场景、预设、构建配置或动态加载路径引用"
"Assets/Resources/pixramen-valley-asset-pack-v2/pixramen-valley-asset-pack-v2/dark-knight/spritesheets/3x/dark-knight-heavy-combo-b.png","Resources","10215","未被正式场景、预设、构建配置或动态加载路径引用"
"Assets/Resources/pixramen-valley-asset-pack-v2/pixramen-valley-asset-pack-v2/dark-knight/spritesheets/3x/dark-knight-heavy-combo-b-effect.png","Resources","3681","未被正式场景、预设、构建配置或动态加载路径引用"
"Assets/Resources/pixramen-valley-asset-pack-v2/pixramen-valley-asset-pack-v2/dark-knight/spritesheets/3x/dark-knight-heavy-combo-c.png","Resources","14630","未被正式场景、预设、构建配置或动态加载路径引用"
"Assets/Resources/pixramen-valley-asset-pack-v2/pixramen-valley-asset-pack-v2/dark-knight/spritesheets/3x/dark-knight-heavy-combo-c-effect.png","Resources","6327","未被正式场景、预设、构建配置或动态加载路径引用"
"Assets/Resources/pixramen-valley-asset-pack-v2/pixramen-valley-asset-pack-v2/dark-knight/spritesheets/3x/dark-knight-heavy-combo-leap-effect-a.png","Resources","2543","未被正式场景、预设、构建配置或动态加载路径引用"
"Assets/Resources/pixramen-valley-asset-pack-v2/pixramen-valley-asset-pack-v2/dark-knight/spritesheets/3x/dark-knight-heavy-combo-leap-effect-b.png","Resources","2004","未被正式场景、预设、构建配置或动态加载路径引用"
"Assets/Resources/pixramen-valley-asset-pack-v2/pixramen-valley-asset-pack-v2/dark-knight/spritesheets/3x/dark-knight-heavy-combo-leap-effect-c.png","Resources","2083","未被正式场景、预设、构建配置或动态加载路径引用"
"Assets/Resources/pixramen-valley-asset-pack-v2/pixramen-valley-asset-pack-v2/dark-knight/spritesheets/3x/dark-knight-heavy-combo-with-effect-a.png","Resources","11218","未被正式场景、预设、构建配置或动态加载路径引用"
"Assets/Resources/pixramen-valley-asset-pack-v2/pixramen-valley-asset-pack-v2/dark-knight/spritesheets/3x/dark-knight-heavy-combo-with-effect-b.png","Resources","10215","未被正式场景、预设、构建配置或动态加载路径引用"
"Assets/Resources/pixramen-valley-asset-pack-v2/pixramen-valley-asset-pack-v2/dark-knight/spritesheets/3x/dark-knight-heavy-combo-with-effect-c.png","Resources","14630","未被正式场景、预设、构建配置或动态加载路径引用"
"Assets/Resources/pixramen-valley-asset-pack-v2/pixramen-valley-asset-pack-v2/dark-knight/spritesheets/3x/dark-knight-idle.png","Resources","960","未被正式场景、预设、构建配置或动态加载路径引用"
"Assets/Resources/pixramen-valley-asset-pack-v2/pixramen-valley-asset-pack-v2/dark-knight/spritesheets/3x/dark-knight-jump.png","Resources","1628","未被正式场景、预设、构建配置或动态加载路径引用"
"Assets/Resources/pixramen-valley-asset-pack-v2/pixramen-valley-asset-pack-v2/dark-knight/spritesheets/3x/dark-knight-knockback.png","Resources","1262","未被正式场景、预设、构建配置或动态加载路径引用"
"Assets/Resources/pixramen-valley-asset-pack-v2/pixramen-valley-asset-pack-v2/dark-knight/spritesheets/3x/dark-knight-normal-combo-a.png","Resources","2913","未被正式场景、预设、构建配置或动态加载路径引用"
"Assets/Resources/pixramen-valley-asset-pack-v2/pixramen-valley-asset-pack-v2/dark-knight/spritesheets/3x/dark-knight-normal-combo-b.png","Resources","2717","未被正式场景、预设、构建配置或动态加载路径引用"
"Assets/Resources/pixramen-valley-asset-pack-v2/pixramen-valley-asset-pack-v2/dark-knight/spritesheets/3x/dark-knight-normal-combo-c.png","Resources","2718","未被正式场景、预设、构建配置或动态加载路径引用"
"Assets/Resources/pixramen-valley-asset-pack-v2/pixramen-valley-asset-pack-v2/dark-knight/spritesheets/3x/dark-knight-parry.png","Resources","2152","未被正式场景、预设、构建配置或动态加载路径引用"
"Assets/Resources/pixramen-valley-asset-pack-v2/pixramen-valley-asset-pack-v2/dark-knight/spritesheets/3x/dark-knight-parry-effect.png","Resources","2185","未被正式场景、预设、构建配置或动态加载路径引用"
"Assets/Resources/pixramen-valley-asset-pack-v2/pixramen-valley-asset-pack-v2/dark-knight/spritesheets/3x/dark-knight-parry-with-effect.png","Resources","2185","未被正式场景、预设、构建配置或动态加载路径引用"
"Assets/Resources/pixramen-valley-asset-pack-v2/pixramen-valley-asset-pack-v2/dark-knight/spritesheets/3x/dark-knight-prepare-jump.png","Resources","842","未被正式场景、预设、构建配置或动态加载路径引用"
"Assets/Resources/pixramen-valley-asset-pack-v2/pixramen-valley-asset-pack-v2/dark-knight/spritesheets/3x/dark-knight-run.png","Resources","2422","未被正式场景、预设、构建配置或动态加载路径引用"
"Assets/Resources/pixramen-valley-asset-pack-v2/pixramen-valley-asset-pack-v2/dark-knight/spritesheets/4x/dark-knight-air-combo-a.png","Resources","3857","未被正式场景、预设、构建配置或动态加载路径引用"
"Assets/Resources/pixramen-valley-asset-pack-v2/pixramen-valley-asset-pack-v2/dark-knight/spritesheets/4x/dark-knight-air-combo-b.png","Resources","3843","未被正式场景、预设、构建配置或动态加载路径引用"
"Assets/Resources/pixramen-valley-asset-pack-v2/pixramen-valley-asset-pack-v2/dark-knight/spritesheets/4x/dark-knight-air-combo-c.png","Resources","3387","未被正式场景、预设、构建配置或动态加载路径引用"
"Assets/Resources/pixramen-valley-asset-pack-v2/pixramen-valley-asset-pack-v2/dark-knight/spritesheets/4x/dark-knight-blocking.png","Resources","1184","未被正式场景、预设、构建配置或动态加载路径引用"
"Assets/Resources/pixramen-valley-asset-pack-v2/pixramen-valley-asset-pack-v2/dark-knight/spritesheets/4x/dark-knight-climb.png","Resources","2034","未被正式场景、预设、构建配置或动态加载路径引用"
"Assets/Resources/pixramen-valley-asset-pack-v2/pixramen-valley-asset-pack-v2/dark-knight/spritesheets/4x/dark-knight-dash.png","Resources","2414","未被正式场景、预设、构建配置或动态加载路径引用"
"Assets/Resources/pixramen-valley-asset-pack-v2/pixramen-valley-asset-pack-v2/dark-knight/spritesheets/4x/dark-knight-dead-falling.png","Resources","1031","未被正式场景、预设、构建配置或动态加载路径引用"
"Assets/Resources/pixramen-valley-asset-pack-v2/pixramen-valley-asset-pack-v2/dark-knight/spritesheets/4x/dark-knight-dead-ground.png","Resources","1877","未被正式场景、预设、构建配置或动态加载路径引用"
"Assets/Resources/pixramen-valley-asset-pack-v2/pixramen-valley-asset-pack-v2/dark-knight/spritesheets/4x/dark-knight-drink-blue-potion.png","Resources","5492","未被正式场景、预设、构建配置或动态加载路径引用"
"Assets/Resources/pixramen-valley-asset-pack-v2/pixramen-valley-asset-pack-v2/dark-knight/spritesheets/4x/dark-knight-drink-green-potion.png","Resources","5553","未被正式场景、预设、构建配置或动态加载路径引用"
"Assets/Resources/pixramen-valley-asset-pack-v2/pixramen-valley-asset-pack-v2/dark-knight/spritesheets/4x/dark-knight-drink-red-potion.png","Resources","5550","未被正式场景、预设、构建配置或动态加载路径引用"
"Assets/Resources/pixramen-valley-asset-pack-v2/pixramen-valley-asset-pack-v2/dark-knight/spritesheets/4x/dark-knight-falling.png","Resources","1962","未被正式场景、预设、构建配置或动态加载路径引用"
"Assets/Resources/pixramen-valley-asset-pack-v2/pixramen-valley-asset-pack-v2/dark-knight/spritesheets/4x/dark-knight-fall-recovery.png","Resources","1136","未被正式场景、预设、构建配置或动态加载路径引用"
"Assets/Resources/pixramen-valley-asset-pack-v2/pixramen-valley-asset-pack-v2/dark-knight/spritesheets/4x/dark-knight-heavy-combo-a.png","Resources","16573","未被正式场景、预设、构建配置或动态加载路径引用"
"Assets/Resources/pixramen-valley-asset-pack-v2/pixramen-valley-asset-pack-v2/dark-knight/spritesheets/4x/dark-knight-heavy-combo-a-effect.png","Resources","5670","未被正式场景、预设、构建配置或动态加载路径引用"
"Assets/Resources/pixramen-valley-asset-pack-v2/pixramen-valley-asset-pack-v2/dark-knight/spritesheets/4x/dark-knight-heavy-combo-b.png","Resources","14697","未被正式场景、预设、构建配置或动态加载路径引用"
"Assets/Resources/pixramen-valley-asset-pack-v2/pixramen-valley-asset-pack-v2/dark-knight/spritesheets/4x/dark-knight-heavy-combo-b-effect.png","Resources","5713","未被正式场景、预设、构建配置或动态加载路径引用"
"Assets/Resources/pixramen-valley-asset-pack-v2/pixramen-valley-asset-pack-v2/dark-knight/spritesheets/4x/dark-knight-heavy-combo-c.png","Resources","20570","未被正式场景、预设、构建配置或动态加载路径引用"
"Assets/Resources/pixramen-valley-asset-pack-v2/pixramen-valley-asset-pack-v2/dark-knight/spritesheets/4x/dark-knight-heavy-combo-c-effect.png","Resources","8785","未被正式场景、预设、构建配置或动态加载路径引用"
"Assets/Resources/pixramen-valley-asset-pack-v2/pixramen-valley-asset-pack-v2/dark-knight/spritesheets/4x/dark-knight-heavy-combo-leap-effect-a.png","Resources","4285","未被正式场景、预设、构建配置或动态加载路径引用"
"Assets/Resources/pixramen-valley-asset-pack-v2/pixramen-valley-asset-pack-v2/dark-knight/spritesheets/4x/dark-knight-heavy-combo-leap-effect-b.png","Resources","3329","未被正式场景、预设、构建配置或动态加载路径引用"
"Assets/Resources/pixramen-valley-asset-pack-v2/pixramen-valley-asset-pack-v2/dark-knight/spritesheets/4x/dark-knight-heavy-combo-leap-effect-c.png","Resources","3426","未被正式场景、预设、构建配置或动态加载路径引用"
"Assets/Resources/pixramen-valley-asset-pack-v2/pixramen-valley-asset-pack-v2/dark-knight/spritesheets/4x/dark-knight-heavy-combo-with-effect-a.png","Resources","16573","未被正式场景、预设、构建配置或动态加载路径引用"
"Assets/Resources/pixramen-valley-asset-pack-v2/pixramen-valley-asset-pack-v2/dark-knight/spritesheets/4x/dark-knight-heavy-combo-with-effect-b.png","Resources","14697","未被正式场景、预设、构建配置或动态加载路径引用"
"Assets/Resources/pixramen-valley-asset-pack-v2/pixramen-valley-asset-pack-v2/dark-knight/spritesheets/4x/dark-knight-heavy-combo-with-effect-c.png","Resources","20570","未被正式场景、预设、构建配置或动态加载路径引用"
"Assets/Resources/pixramen-valley-asset-pack-v2/pixramen-valley-asset-pack-v2/dark-knight/spritesheets/4x/dark-knight-idle.png","Resources","1266","未被正式场景、预设、构建配置或动态加载路径引用"
"Assets/Resources/pixramen-valley-asset-pack-v2/pixramen-valley-asset-pack-v2/dark-knight/spritesheets/4x/dark-knight-jump.png","Resources","2290","未被正式场景、预设、构建配置或动态加载路径引用"
"Assets/Resources/pixramen-valley-asset-pack-v2/pixramen-valley-asset-pack-v2/dark-knight/spritesheets/4x/dark-knight-knockback.png","Resources","1783","未被正式场景、预设、构建配置或动态加载路径引用"
"Assets/Resources/pixramen-valley-asset-pack-v2/pixramen-valley-asset-pack-v2/dark-knight/spritesheets/4x/dark-knight-normal-combo-a.png","Resources","4058","未被正式场景、预设、构建配置或动态加载路径引用"
"Assets/Resources/pixramen-valley-asset-pack-v2/pixramen-valley-asset-pack-v2/dark-knight/spritesheets/4x/dark-knight-normal-combo-b.png","Resources","3833","未被正式场景、预设、构建配置或动态加载路径引用"
"Assets/Resources/pixramen-valley-asset-pack-v2/pixramen-valley-asset-pack-v2/dark-knight/spritesheets/4x/dark-knight-normal-combo-c.png","Resources","3930","未被正式场景、预设、构建配置或动态加载路径引用"
"Assets/Resources/pixramen-valley-asset-pack-v2/pixramen-valley-asset-pack-v2/dark-knight/spritesheets/4x/dark-knight-parry.png","Resources","2902","未被正式场景、预设、构建配置或动态加载路径引用"
"Assets/Resources/pixramen-valley-asset-pack-v2/pixramen-valley-asset-pack-v2/dark-knight/spritesheets/4x/dark-knight-parry-effect.png","Resources","2946","未被正式场景、预设、构建配置或动态加载路径引用"
"Assets/Resources/pixramen-valley-asset-pack-v2/pixramen-valley-asset-pack-v2/dark-knight/spritesheets/4x/dark-knight-parry-with-effect.png","Resources","2946","未被正式场景、预设、构建配置或动态加载路径引用"
"Assets/Resources/pixramen-valley-asset-pack-v2/pixramen-valley-asset-pack-v2/dark-knight/spritesheets/4x/dark-knight-prepare-jump.png","Resources","1136","未被正式场景、预设、构建配置或动态加载路径引用"
"Assets/Resources/pixramen-valley-asset-pack-v2/pixramen-valley-asset-pack-v2/dark-knight/spritesheets/4x/dark-knight-run.png","Resources","3521","未被正式场景、预设、构建配置或动态加载路径引用"
"Assets/Resources/pixramen-valley-asset-pack-v2/pixramen-valley-asset-pack-v2/dark-knight/spritesheets/5x/dark-knight-air-combo-a.png","Resources","5232","未被正式场景、预设、构建配置或动态加载路径引用"
"Assets/Resources/pixramen-valley-asset-pack-v2/pixramen-valley-asset-pack-v2/dark-knight/spritesheets/5x/dark-knight-air-combo-b.png","Resources","5295","未被正式场景、预设、构建配置或动态加载路径引用"
"Assets/Resources/pixramen-valley-asset-pack-v2/pixramen-valley-asset-pack-v2/dark-knight/spritesheets/5x/dark-knight-air-combo-c.png","Resources","4935","未被正式场景、预设、构建配置或动态加载路径引用"
"Assets/Resources/pixramen-valley-asset-pack-v2/pixramen-valley-asset-pack-v2/dark-knight/spritesheets/5x/dark-knight-blocking.png","Resources","1538","未被正式场景、预设、构建配置或动态加载路径引用"
"Assets/Resources/pixramen-valley-asset-pack-v2/pixramen-valley-asset-pack-v2/dark-knight/spritesheets/5x/dark-knight-climb.png","Resources","2731","未被正式场景、预设、构建配置或动态加载路径引用"
"Assets/Resources/pixramen-valley-asset-pack-v2/pixramen-valley-asset-pack-v2/dark-knight/spritesheets/5x/dark-knight-dash.png","Resources","3208","未被正式场景、预设、构建配置或动态加载路径引用"
"Assets/Resources/pixramen-valley-asset-pack-v2/pixramen-valley-asset-pack-v2/dark-knight/spritesheets/5x/dark-knight-dead-falling.png","Resources","1368","未被正式场景、预设、构建配置或动态加载路径引用"
"Assets/Resources/pixramen-valley-asset-pack-v2/pixramen-valley-asset-pack-v2/dark-knight/spritesheets/5x/dark-knight-dead-ground.png","Resources","2615","未被正式场景、预设、构建配置或动态加载路径引用"
"Assets/Resources/pixramen-valley-asset-pack-v2/pixramen-valley-asset-pack-v2/dark-knight/spritesheets/5x/dark-knight-drink-blue-potion.png","Resources","7268","未被正式场景、预设、构建配置或动态加载路径引用"
"Assets/Resources/pixramen-valley-asset-pack-v2/pixramen-valley-asset-pack-v2/dark-knight/spritesheets/5x/dark-knight-drink-green-potion.png","Resources","7324","未被正式场景、预设、构建配置或动态加载路径引用"
"Assets/Resources/pixramen-valley-asset-pack-v2/pixramen-valley-asset-pack-v2/dark-knight/spritesheets/5x/dark-knight-drink-red-potion.png","Resources","7314","未被正式场景、预设、构建配置或动态加载路径引用"
"Assets/Resources/pixramen-valley-asset-pack-v2/pixramen-valley-asset-pack-v2/dark-knight/spritesheets/5x/dark-knight-falling.png","Resources","2626","未被正式场景、预设、构建配置或动态加载路径引用"
"Assets/Resources/pixramen-valley-asset-pack-v2/pixramen-valley-asset-pack-v2/dark-knight/spritesheets/5x/dark-knight-fall-recovery.png","Resources","1466","未被正式场景、预设、构建配置或动态加载路径引用"
"Assets/Resources/pixramen-valley-asset-pack-v2/pixramen-valley-asset-pack-v2/dark-knight/spritesheets/5x/dark-knight-heavy-combo-a.png","Resources","23484","未被正式场景、预设、构建配置或动态加载路径引用"
"Assets/Resources/pixramen-valley-asset-pack-v2/pixramen-valley-asset-pack-v2/dark-knight/spritesheets/5x/dark-knight-heavy-combo-a-effect.png","Resources","8019","未被正式场景、预设、构建配置或动态加载路径引用"
"Assets/Resources/pixramen-valley-asset-pack-v2/pixramen-valley-asset-pack-v2/dark-knight/spritesheets/5x/dark-knight-heavy-combo-b.png","Resources","20385","未被正式场景、预设、构建配置或动态加载路径引用"
"Assets/Resources/pixramen-valley-asset-pack-v2/pixramen-valley-asset-pack-v2/dark-knight/spritesheets/5x/dark-knight-heavy-combo-b-effect.png","Resources","8065","未被正式场景、预设、构建配置或动态加载路径引用"
"Assets/Resources/pixramen-valley-asset-pack-v2/pixramen-valley-asset-pack-v2/dark-knight/spritesheets/5x/dark-knight-heavy-combo-c.png","Resources","28075","未被正式场景、预设、构建配置或动态加载路径引用"
"Assets/Resources/pixramen-valley-asset-pack-v2/pixramen-valley-asset-pack-v2/dark-knight/spritesheets/5x/dark-knight-heavy-combo-c-effect.png","Resources","11754","未被正式场景、预设、构建配置或动态加载路径引用"
"Assets/Resources/pixramen-valley-asset-pack-v2/pixramen-valley-asset-pack-v2/dark-knight/spritesheets/5x/dark-knight-heavy-combo-leap-effect-a.png","Resources","6524","未被正式场景、预设、构建配置或动态加载路径引用"
"Assets/Resources/pixramen-valley-asset-pack-v2/pixramen-valley-asset-pack-v2/dark-knight/spritesheets/5x/dark-knight-heavy-combo-leap-effect-b.png","Resources","5014","未被正式场景、预设、构建配置或动态加载路径引用"
"Assets/Resources/pixramen-valley-asset-pack-v2/pixramen-valley-asset-pack-v2/dark-knight/spritesheets/5x/dark-knight-heavy-combo-leap-effect-c.png","Resources","5120","未被正式场景、预设、构建配置或动态加载路径引用"
"Assets/Resources/pixramen-valley-asset-pack-v2/pixramen-valley-asset-pack-v2/dark-knight/spritesheets/5x/dark-knight-heavy-combo-with-effect-a.png","Resources","23484","未被正式场景、预设、构建配置或动态加载路径引用"
"Assets/Resources/pixramen-valley-asset-pack-v2/pixramen-valley-asset-pack-v2/dark-knight/spritesheets/5x/dark-knight-heavy-combo-with-effect-b.png","Resources","20385","未被正式场景、预设、构建配置或动态加载路径引用"
"Assets/Resources/pixramen-valley-asset-pack-v2/pixramen-valley-asset-pack-v2/dark-knight/spritesheets/5x/dark-knight-heavy-combo-with-effect-c.png","Resources","28075","未被正式场景、预设、构建配置或动态加载路径引用"
"Assets/Resources/pixramen-valley-asset-pack-v2/pixramen-valley-asset-pack-v2/dark-knight/spritesheets/5x/dark-knight-idle.png","Resources","1626","未被正式场景、预设、构建配置或动态加载路径引用"
"Assets/Resources/pixramen-valley-asset-pack-v2/pixramen-valley-asset-pack-v2/dark-knight/spritesheets/5x/dark-knight-jump.png","Resources","3093","未被正式场景、预设、构建配置或动态加载路径引用"
"Assets/Resources/pixramen-valley-asset-pack-v2/pixramen-valley-asset-pack-v2/dark-knight/spritesheets/5x/dark-knight-knockback.png","Resources","2439","未被正式场景、预设、构建配置或动态加载路径引用"
"Assets/Resources/pixramen-valley-asset-pack-v2/pixramen-valley-asset-pack-v2/dark-knight/spritesheets/5x/dark-knight-normal-combo-a.png","Resources","5478","未被正式场景、预设、构建配置或动态加载路径引用"
"Assets/Resources/pixramen-valley-asset-pack-v2/pixramen-valley-asset-pack-v2/dark-knight/spritesheets/5x/dark-knight-normal-combo-b.png","Resources","5355","未被正式场景、预设、构建配置或动态加载路径引用"
"Assets/Resources/pixramen-valley-asset-pack-v2/pixramen-valley-asset-pack-v2/dark-knight/spritesheets/5x/dark-knight-normal-combo-c.png","Resources","5387","未被正式场景、预设、构建配置或动态加载路径引用"
"Assets/Resources/pixramen-valley-asset-pack-v2/pixramen-valley-asset-pack-v2/dark-knight/spritesheets/5x/dark-knight-parry.png","Resources","3721","未被正式场景、预设、构建配置或动态加载路径引用"
"Assets/Resources/pixramen-valley-asset-pack-v2/pixramen-valley-asset-pack-v2/dark-knight/spritesheets/5x/dark-knight-parry-effect.png","Resources","3775","未被正式场景、预设、构建配置或动态加载路径引用"
"Assets/Resources/pixramen-valley-asset-pack-v2/pixramen-valley-asset-pack-v2/dark-knight/spritesheets/5x/dark-knight-parry-with-effect.png","Resources","3775","未被正式场景、预设、构建配置或动态加载路径引用"
"Assets/Resources/pixramen-valley-asset-pack-v2/pixramen-valley-asset-pack-v2/dark-knight/spritesheets/5x/dark-knight-prepare-jump.png","Resources","1466","未被正式场景、预设、构建配置或动态加载路径引用"
"Assets/Resources/pixramen-valley-asset-pack-v2/pixramen-valley-asset-pack-v2/dark-knight/spritesheets/5x/dark-knight-run.png","Resources","5208","未被正式场景、预设、构建配置或动态加载路径引用"
"Assets/Resources/pixramen-valley-asset-pack-v2/pixramen-valley-asset-pack-v2/demon-bat/aseprite_files/demon-bat-bite.aseprite","Resources","4151","未被正式场景、预设、构建配置或动态加载路径引用"
"Assets/Resources/pixramen-valley-asset-pack-v2/pixramen-valley-asset-pack-v2/demon-bat/aseprite_files/demon-bat-death.aseprite","Resources","1626","未被正式场景、预设、构建配置或动态加载路径引用"
"Assets/Resources/pixramen-valley-asset-pack-v2/pixramen-valley-asset-pack-v2/demon-bat/aseprite_files/demon-bat-fire-projectile.aseprite","Resources","1850","未被正式场景、预设、构建配置或动态加载路径引用"
"Assets/Resources/pixramen-valley-asset-pack-v2/pixramen-valley-asset-pack-v2/demon-bat/aseprite_files/demon-bat-flying.aseprite","Resources","1387","未被正式场景、预设、构建配置或动态加载路径引用"
"Assets/Resources/pixramen-valley-asset-pack-v2/pixramen-valley-asset-pack-v2/demon-bat/aseprite_files/demon-bat-knockback.aseprite","Resources","742","未被正式场景、预设、构建配置或动态加载路径引用"
"Assets/Resources/pixramen-valley-asset-pack-v2/pixramen-valley-asset-pack-v2/demon-bat/aseprite_files/demon-bat-prjectile-charging.aseprite","Resources","1123","未被正式场景、预设、构建配置或动态加载路径引用"
"Assets/Resources/pixramen-valley-asset-pack-v2/pixramen-valley-asset-pack-v2/demon-bat/aseprite_files/demon-bat-projectile.aseprite","Resources","909","未被正式场景、预设、构建配置或动态加载路径引用"
"Assets/Resources/pixramen-valley-asset-pack-v2/pixramen-valley-asset-pack-v2/demon-bat/aseprite_files/demon-bat-projectile-explosion.aseprite","Resources","1339","未被正式场景、预设、构建配置或动态加载路径引用"
"Assets/Resources/pixramen-valley-asset-pack-v2/pixramen-valley-asset-pack-v2/demon-bat/aseprite_files/preview/preview-demon-bat-bite.aseprite","Resources","5143","未被正式场景、预设、构建配置或动态加载路径引用"
"Assets/Resources/pixramen-valley-asset-pack-v2/pixramen-valley-asset-pack-v2/demon-bat/aseprite_files/preview/preview-demon-bat-death.aseprite","Resources","2066","未被正式场景、预设、构建配置或动态加载路径引用"
"Assets/Resources/pixramen-valley-asset-pack-v2/pixramen-valley-asset-pack-v2/demon-bat/aseprite_files/preview/preview-demon-bat-fly.aseprite","Resources","1689","未被正式场景、预设、构建配置或动态加载路径引用"
"Assets/Resources/pixramen-valley-asset-pack-v2/pixramen-valley-asset-pack-v2/demon-bat/aseprite_files/preview/preview-demon-bat-knockback.aseprite","Resources","837","未被正式场景、预设、构建配置或动态加载路径引用"
"Assets/Resources/pixramen-valley-asset-pack-v2/pixramen-valley-asset-pack-v2/demon-bat/aseprite_files/preview/preview-demon-bat-range-attack.aseprite","Resources","6790","未被正式场景、预设、构建配置或动态加载路径引用"
"Assets/Resources/pixramen-valley-asset-pack-v2/pixramen-valley-asset-pack-v2/demon-bat/gif/1x/demon-bat-bite.gif","Resources","1772","未被正式场景、预设、构建配置或动态加载路径引用"
"Assets/Resources/pixramen-valley-asset-pack-v2/pixramen-valley-asset-pack-v2/demon-bat/gif/1x/demon-bat-death.gif","Resources","592","未被正式场景、预设、构建配置或动态加载路径引用"
"Assets/Resources/pixramen-valley-asset-pack-v2/pixramen-valley-asset-pack-v2/demon-bat/gif/1x/demon-bat-fire-projectile.gif","Resources","740","未被正式场景、预设、构建配置或动态加载路径引用"
"Assets/Resources/pixramen-valley-asset-pack-v2/pixramen-valley-asset-pack-v2/demon-bat/gif/1x/demon-bat-flying.gif","Resources","480","未被正式场景、预设、构建配置或动态加载路径引用"
"Assets/Resources/pixramen-valley-asset-pack-v2/pixramen-valley-asset-pack-v2/demon-bat/gif/1x/demon-bat-knockback.gif","Resources","176","未被正式场景、预设、构建配置或动态加载路径引用"
"Assets/Resources/pixramen-valley-asset-pack-v2/pixramen-valley-asset-pack-v2/demon-bat/gif/1x/demon-bat-prjectile-charging.gif","Resources","487","未被正式场景、预设、构建配置或动态加载路径引用"
"Assets/Resources/pixramen-valley-asset-pack-v2/pixramen-valley-asset-pack-v2/demon-bat/gif/1x/demon-bat-projectile.gif","Resources","374","未被正式场景、预设、构建配置或动态加载路径引用"
"Assets/Resources/pixramen-valley-asset-pack-v2/pixramen-valley-asset-pack-v2/demon-bat/gif/1x/demon-bat-projectile-explosion.gif","Resources","775","未被正式场景、预设、构建配置或动态加载路径引用"
"Assets/Resources/pixramen-valley-asset-pack-v2/pixramen-valley-asset-pack-v2/demon-bat/gif/2x/demon-bat-bite.gif","Resources","3582","未被正式场景、预设、构建配置或动态加载路径引用"
"Assets/Resources/pixramen-valley-asset-pack-v2/pixramen-valley-asset-pack-v2/demon-bat/gif/2x/demon-bat-death.gif","Resources","1128","未被正式场景、预设、构建配置或动态加载路径引用"
"Assets/Resources/pixramen-valley-asset-pack-v2/pixramen-valley-asset-pack-v2/demon-bat/gif/2x/demon-bat-fire-projectile.gif","Resources","1476","未被正式场景、预设、构建配置或动态加载路径引用"
"Assets/Resources/pixramen-valley-asset-pack-v2/pixramen-valley-asset-pack-v2/demon-bat/gif/2x/demon-bat-flying.gif","Resources","930","未被正式场景、预设、构建配置或动态加载路径引用"
"Assets/Resources/pixramen-valley-asset-pack-v2/pixramen-valley-asset-pack-v2/demon-bat/gif/2x/demon-bat-knockback.gif","Resources","326","未被正式场景、预设、构建配置或动态加载路径引用"
"Assets/Resources/pixramen-valley-asset-pack-v2/pixramen-valley-asset-pack-v2/demon-bat/gif/2x/demon-bat-prjectile-charging.gif","Resources","896","未被正式场景、预设、构建配置或动态加载路径引用"
"Assets/Resources/pixramen-valley-asset-pack-v2/pixramen-valley-asset-pack-v2/demon-bat/gif/2x/demon-bat-projectile.gif","Resources","691","未被正式场景、预设、构建配置或动态加载路径引用"
"Assets/Resources/pixramen-valley-asset-pack-v2/pixramen-valley-asset-pack-v2/demon-bat/gif/2x/demon-bat-projectile-explosion.gif","Resources","1584","未被正式场景、预设、构建配置或动态加载路径引用"
"Assets/Resources/pixramen-valley-asset-pack-v2/pixramen-valley-asset-pack-v2/demon-bat/gif/3x/demon-bat-bite.gif","Resources","5618","未被正式场景、预设、构建配置或动态加载路径引用"
"Assets/Resources/pixramen-valley-asset-pack-v2/pixramen-valley-asset-pack-v2/demon-bat/gif/3x/demon-bat-death.gif","Resources","1733","未被正式场景、预设、构建配置或动态加载路径引用"
"Assets/Resources/pixramen-valley-asset-pack-v2/pixramen-valley-asset-pack-v2/demon-bat/gif/3x/demon-bat-fire-projectile.gif","Resources","2297","未被正式场景、预设、构建配置或动态加载路径引用"
"Assets/Resources/pixramen-valley-asset-pack-v2/pixramen-valley-asset-pack-v2/demon-bat/gif/3x/demon-bat-flying.gif","Resources","1419","未被正式场景、预设、构建配置或动态加载路径引用"
"Assets/Resources/pixramen-valley-asset-pack-v2/pixramen-valley-asset-pack-v2/demon-bat/gif/3x/demon-bat-knockback.gif","Resources","481","未被正式场景、预设、构建配置或动态加载路径引用"
"Assets/Resources/pixramen-valley-asset-pack-v2/pixramen-valley-asset-pack-v2/demon-bat/gif/3x/demon-bat-prjectile-charging.gif","Resources","1365","未被正式场景、预设、构建配置或动态加载路径引用"
"Assets/Resources/pixramen-valley-asset-pack-v2/pixramen-valley-asset-pack-v2/demon-bat/gif/3x/demon-bat-projectile.gif","Resources","1030","未被正式场景、预设、构建配置或动态加载路径引用"
"Assets/Resources/pixramen-valley-asset-pack-v2/pixramen-valley-asset-pack-v2/demon-bat/gif/3x/demon-bat-projectile-explosion.gif","Resources","2460","未被正式场景、预设、构建配置或动态加载路径引用"
"Assets/Resources/pixramen-valley-asset-pack-v2/pixramen-valley-asset-pack-v2/demon-bat/gif/4x/demon-bat-bite.gif","Resources","7790","未被正式场景、预设、构建配置或动态加载路径引用"
"Assets/Resources/pixramen-valley-asset-pack-v2/pixramen-valley-asset-pack-v2/demon-bat/gif/4x/demon-bat-death.gif","Resources","2367","未被正式场景、预设、构建配置或动态加载路径引用"
"Assets/Resources/pixramen-valley-asset-pack-v2/pixramen-valley-asset-pack-v2/demon-bat/gif/4x/demon-bat-fire-projectile.gif","Resources","3169","未被正式场景、预设、构建配置或动态加载路径引用"
"Assets/Resources/pixramen-valley-asset-pack-v2/pixramen-valley-asset-pack-v2/demon-bat/gif/4x/demon-bat-flying.gif","Resources","1964","未被正式场景、预设、构建配置或动态加载路径引用"
"Assets/Resources/pixramen-valley-asset-pack-v2/pixramen-valley-asset-pack-v2/demon-bat/gif/4x/demon-bat-knockback.gif","Resources","654","未被正式场景、预设、构建配置或动态加载路径引用"
"Assets/Resources/pixramen-valley-asset-pack-v2/pixramen-valley-asset-pack-v2/demon-bat/gif/4x/demon-bat-prjectile-charging.gif","Resources","1864","未被正式场景、预设、构建配置或动态加载路径引用"
"Assets/Resources/pixramen-valley-asset-pack-v2/pixramen-valley-asset-pack-v2/demon-bat/gif/4x/demon-bat-projectile.gif","Resources","1404","未被正式场景、预设、构建配置或动态加载路径引用"
"Assets/Resources/pixramen-valley-asset-pack-v2/pixramen-valley-asset-pack-v2/demon-bat/gif/4x/demon-bat-projectile-explosion.gif","Resources","3402","未被正式场景、预设、构建配置或动态加载路径引用"
"Assets/Resources/pixramen-valley-asset-pack-v2/pixramen-valley-asset-pack-v2/demon-bat/gif/5x/demon-bat-bite.gif","Resources","10049","未被正式场景、预设、构建配置或动态加载路径引用"
"Assets/Resources/pixramen-valley-asset-pack-v2/pixramen-valley-asset-pack-v2/demon-bat/gif/5x/demon-bat-death.gif","Resources","3035","未被正式场景、预设、构建配置或动态加载路径引用"
"Assets/Resources/pixramen-valley-asset-pack-v2/pixramen-valley-asset-pack-v2/demon-bat/gif/5x/demon-bat-fire-projectile.gif","Resources","4077","未被正式场景、预设、构建配置或动态加载路径引用"
"Assets/Resources/pixramen-valley-asset-pack-v2/pixramen-valley-asset-pack-v2/demon-bat/gif/5x/demon-bat-flying.gif","Resources","2514","未被正式场景、预设、构建配置或动态加载路径引用"
"Assets/Resources/pixramen-valley-asset-pack-v2/pixramen-valley-asset-pack-v2/demon-bat/gif/5x/demon-bat-knockback.gif","Resources","829","未被正式场景、预设、构建配置或动态加载路径引用"
"Assets/Resources/pixramen-valley-asset-pack-v2/pixramen-valley-asset-pack-v2/demon-bat/gif/5x/demon-bat-prjectile-charging.gif","Resources","2400","未被正式场景、预设、构建配置或动态加载路径引用"
"Assets/Resources/pixramen-valley-asset-pack-v2/pixramen-valley-asset-pack-v2/demon-bat/gif/5x/demon-bat-projectile.gif","Resources","1784","未被正式场景、预设、构建配置或动态加载路径引用"
"Assets/Resources/pixramen-valley-asset-pack-v2/pixramen-valley-asset-pack-v2/demon-bat/gif/5x/demon-bat-projectile-explosion.gif","Resources","4362","未被正式场景、预设、构建配置或动态加载路径引用"
"Assets/Resources/pixramen-valley-asset-pack-v2/pixramen-valley-asset-pack-v2/demon-bat/png/1x/demon-bat-bite/demon-bat-bite1.png","Resources","366","未被正式场景、预设、构建配置或动态加载路径引用"
"Assets/Resources/pixramen-valley-asset-pack-v2/pixramen-valley-asset-pack-v2/demon-bat/png/1x/demon-bat-bite/demon-bat-bite10.png","Resources","328","未被正式场景、预设、构建配置或动态加载路径引用"
"Assets/Resources/pixramen-valley-asset-pack-v2/pixramen-valley-asset-pack-v2/demon-bat/png/1x/demon-bat-bite/demon-bat-bite11.png","Resources","366","未被正式场景、预设、构建配置或动态加载路径引用"
"Assets/Resources/pixramen-valley-asset-pack-v2/pixramen-valley-asset-pack-v2/demon-bat/png/1x/demon-bat-bite/demon-bat-bite12.png","Resources","314","未被正式场景、预设、构建配置或动态加载路径引用"
"Assets/Resources/pixramen-valley-asset-pack-v2/pixramen-valley-asset-pack-v2/demon-bat/png/1x/demon-bat-bite/demon-bat-bite13.png","Resources","290","未被正式场景、预设、构建配置或动态加载路径引用"
"Assets/Resources/pixramen-valley-asset-pack-v2/pixramen-valley-asset-pack-v2/demon-bat/png/1x/demon-bat-bite/demon-bat-bite14.png","Resources","314","未被正式场景、预设、构建配置或动态加载路径引用"
"Assets/Resources/pixramen-valley-asset-pack-v2/pixramen-valley-asset-pack-v2/demon-bat/png/1x/demon-bat-bite/demon-bat-bite2.png","Resources","380","未被正式场景、预设、构建配置或动态加载路径引用"
"Assets/Resources/pixramen-valley-asset-pack-v2/pixramen-valley-asset-pack-v2/demon-bat/png/1x/demon-bat-bite/demon-bat-bite3.png","Resources","443","未被正式场景、预设、构建配置或动态加载路径引用"
"Assets/Resources/pixramen-valley-asset-pack-v2/pixramen-valley-asset-pack-v2/demon-bat/png/1x/demon-bat-bite/demon-bat-bite4.png","Resources","443","未被正式场景、预设、构建配置或动态加载路径引用"
"Assets/Resources/pixramen-valley-asset-pack-v2/pixramen-valley-asset-pack-v2/demon-bat/png/1x/demon-bat-bite/demon-bat-bite5.png","Resources","443","未被正式场景、预设、构建配置或动态加载路径引用"
"Assets/Resources/pixramen-valley-asset-pack-v2/pixramen-valley-asset-pack-v2/demon-bat/png/1x/demon-bat-bite/demon-bat-bite6.png","Resources","484","未被正式场景、预设、构建配置或动态加载路径引用"
"Assets/Resources/pixramen-valley-asset-pack-v2/pixramen-valley-asset-pack-v2/demon-bat/png/1x/demon-bat-bite/demon-bat-bite7.png","Resources","512","未被正式场景、预设、构建配置或动态加载路径引用"
"Assets/Resources/pixramen-valley-asset-pack-v2/pixramen-valley-asset-pack-v2/demon-bat/png/1x/demon-bat-bite/demon-bat-bite8.png","Resources","402","未被正式场景、预设、构建配置或动态加载路径引用"
"Assets/Resources/pixramen-valley-asset-pack-v2/pixramen-valley-asset-pack-v2/demon-bat/png/1x/demon-bat-bite/demon-bat-bite9.png","Resources","333","未被正式场景、预设、构建配置或动态加载路径引用"
"Assets/Resources/pixramen-valley-asset-pack-v2/pixramen-valley-asset-pack-v2/demon-bat/png/1x/demon-bat-death/demon-bat-death1.png","Resources","366","未被正式场景、预设、构建配置或动态加载路径引用"
"Assets/Resources/pixramen-valley-asset-pack-v2/pixramen-valley-asset-pack-v2/demon-bat/png/1x/demon-bat-death/demon-bat-death2.png","Resources","380","未被正式场景、预设、构建配置或动态加载路径引用"
"Assets/Resources/pixramen-valley-asset-pack-v2/pixramen-valley-asset-pack-v2/demon-bat/png/1x/demon-bat-death/demon-bat-death3.png","Resources","488","未被正式场景、预设、构建配置或动态加载路径引用"
"Assets/Resources/pixramen-valley-asset-pack-v2/pixramen-valley-asset-pack-v2/demon-bat/png/1x/demon-bat-death/demon-bat-death4.png","Resources","398","未被正式场景、预设、构建配置或动态加载路径引用"
"Assets/Resources/pixramen-valley-asset-pack-v2/pixramen-valley-asset-pack-v2/demon-bat/png/1x/demon-bat-death/demon-bat-death5.png","Resources","279","未被正式场景、预设、构建配置或动态加载路径引用"
"Assets/Resources/pixramen-valley-asset-pack-v2/pixramen-valley-asset-pack-v2/demon-bat/png/1x/demon-bat-death/demon-bat-death6.png","Resources","109","未被正式场景、预设、构建配置或动态加载路径引用"
"Assets/Resources/pixramen-valley-asset-pack-v2/pixramen-valley-asset-pack-v2/demon-bat/png/1x/demon-bat-fire-projectile/demon-bat-fire-projectile1.png","Resources","366","未被正式场景、预设、构建配置或动态加载路径引用"
"Assets/Resources/pixramen-valley-asset-pack-v2/pixramen-valley-asset-pack-v2/demon-bat/png/1x/demon-bat-fire-projectile/demon-bat-fire-projectile2.png","Resources","380","未被正式场景、预设、构建配置或动态加载路径引用"
"Assets/Resources/pixramen-valley-asset-pack-v2/pixramen-valley-asset-pack-v2/demon-bat/png/1x/demon-bat-fire-projectile/demon-bat-fire-projectile3.png","Resources","443","未被正式场景、预设、构建配置或动态加载路径引用"
"Assets/Resources/pixramen-valley-asset-pack-v2/pixramen-valley-asset-pack-v2/demon-bat/png/1x/demon-bat-fire-projectile/demon-bat-fire-projectile4.png","Resources","478","未被正式场景、预设、构建配置或动态加载路径引用"
"Assets/Resources/pixramen-valley-asset-pack-v2/pixramen-valley-asset-pack-v2/demon-bat/png/1x/demon-bat-fire-projectile/demon-bat-fire-projectile5.png","Resources","366","未被正式场景、预设、构建配置或动态加载路径引用"
"Assets/Resources/pixramen-valley-asset-pack-v2/pixramen-valley-asset-pack-v2/demon-bat/png/1x/demon-bat-flying/demon-bat-flying1.png","Resources","366","未被正式场景、预设、构建配置或动态加载路径引用"
"Assets/Resources/pixramen-valley-asset-pack-v2/pixramen-valley-asset-pack-v2/demon-bat/png/1x/demon-bat-flying/demon-bat-flying2.png","Resources","314","未被正式场景、预设、构建配置或动态加载路径引用"
"Assets/Resources/pixramen-valley-asset-pack-v2/pixramen-valley-asset-pack-v2/demon-bat/png/1x/demon-bat-flying/demon-bat-flying3.png","Resources","290","未被正式场景、预设、构建配置或动态加载路径引用"
"Assets/Resources/pixramen-valley-asset-pack-v2/pixramen-valley-asset-pack-v2/demon-bat/png/1x/demon-bat-flying/demon-bat-flying4.png","Resources","316","未被正式场景、预设、构建配置或动态加载路径引用"
"Assets/Resources/pixramen-valley-asset-pack-v2/pixramen-valley-asset-pack-v2/demon-bat/png/1x/demon-bat-knockback/demon-bat-knockback.png","Resources","295","未被正式场景、预设、构建配置或动态加载路径引用"
"Assets/Resources/pixramen-valley-asset-pack-v2/pixramen-valley-asset-pack-v2/demon-bat/png/1x/demon-bat-prjectile-charging/demon-bat-prjectile-charging1.png","Resources","176","未被正式场景、预设、构建配置或动态加载路径引用"
"Assets/Resources/pixramen-valley-asset-pack-v2/pixramen-valley-asset-pack-v2/demon-bat/png/1x/demon-bat-prjectile-charging/demon-bat-prjectile-charging2.png","Resources","332","未被正式场景、预设、构建配置或动态加载路径引用"
"Assets/Resources/pixramen-valley-asset-pack-v2/pixramen-valley-asset-pack-v2/demon-bat/png/1x/demon-bat-prjectile-charging/demon-bat-prjectile-charging3.png","Resources","445","未被正式场景、预设、构建配置或动态加载路径引用"
"Assets/Resources/pixramen-valley-asset-pack-v2/pixramen-valley-asset-pack-v2/demon-bat/png/1x/demon-bat-prjectile-charging/demon-bat-prjectile-charging4.png","Resources","441","未被正式场景、预设、构建配置或动态加载路径引用"
"Assets/Resources/pixramen-valley-asset-pack-v2/pixramen-valley-asset-pack-v2/demon-bat/png/1x/demon-bat-prjectile-charging/demon-bat-prjectile-charging5.png","Resources","468","未被正式场景、预设、构建配置或动态加载路径引用"
"Assets/Resources/pixramen-valley-asset-pack-v2/pixramen-valley-asset-pack-v2/demon-bat/png/1x/demon-bat-projectile/demon-bat-projectile1.png","Resources","416","未被正式场景、预设、构建配置或动态加载路径引用"
"Assets/Resources/pixramen-valley-asset-pack-v2/pixramen-valley-asset-pack-v2/demon-bat/png/1x/demon-bat-projectile/demon-bat-projectile2.png","Resources","426","未被正式场景、预设、构建配置或动态加载路径引用"
"Assets/Resources/pixramen-valley-asset-pack-v2/pixramen-valley-asset-pack-v2/demon-bat/png/1x/demon-bat-projectile/demon-bat-projectile3.png","Resources","412","未被正式场景、预设、构建配置或动态加载路径引用"
"Assets/Resources/pixramen-valley-asset-pack-v2/pixramen-valley-asset-pack-v2/demon-bat/png/1x/demon-bat-projectile-explosion/demon-bat-projectile-explosion1.png","Resources","333","未被正式场景、预设、构建配置或动态加载路径引用"
"Assets/Resources/pixramen-valley-asset-pack-v2/pixramen-valley-asset-pack-v2/demon-bat/png/1x/demon-bat-projectile-explosion/demon-bat-projectile-explosion2.png","Resources","252","未被正式场景、预设、构建配置或动态加载路径引用"
"Assets/Resources/pixramen-valley-asset-pack-v2/pixramen-valley-asset-pack-v2/demon-bat/png/1x/demon-bat-projectile-explosion/demon-bat-projectile-explosion3.png","Resources","957","未被正式场景、预设、构建配置或动态加载路径引用"
"Assets/Resources/pixramen-valley-asset-pack-v2/pixramen-valley-asset-pack-v2/demon-bat/png/1x/demon-bat-projectile-explosion/demon-bat-projectile-explosion4.png","Resources","670","未被正式场景、预设、构建配置或动态加载路径引用"
"Assets/Resources/pixramen-valley-asset-pack-v2/pixramen-valley-asset-pack-v2/demon-bat/png/1x/demon-bat-projectile-explosion/demon-bat-projectile-explosion5.png","Resources","414","未被正式场景、预设、构建配置或动态加载路径引用"
"Assets/Resources/pixramen-valley-asset-pack-v2/pixramen-valley-asset-pack-v2/demon-bat/png/2x/demon-bat-bite/demon-bat-bite1.png","Resources","493","未被正式场景、预设、构建配置或动态加载路径引用"
"Assets/Resources/pixramen-valley-asset-pack-v2/pixramen-valley-asset-pack-v2/demon-bat/png/2x/demon-bat-bite/demon-bat-bite10.png","Resources","452","未被正式场景、预设、构建配置或动态加载路径引用"
"Assets/Resources/pixramen-valley-asset-pack-v2/pixramen-valley-asset-pack-v2/demon-bat/png/2x/demon-bat-bite/demon-bat-bite11.png","Resources","493","未被正式场景、预设、构建配置或动态加载路径引用"
"Assets/Resources/pixramen-valley-asset-pack-v2/pixramen-valley-asset-pack-v2/demon-bat/png/2x/demon-bat-bite/demon-bat-bite12.png","Resources","431","未被正式场景、预设、构建配置或动态加载路径引用"
"Assets/Resources/pixramen-valley-asset-pack-v2/pixramen-valley-asset-pack-v2/demon-bat/png/2x/demon-bat-bite/demon-bat-bite13.png","Resources","428","未被正式场景、预设、构建配置或动态加载路径引用"
"Assets/Resources/pixramen-valley-asset-pack-v2/pixramen-valley-asset-pack-v2/demon-bat/png/2x/demon-bat-bite/demon-bat-bite14.png","Resources","431","未被正式场景、预设、构建配置或动态加载路径引用"
"Assets/Resources/pixramen-valley-asset-pack-v2/pixramen-valley-asset-pack-v2/demon-bat/png/2x/demon-bat-bite/demon-bat-bite2.png","Resources","531","未被正式场景、预设、构建配置或动态加载路径引用"
"Assets/Resources/pixramen-valley-asset-pack-v2/pixramen-valley-asset-pack-v2/demon-bat/png/2x/demon-bat-bite/demon-bat-bite3.png","Resources","614","未被正式场景、预设、构建配置或动态加载路径引用"
"Assets/Resources/pixramen-valley-asset-pack-v2/pixramen-valley-asset-pack-v2/demon-bat/png/2x/demon-bat-bite/demon-bat-bite4.png","Resources","614","未被正式场景、预设、构建配置或动态加载路径引用"
"Assets/Resources/pixramen-valley-asset-pack-v2/pixramen-valley-asset-pack-v2/demon-bat/png/2x/demon-bat-bite/demon-bat-bite5.png","Resources","614","未被正式场景、预设、构建配置或动态加载路径引用"
"Assets/Resources/pixramen-valley-asset-pack-v2/pixramen-valley-asset-pack-v2/demon-bat/png/2x/demon-bat-bite/demon-bat-bite6.png","Resources","693","未被正式场景、预设、构建配置或动态加载路径引用"
"Assets/Resources/pixramen-valley-asset-pack-v2/pixramen-valley-asset-pack-v2/demon-bat/png/2x/demon-bat-bite/demon-bat-bite7.png","Resources","684","未被正式场景、预设、构建配置或动态加载路径引用"
"Assets/Resources/pixramen-valley-asset-pack-v2/pixramen-valley-asset-pack-v2/demon-bat/png/2x/demon-bat-bite/demon-bat-bite8.png","Resources","543","未被正式场景、预设、构建配置或动态加载路径引用"
"Assets/Resources/pixramen-valley-asset-pack-v2/pixramen-valley-asset-pack-v2/demon-bat/png/2x/demon-bat-bite/demon-bat-bite9.png","Resources","462","未被正式场景、预设、构建配置或动态加载路径引用"
"Assets/Resources/pixramen-valley-asset-pack-v2/pixramen-valley-asset-pack-v2/demon-bat/png/2x/demon-bat-death/demon-bat-death1.png","Resources","493","未被正式场景、预设、构建配置或动态加载路径引用"
"Assets/Resources/pixramen-valley-asset-pack-v2/pixramen-valley-asset-pack-v2/demon-bat/png/2x/demon-bat-death/demon-bat-death2.png","Resources","462","未被正式场景、预设、构建配置或动态加载路径引用"
"Assets/Resources/pixramen-valley-asset-pack-v2/pixramen-valley-asset-pack-v2/demon-bat/png/2x/demon-bat-death/demon-bat-death3.png","Resources","635","未被正式场景、预设、构建配置或动态加载路径引用"
"Assets/Resources/pixramen-valley-asset-pack-v2/pixramen-valley-asset-pack-v2/demon-bat/png/2x/demon-bat-death/demon-bat-death4.png","Resources","499","未被正式场景、预设、构建配置或动态加载路径引用"
"Assets/Resources/pixramen-valley-asset-pack-v2/pixramen-valley-asset-pack-v2/demon-bat/png/2x/demon-bat-death/demon-bat-death5.png","Resources","379","未被正式场景、预设、构建配置或动态加载路径引用"
"Assets/Resources/pixramen-valley-asset-pack-v2/pixramen-valley-asset-pack-v2/demon-bat/png/2x/demon-bat-death/demon-bat-death6.png","Resources","156","未被正式场景、预设、构建配置或动态加载路径引用"
"Assets/Resources/pixramen-valley-asset-pack-v2/pixramen-valley-asset-pack-v2/demon-bat/png/2x/demon-bat-fire-projectile/demon-bat-fire-projectile1.png","Resources","493","未被正式场景、预设、构建配置或动态加载路径引用"
"Assets/Resources/pixramen-valley-asset-pack-v2/pixramen-valley-asset-pack-v2/demon-bat/png/2x/demon-bat-fire-projectile/demon-bat-fire-projectile2.png","Resources","531","未被正式场景、预设、构建配置或动态加载路径引用"
"Assets/Resources/pixramen-valley-asset-pack-v2/pixramen-valley-asset-pack-v2/demon-bat/png/2x/demon-bat-fire-projectile/demon-bat-fire-projectile3.png","Resources","614","未被正式场景、预设、构建配置或动态加载路径引用"
"Assets/Resources/pixramen-valley-asset-pack-v2/pixramen-valley-asset-pack-v2/demon-bat/png/2x/demon-bat-fire-projectile/demon-bat-fire-projectile4.png","Resources","676","未被正式场景、预设、构建配置或动态加载路径引用"
"Assets/Resources/pixramen-valley-asset-pack-v2/pixramen-valley-asset-pack-v2/demon-bat/png/2x/demon-bat-fire-projectile/demon-bat-fire-projectile5.png","Resources","493","未被正式场景、预设、构建配置或动态加载路径引用"
"Assets/Resources/pixramen-valley-asset-pack-v2/pixramen-valley-asset-pack-v2/demon-bat/png/2x/demon-bat-flying/demon-bat-flying1.png","Resources","493","未被正式场景、预设、构建配置或动态加载路径引用"
"Assets/Resources/pixramen-valley-asset-pack-v2/pixramen-valley-asset-pack-v2/demon-bat/png/2x/demon-bat-flying/demon-bat-flying2.png","Resources","431","未被正式场景、预设、构建配置或动态加载路径引用"
"Assets/Resources/pixramen-valley-asset-pack-v2/pixramen-valley-asset-pack-v2/demon-bat/png/2x/demon-bat-flying/demon-bat-flying3.png","Resources","428","未被正式场景、预设、构建配置或动态加载路径引用"
"Assets/Resources/pixramen-valley-asset-pack-v2/pixramen-valley-asset-pack-v2/demon-bat/png/2x/demon-bat-flying/demon-bat-flying4.png","Resources","436","未被正式场景、预设、构建配置或动态加载路径引用"
"Assets/Resources/pixramen-valley-asset-pack-v2/pixramen-valley-asset-pack-v2/demon-bat/png/2x/demon-bat-knockback/demon-bat-knockback.png","Resources","412","未被正式场景、预设、构建配置或动态加载路径引用"
"Assets/Resources/pixramen-valley-asset-pack-v2/pixramen-valley-asset-pack-v2/demon-bat/png/2x/demon-bat-prjectile-charging/demon-bat-prjectile-charging1.png","Resources","271","未被正式场景、预设、构建配置或动态加载路径引用"
"Assets/Resources/pixramen-valley-asset-pack-v2/pixramen-valley-asset-pack-v2/demon-bat/png/2x/demon-bat-prjectile-charging/demon-bat-prjectile-charging2.png","Resources","475","未被正式场景、预设、构建配置或动态加载路径引用"
"Assets/Resources/pixramen-valley-asset-pack-v2/pixramen-valley-asset-pack-v2/demon-bat/png/2x/demon-bat-prjectile-charging/demon-bat-prjectile-charging3.png","Resources","614","未被正式场景、预设、构建配置或动态加载路径引用"
"Assets/Resources/pixramen-valley-asset-pack-v2/pixramen-valley-asset-pack-v2/demon-bat/png/2x/demon-bat-prjectile-charging/demon-bat-prjectile-charging4.png","Resources","606","未被正式场景、预设、构建配置或动态加载路径引用"
"Assets/Resources/pixramen-valley-asset-pack-v2/pixramen-valley-asset-pack-v2/demon-bat/png/2x/demon-bat-prjectile-charging/demon-bat-prjectile-charging5.png","Resources","619","未被正式场景、预设、构建配置或动态加载路径引用"
"Assets/Resources/pixramen-valley-asset-pack-v2/pixramen-valley-asset-pack-v2/demon-bat/png/2x/demon-bat-projectile/demon-bat-projectile1.png","Resources","572","未被正式场景、预设、构建配置或动态加载路径引用"
"Assets/Resources/pixramen-valley-asset-pack-v2/pixramen-valley-asset-pack-v2/demon-bat/png/2x/demon-bat-projectile/demon-bat-projectile2.png","Resources","576","未被正式场景、预设、构建配置或动态加载路径引用"
"Assets/Resources/pixramen-valley-asset-pack-v2/pixramen-valley-asset-pack-v2/demon-bat/png/2x/demon-bat-projectile/demon-bat-projectile3.png","Resources","557","未被正式场景、预设、构建配置或动态加载路径引用"
"Assets/Resources/pixramen-valley-asset-pack-v2/pixramen-valley-asset-pack-v2/demon-bat/png/2x/demon-bat-projectile-explosion/demon-bat-projectile-explosion1.png","Resources","479","未被正式场景、预设、构建配置或动态加载路径引用"
"Assets/Resources/pixramen-valley-asset-pack-v2/pixramen-valley-asset-pack-v2/demon-bat/png/2x/demon-bat-projectile-explosion/demon-bat-projectile-explosion2.png","Resources","361","未被正式场景、预设、构建配置或动态加载路径引用"
"Assets/Resources/pixramen-valley-asset-pack-v2/pixramen-valley-asset-pack-v2/demon-bat/png/2x/demon-bat-projectile-explosion/demon-bat-projectile-explosion3.png","Resources","1233","未被正式场景、预设、构建配置或动态加载路径引用"
"Assets/Resources/pixramen-valley-asset-pack-v2/pixramen-valley-asset-pack-v2/demon-bat/png/2x/demon-bat-projectile-explosion/demon-bat-projectile-explosion4.png","Resources","934","未被正式场景、预设、构建配置或动态加载路径引用"
"Assets/Resources/pixramen-valley-asset-pack-v2/pixramen-valley-asset-pack-v2/demon-bat/png/2x/demon-bat-projectile-explosion/demon-bat-projectile-explosion5.png","Resources","594","未被正式场景、预设、构建配置或动态加载路径引用"
"Assets/Resources/pixramen-valley-asset-pack-v2/pixramen-valley-asset-pack-v2/demon-bat/png/3x/demon-bat-bite/demon-bat-bite1.png","Resources","623","未被正式场景、预设、构建配置或动态加载路径引用"
"Assets/Resources/pixramen-valley-asset-pack-v2/pixramen-valley-asset-pack-v2/demon-bat/png/3x/demon-bat-bite/demon-bat-bite10.png","Resources","567","未被正式场景、预设、构建配置或动态加载路径引用"
"Assets/Resources/pixramen-valley-asset-pack-v2/pixramen-valley-asset-pack-v2/demon-bat/png/3x/demon-bat-bite/demon-bat-bite11.png","Resources","623","未被正式场景、预设、构建配置或动态加载路径引用"
"Assets/Resources/pixramen-valley-asset-pack-v2/pixramen-valley-asset-pack-v2/demon-bat/png/3x/demon-bat-bite/demon-bat-bite12.png","Resources","547","未被正式场景、预设、构建配置或动态加载路径引用"
"Assets/Resources/pixramen-valley-asset-pack-v2/pixramen-valley-asset-pack-v2/demon-bat/png/3x/demon-bat-bite/demon-bat-bite13.png","Resources","531","未被正式场景、预设、构建配置或动态加载路径引用"
"Assets/Resources/pixramen-valley-asset-pack-v2/pixramen-valley-asset-pack-v2/demon-bat/png/3x/demon-bat-bite/demon-bat-bite14.png","Resources","547","未被正式场景、预设、构建配置或动态加载路径引用"
"Assets/Resources/pixramen-valley-asset-pack-v2/pixramen-valley-asset-pack-v2/demon-bat/png/3x/demon-bat-bite/demon-bat-bite2.png","Resources","652","未被正式场景、预设、构建配置或动态加载路径引用"
"Assets/Resources/pixramen-valley-asset-pack-v2/pixramen-valley-asset-pack-v2/demon-bat/png/3x/demon-bat-bite/demon-bat-bite3.png","Resources","754","未被正式场景、预设、构建配置或动态加载路径引用"
"Assets/Resources/pixramen-valley-asset-pack-v2/pixramen-valley-asset-pack-v2/demon-bat/png/3x/demon-bat-bite/demon-bat-bite4.png","Resources","754","未被正式场景、预设、构建配置或动态加载路径引用"
"Assets/Resources/pixramen-valley-asset-pack-v2/pixramen-valley-asset-pack-v2/demon-bat/png/3x/demon-bat-bite/demon-bat-bite5.png","Resources","754","未被正式场景、预设、构建配置或动态加载路径引用"
"Assets/Resources/pixramen-valley-asset-pack-v2/pixramen-valley-asset-pack-v2/demon-bat/png/3x/demon-bat-bite/demon-bat-bite6.png","Resources","826","未被正式场景、预设、构建配置或动态加载路径引用"
"Assets/Resources/pixramen-valley-asset-pack-v2/pixramen-valley-asset-pack-v2/demon-bat/png/3x/demon-bat-bite/demon-bat-bite7.png","Resources","839","未被正式场景、预设、构建配置或动态加载路径引用"
"Assets/Resources/pixramen-valley-asset-pack-v2/pixramen-valley-asset-pack-v2/demon-bat/png/3x/demon-bat-bite/demon-bat-bite8.png","Resources","666","未被正式场景、预设、构建配置或动态加载路径引用"
"Assets/Resources/pixramen-valley-asset-pack-v2/pixramen-valley-asset-pack-v2/demon-bat/png/3x/demon-bat-bite/demon-bat-bite9.png","Resources","566","未被正式场景、预设、构建配置或动态加载路径引用"
"Assets/Resources/pixramen-valley-asset-pack-v2/pixramen-valley-asset-pack-v2/demon-bat/png/3x/demon-bat-death/demon-bat-death1.png","Resources","623","未被正式场景、预设、构建配置或动态加载路径引用"
"Assets/Resources/pixramen-valley-asset-pack-v2/pixramen-valley-asset-pack-v2/demon-bat/png/3x/demon-bat-death/demon-bat-death2.png","Resources","618","未被正式场景、预设、构建配置或动态加载路径引用"
"Assets/Resources/pixramen-valley-asset-pack-v2/pixramen-valley-asset-pack-v2/demon-bat/png/3x/demon-bat-death/demon-bat-death3.png","Resources","788","未被正式场景、预设、构建配置或动态加载路径引用"
"Assets/Resources/pixramen-valley-asset-pack-v2/pixramen-valley-asset-pack-v2/demon-bat/png/3x/demon-bat-death/demon-bat-death4.png","Resources","632","未被正式场景、预设、构建配置或动态加载路径引用"
"Assets/Resources/pixramen-valley-asset-pack-v2/pixramen-valley-asset-pack-v2/demon-bat/png/3x/demon-bat-death/demon-bat-death5.png","Resources","487","未被正式场景、预设、构建配置或动态加载路径引用"
"Assets/Resources/pixramen-valley-asset-pack-v2/pixramen-valley-asset-pack-v2/demon-bat/png/3x/demon-bat-death/demon-bat-death6.png","Resources","236","未被正式场景、预设、构建配置或动态加载路径引用"
"Assets/Resources/pixramen-valley-asset-pack-v2/pixramen-valley-asset-pack-v2/demon-bat/png/3x/demon-bat-fire-projectile/demon-bat-fire-projectile1.png","Resources","623","未被正式场景、预设、构建配置或动态加载路径引用"
"Assets/Resources/pixramen-valley-asset-pack-v2/pixramen-valley-asset-pack-v2/demon-bat/png/3x/demon-bat-fire-projectile/demon-bat-fire-projectile2.png","Resources","652","未被正式场景、预设、构建配置或动态加载路径引用"
"Assets/Resources/pixramen-valley-asset-pack-v2/pixramen-valley-asset-pack-v2/demon-bat/png/3x/demon-bat-fire-projectile/demon-bat-fire-projectile3.png","Resources","754","未被正式场景、预设、构建配置或动态加载路径引用"
"Assets/Resources/pixramen-valley-asset-pack-v2/pixramen-valley-asset-pack-v2/demon-bat/png/3x/demon-bat-fire-projectile/demon-bat-fire-projectile4.png","Resources","807","未被正式场景、预设、构建配置或动态加载路径引用"
"Assets/Resources/pixramen-valley-asset-pack-v2/pixramen-valley-asset-pack-v2/demon-bat/png/3x/demon-bat-fire-projectile/demon-bat-fire-projectile5.png","Resources","623","未被正式场景、预设、构建配置或动态加载路径引用"
"Assets/Resources/pixramen-valley-asset-pack-v2/pixramen-valley-asset-pack-v2/demon-bat/png/3x/demon-bat-flying/demon-bat-flying1.png","Resources","623","未被正式场景、预设、构建配置或动态加载路径引用"
"Assets/Resources/pixramen-valley-asset-pack-v2/pixramen-valley-asset-pack-v2/demon-bat/png/3x/demon-bat-flying/demon-bat-flying2.png","Resources","547","未被正式场景、预设、构建配置或动态加载路径引用"
"Assets/Resources/pixramen-valley-asset-pack-v2/pixramen-valley-asset-pack-v2/demon-bat/png/3x/demon-bat-flying/demon-bat-flying3.png","Resources","531","未被正式场景、预设、构建配置或动态加载路径引用"
"Assets/Resources/pixramen-valley-asset-pack-v2/pixramen-valley-asset-pack-v2/demon-bat/png/3x/demon-bat-flying/demon-bat-flying4.png","Resources","552","未被正式场景、预设、构建配置或动态加载路径引用"
"Assets/Resources/pixramen-valley-asset-pack-v2/pixramen-valley-asset-pack-v2/demon-bat/png/3x/demon-bat-knockback/demon-bat-knockback.png","Resources","524","未被正式场景、预设、构建配置或动态加载路径引用"
"Assets/Resources/pixramen-valley-asset-pack-v2/pixramen-valley-asset-pack-v2/demon-bat/png/3x/demon-bat-prjectile-charging/demon-bat-prjectile-charging1.png","Resources","405","未被正式场景、预设、构建配置或动态加载路径引用"
"Assets/Resources/pixramen-valley-asset-pack-v2/pixramen-valley-asset-pack-v2/demon-bat/png/3x/demon-bat-prjectile-charging/demon-bat-prjectile-charging2.png","Resources","627","未被正式场景、预设、构建配置或动态加载路径引用"
"Assets/Resources/pixramen-valley-asset-pack-v2/pixramen-valley-asset-pack-v2/demon-bat/png/3x/demon-bat-prjectile-charging/demon-bat-prjectile-charging3.png","Resources","777","未被正式场景、预设、构建配置或动态加载路径引用"
"Assets/Resources/pixramen-valley-asset-pack-v2/pixramen-valley-asset-pack-v2/demon-bat/png/3x/demon-bat-prjectile-charging/demon-bat-prjectile-charging4.png","Resources","778","未被正式场景、预设、构建配置或动态加载路径引用"
"Assets/Resources/pixramen-valley-asset-pack-v2/pixramen-valley-asset-pack-v2/demon-bat/png/3x/demon-bat-prjectile-charging/demon-bat-prjectile-charging5.png","Resources","798","未被正式场景、预设、构建配置或动态加载路径引用"
"Assets/Resources/pixramen-valley-asset-pack-v2/pixramen-valley-asset-pack-v2/demon-bat/png/3x/demon-bat-projectile/demon-bat-projectile1.png","Resources","730","未被正式场景、预设、构建配置或动态加载路径引用"
"Assets/Resources/pixramen-valley-asset-pack-v2/pixramen-valley-asset-pack-v2/demon-bat/png/3x/demon-bat-projectile/demon-bat-projectile2.png","Resources","736","未被正式场景、预设、构建配置或动态加载路径引用"
"Assets/Resources/pixramen-valley-asset-pack-v2/pixramen-valley-asset-pack-v2/demon-bat/png/3x/demon-bat-projectile/demon-bat-projectile3.png","Resources","719","未被正式场景、预设、构建配置或动态加载路径引用"
"Assets/Resources/pixramen-valley-asset-pack-v2/pixramen-valley-asset-pack-v2/demon-bat/png/3x/demon-bat-projectile-explosion/demon-bat-projectile-explosion1.png","Resources","638","未被正式场景、预设、构建配置或动态加载路径引用"
"Assets/Resources/pixramen-valley-asset-pack-v2/pixramen-valley-asset-pack-v2/demon-bat/png/3x/demon-bat-projectile-explosion/demon-bat-projectile-explosion2.png","Resources","543","未被正式场景、预设、构建配置或动态加载路径引用"
"Assets/Resources/pixramen-valley-asset-pack-v2/pixramen-valley-asset-pack-v2/demon-bat/png/3x/demon-bat-projectile-explosion/demon-bat-projectile-explosion3.png","Resources","1489","未被正式场景、预设、构建配置或动态加载路径引用"
"Assets/Resources/pixramen-valley-asset-pack-v2/pixramen-valley-asset-pack-v2/demon-bat/png/3x/demon-bat-projectile-explosion/demon-bat-projectile-explosion4.png","Resources","1194","未被正式场景、预设、构建配置或动态加载路径引用"
"Assets/Resources/pixramen-valley-asset-pack-v2/pixramen-valley-asset-pack-v2/demon-bat/png/3x/demon-bat-projectile-explosion/demon-bat-projectile-explosion5.png","Resources","823","未被正式场景、预设、构建配置或动态加载路径引用"
"Assets/Resources/pixramen-valley-asset-pack-v2/pixramen-valley-asset-pack-v2/demon-bat/png/4x/demon-bat-bite/demon-bat-bite1.png","Resources","774","未被正式场景、预设、构建配置或动态加载路径引用"
"Assets/Resources/pixramen-valley-asset-pack-v2/pixramen-valley-asset-pack-v2/demon-bat/png/4x/demon-bat-bite/demon-bat-bite10.png","Resources","727","未被正式场景、预设、构建配置或动态加载路径引用"
"Assets/Resources/pixramen-valley-asset-pack-v2/pixramen-valley-asset-pack-v2/demon-bat/png/4x/demon-bat-bite/demon-bat-bite11.png","Resources","774","未被正式场景、预设、构建配置或动态加载路径引用"
"Assets/Resources/pixramen-valley-asset-pack-v2/pixramen-valley-asset-pack-v2/demon-bat/png/4x/demon-bat-bite/demon-bat-bite12.png","Resources","704","未被正式场景、预设、构建配置或动态加载路径引用"
"Assets/Resources/pixramen-valley-asset-pack-v2/pixramen-valley-asset-pack-v2/demon-bat/png/4x/demon-bat-bite/demon-bat-bite13.png","Resources","688","未被正式场景、预设、构建配置或动态加载路径引用"
"Assets/Resources/pixramen-valley-asset-pack-v2/pixramen-valley-asset-pack-v2/demon-bat/png/4x/demon-bat-bite/demon-bat-bite14.png","Resources","704","未被正式场景、预设、构建配置或动态加载路径引用"
"Assets/Resources/pixramen-valley-asset-pack-v2/pixramen-valley-asset-pack-v2/demon-bat/png/4x/demon-bat-bite/demon-bat-bite2.png","Resources","813","未被正式场景、预设、构建配置或动态加载路径引用"
"Assets/Resources/pixramen-valley-asset-pack-v2/pixramen-valley-asset-pack-v2/demon-bat/png/4x/demon-bat-bite/demon-bat-bite3.png","Resources","918","未被正式场景、预设、构建配置或动态加载路径引用"
"Assets/Resources/pixramen-valley-asset-pack-v2/pixramen-valley-asset-pack-v2/demon-bat/png/4x/demon-bat-bite/demon-bat-bite4.png","Resources","918","未被正式场景、预设、构建配置或动态加载路径引用"
"Assets/Resources/pixramen-valley-asset-pack-v2/pixramen-valley-asset-pack-v2/demon-bat/png/4x/demon-bat-bite/demon-bat-bite5.png","Resources","918","未被正式场景、预设、构建配置或动态加载路径引用"
"Assets/Resources/pixramen-valley-asset-pack-v2/pixramen-valley-asset-pack-v2/demon-bat/png/4x/demon-bat-bite/demon-bat-bite6.png","Resources","1007","未被正式场景、预设、构建配置或动态加载路径引用"
"Assets/Resources/pixramen-valley-asset-pack-v2/pixramen-valley-asset-pack-v2/demon-bat/png/4x/demon-bat-bite/demon-bat-bite7.png","Resources","1040","未被正式场景、预设、构建配置或动态加载路径引用"
"Assets/Resources/pixramen-valley-asset-pack-v2/pixramen-valley-asset-pack-v2/demon-bat/png/4x/demon-bat-bite/demon-bat-bite8.png","Resources","844","未被正式场景、预设、构建配置或动态加载路径引用"
"Assets/Resources/pixramen-valley-asset-pack-v2/pixramen-valley-asset-pack-v2/demon-bat/png/4x/demon-bat-bite/demon-bat-bite9.png","Resources","722","未被正式场景、预设、构建配置或动态加载路径引用"
"Assets/Resources/pixramen-valley-asset-pack-v2/pixramen-valley-asset-pack-v2/demon-bat/png/4x/demon-bat-death/demon-bat-death1.png","Resources","774","未被正式场景、预设、构建配置或动态加载路径引用"
"Assets/Resources/pixramen-valley-asset-pack-v2/pixramen-valley-asset-pack-v2/demon-bat/png/4x/demon-bat-death/demon-bat-death2.png","Resources","777","未被正式场景、预设、构建配置或动态加载路径引用"
"Assets/Resources/pixramen-valley-asset-pack-v2/pixramen-valley-asset-pack-v2/demon-bat/png/4x/demon-bat-death/demon-bat-death3.png","Resources","963","未被正式场景、预设、构建配置或动态加载路径引用"
"Assets/Resources/pixramen-valley-asset-pack-v2/pixramen-valley-asset-pack-v2/demon-bat/png/4x/demon-bat-death/demon-bat-death4.png","Resources","795","未被正式场景、预设、构建配置或动态加载路径引用"
"Assets/Resources/pixramen-valley-asset-pack-v2/pixramen-valley-asset-pack-v2/demon-bat/png/4x/demon-bat-death/demon-bat-death5.png","Resources","633","未被正式场景、预设、构建配置或动态加载路径引用"
"Assets/Resources/pixramen-valley-asset-pack-v2/pixramen-valley-asset-pack-v2/demon-bat/png/4x/demon-bat-death/demon-bat-death6.png","Resources","347","未被正式场景、预设、构建配置或动态加载路径引用"
"Assets/Resources/pixramen-valley-asset-pack-v2/pixramen-valley-asset-pack-v2/demon-bat/png/4x/demon-bat-fire-projectile/demon-bat-fire-projectile1.png","Resources","774","未被正式场景、预设、构建配置或动态加载路径引用"
"Assets/Resources/pixramen-valley-asset-pack-v2/pixramen-valley-asset-pack-v2/demon-bat/png/4x/demon-bat-fire-projectile/demon-bat-fire-projectile2.png","Resources","813","未被正式场景、预设、构建配置或动态加载路径引用"
"Assets/Resources/pixramen-valley-asset-pack-v2/pixramen-valley-asset-pack-v2/demon-bat/png/4x/demon-bat-fire-projectile/demon-bat-fire-projectile3.png","Resources","918","未被正式场景、预设、构建配置或动态加载路径引用"
"Assets/Resources/pixramen-valley-asset-pack-v2/pixramen-valley-asset-pack-v2/demon-bat/png/4x/demon-bat-fire-projectile/demon-bat-fire-projectile4.png","Resources","984","未被正式场景、预设、构建配置或动态加载路径引用"
"Assets/Resources/pixramen-valley-asset-pack-v2/pixramen-valley-asset-pack-v2/demon-bat/png/4x/demon-bat-fire-projectile/demon-bat-fire-projectile5.png","Resources","774","未被正式场景、预设、构建配置或动态加载路径引用"
"Assets/Resources/pixramen-valley-asset-pack-v2/pixramen-valley-asset-pack-v2/demon-bat/png/4x/demon-bat-flying/demon-bat-flying1.png","Resources","774","未被正式场景、预设、构建配置或动态加载路径引用"
"Assets/Resources/pixramen-valley-asset-pack-v2/pixramen-valley-asset-pack-v2/demon-bat/png/4x/demon-bat-flying/demon-bat-flying2.png","Resources","704","未被正式场景、预设、构建配置或动态加载路径引用"
"Assets/Resources/pixramen-valley-asset-pack-v2/pixramen-valley-asset-pack-v2/demon-bat/png/4x/demon-bat-flying/demon-bat-flying3.png","Resources","688","未被正式场景、预设、构建配置或动态加载路径引用"
"Assets/Resources/pixramen-valley-asset-pack-v2/pixramen-valley-asset-pack-v2/demon-bat/png/4x/demon-bat-flying/demon-bat-flying4.png","Resources","708","未被正式场景、预设、构建配置或动态加载路径引用"
"Assets/Resources/pixramen-valley-asset-pack-v2/pixramen-valley-asset-pack-v2/demon-bat/png/4x/demon-bat-knockback/demon-bat-knockback.png","Resources","676","未被正式场景、预设、构建配置或动态加载路径引用"
"Assets/Resources/pixramen-valley-asset-pack-v2/pixramen-valley-asset-pack-v2/demon-bat/png/4x/demon-bat-prjectile-charging/demon-bat-prjectile-charging1.png","Resources","589","未被正式场景、预设、构建配置或动态加载路径引用"
"Assets/Resources/pixramen-valley-asset-pack-v2/pixramen-valley-asset-pack-v2/demon-bat/png/4x/demon-bat-prjectile-charging/demon-bat-prjectile-charging2.png","Resources","829","未被正式场景、预设、构建配置或动态加载路径引用"
"Assets/Resources/pixramen-valley-asset-pack-v2/pixramen-valley-asset-pack-v2/demon-bat/png/4x/demon-bat-prjectile-charging/demon-bat-prjectile-charging3.png","Resources","989","未被正式场景、预设、构建配置或动态加载路径引用"
"Assets/Resources/pixramen-valley-asset-pack-v2/pixramen-valley-asset-pack-v2/demon-bat/png/4x/demon-bat-prjectile-charging/demon-bat-prjectile-charging4.png","Resources","1001","未被正式场景、预设、构建配置或动态加载路径引用"
"Assets/Resources/pixramen-valley-asset-pack-v2/pixramen-valley-asset-pack-v2/demon-bat/png/4x/demon-bat-prjectile-charging/demon-bat-prjectile-charging5.png","Resources","1022","未被正式场景、预设、构建配置或动态加载路径引用"
"Assets/Resources/pixramen-valley-asset-pack-v2/pixramen-valley-asset-pack-v2/demon-bat/png/4x/demon-bat-projectile/demon-bat-projectile1.png","Resources","956","未被正式场景、预设、构建配置或动态加载路径引用"
"Assets/Resources/pixramen-valley-asset-pack-v2/pixramen-valley-asset-pack-v2/demon-bat/png/4x/demon-bat-projectile/demon-bat-projectile2.png","Resources","951","未被正式场景、预设、构建配置或动态加载路径引用"
"Assets/Resources/pixramen-valley-asset-pack-v2/pixramen-valley-asset-pack-v2/demon-bat/png/4x/demon-bat-projectile/demon-bat-projectile3.png","Resources","941","未被正式场景、预设、构建配置或动态加载路径引用"
"Assets/Resources/pixramen-valley-asset-pack-v2/pixramen-valley-asset-pack-v2/demon-bat/png/4x/demon-bat-projectile-explosion/demon-bat-projectile-explosion1.png","Resources","847","未被正式场景、预设、构建配置或动态加载路径引用"
"Assets/Resources/pixramen-valley-asset-pack-v2/pixramen-valley-asset-pack-v2/demon-bat/png/4x/demon-bat-projectile-explosion/demon-bat-projectile-explosion2.png","Resources","790","未被正式场景、预设、构建配置或动态加载路径引用"
"Assets/Resources/pixramen-valley-asset-pack-v2/pixramen-valley-asset-pack-v2/demon-bat/png/4x/demon-bat-projectile-explosion/demon-bat-projectile-explosion3.png","Resources","1824","未被正式场景、预设、构建配置或动态加载路径引用"
"Assets/Resources/pixramen-valley-asset-pack-v2/pixramen-valley-asset-pack-v2/demon-bat/png/4x/demon-bat-projectile-explosion/demon-bat-projectile-explosion4.png","Resources","1473","未被正式场景、预设、构建配置或动态加载路径引用"
"Assets/Resources/pixramen-valley-asset-pack-v2/pixramen-valley-asset-pack-v2/demon-bat/png/4x/demon-bat-projectile-explosion/demon-bat-projectile-explosion5.png","Resources","1053","未被正式场景、预设、构建配置或动态加载路径引用"
"Assets/Resources/pixramen-valley-asset-pack-v2/pixramen-valley-asset-pack-v2/demon-bat/png/5x/demon-bat-bite/demon-bat-bite1.png","Resources","952","未被正式场景、预设、构建配置或动态加载路径引用"
"Assets/Resources/pixramen-valley-asset-pack-v2/pixramen-valley-asset-pack-v2/demon-bat/png/5x/demon-bat-bite/demon-bat-bite10.png","Resources","907","未被正式场景、预设、构建配置或动态加载路径引用"
"Assets/Resources/pixramen-valley-asset-pack-v2/pixramen-valley-asset-pack-v2/demon-bat/png/5x/demon-bat-bite/demon-bat-bite11.png","Resources","952","未被正式场景、预设、构建配置或动态加载路径引用"
"Assets/Resources/pixramen-valley-asset-pack-v2/pixramen-valley-asset-pack-v2/demon-bat/png/5x/demon-bat-bite/demon-bat-bite12.png","Resources","882","未被正式场景、预设、构建配置或动态加载路径引用"
"Assets/Resources/pixramen-valley-asset-pack-v2/pixramen-valley-asset-pack-v2/demon-bat/png/5x/demon-bat-bite/demon-bat-bite13.png","Resources","858","未被正式场景、预设、构建配置或动态加载路径引用"
"Assets/Resources/pixramen-valley-asset-pack-v2/pixramen-valley-asset-pack-v2/demon-bat/png/5x/demon-bat-bite/demon-bat-bite14.png","Resources","882","未被正式场景、预设、构建配置或动态加载路径引用"
"Assets/Resources/pixramen-valley-asset-pack-v2/pixramen-valley-asset-pack-v2/demon-bat/png/5x/demon-bat-bite/demon-bat-bite2.png","Resources","989","未被正式场景、预设、构建配置或动态加载路径引用"
"Assets/Resources/pixramen-valley-asset-pack-v2/pixramen-valley-asset-pack-v2/demon-bat/png/5x/demon-bat-bite/demon-bat-bite3.png","Resources","1095","未被正式场景、预设、构建配置或动态加载路径引用"
"Assets/Resources/pixramen-valley-asset-pack-v2/pixramen-valley-asset-pack-v2/demon-bat/png/5x/demon-bat-bite/demon-bat-bite4.png","Resources","1095","未被正式场景、预设、构建配置或动态加载路径引用"
"Assets/Resources/pixramen-valley-asset-pack-v2/pixramen-valley-asset-pack-v2/demon-bat/png/5x/demon-bat-bite/demon-bat-bite5.png","Resources","1095","未被正式场景、预设、构建配置或动态加载路径引用"
"Assets/Resources/pixramen-valley-asset-pack-v2/pixramen-valley-asset-pack-v2/demon-bat/png/5x/demon-bat-bite/demon-bat-bite6.png","Resources","1203","未被正式场景、预设、构建配置或动态加载路径引用"
"Assets/Resources/pixramen-valley-asset-pack-v2/pixramen-valley-asset-pack-v2/demon-bat/png/5x/demon-bat-bite/demon-bat-bite7.png","Resources","1238","未被正式场景、预设、构建配置或动态加载路径引用"
"Assets/Resources/pixramen-valley-asset-pack-v2/pixramen-valley-asset-pack-v2/demon-bat/png/5x/demon-bat-bite/demon-bat-bite8.png","Resources","1040","未被正式场景、预设、构建配置或动态加载路径引用"
"Assets/Resources/pixramen-valley-asset-pack-v2/pixramen-valley-asset-pack-v2/demon-bat/png/5x/demon-bat-bite/demon-bat-bite9.png","Resources","895","未被正式场景、预设、构建配置或动态加载路径引用"
"Assets/Resources/pixramen-valley-asset-pack-v2/pixramen-valley-asset-pack-v2/demon-bat/png/5x/demon-bat-death/demon-bat-death1.png","Resources","952","未被正式场景、预设、构建配置或动态加载路径引用"
"Assets/Resources/pixramen-valley-asset-pack-v2/pixramen-valley-asset-pack-v2/demon-bat/png/5x/demon-bat-death/demon-bat-death2.png","Resources","957","未被正式场景、预设、构建配置或动态加载路径引用"
"Assets/Resources/pixramen-valley-asset-pack-v2/pixramen-valley-asset-pack-v2/demon-bat/png/5x/demon-bat-death/demon-bat-death3.png","Resources","1154","未被正式场景、预设、构建配置或动态加载路径引用"
"Assets/Resources/pixramen-valley-asset-pack-v2/pixramen-valley-asset-pack-v2/demon-bat/png/5x/demon-bat-death/demon-bat-death4.png","Resources","968","未被正式场景、预设、构建配置或动态加载路径引用"
"Assets/Resources/pixramen-valley-asset-pack-v2/pixramen-valley-asset-pack-v2/demon-bat/png/5x/demon-bat-death/demon-bat-death5.png","Resources","800","未被正式场景、预设、构建配置或动态加载路径引用"
"Assets/Resources/pixramen-valley-asset-pack-v2/pixramen-valley-asset-pack-v2/demon-bat/png/5x/demon-bat-death/demon-bat-death6.png","Resources","490","未被正式场景、预设、构建配置或动态加载路径引用"
"Assets/Resources/pixramen-valley-asset-pack-v2/pixramen-valley-asset-pack-v2/demon-bat/png/5x/demon-bat-fire-projectile/demon-bat-fire-projectile1.png","Resources","952","未被正式场景、预设、构建配置或动态加载路径引用"
"Assets/Resources/pixramen-valley-asset-pack-v2/pixramen-valley-asset-pack-v2/demon-bat/png/5x/demon-bat-fire-projectile/demon-bat-fire-projectile2.png","Resources","989","未被正式场景、预设、构建配置或动态加载路径引用"
"Assets/Resources/pixramen-valley-asset-pack-v2/pixramen-valley-asset-pack-v2/demon-bat/png/5x/demon-bat-fire-projectile/demon-bat-fire-projectile3.png","Resources","1095","未被正式场景、预设、构建配置或动态加载路径引用"
"Assets/Resources/pixramen-valley-asset-pack-v2/pixramen-valley-asset-pack-v2/demon-bat/png/5x/demon-bat-fire-projectile/demon-bat-fire-projectile4.png","Resources","1180","未被正式场景、预设、构建配置或动态加载路径引用"
"Assets/Resources/pixramen-valley-asset-pack-v2/pixramen-valley-asset-pack-v2/demon-bat/png/5x/demon-bat-fire-projectile/demon-bat-fire-projectile5.png","Resources","952","未被正式场景、预设、构建配置或动态加载路径引用"
"Assets/Resources/pixramen-valley-asset-pack-v2/pixramen-valley-asset-pack-v2/demon-bat/png/5x/demon-bat-flying/demon-bat-flying1.png","Resources","952","未被正式场景、预设、构建配置或动态加载路径引用"
"Assets/Resources/pixramen-valley-asset-pack-v2/pixramen-valley-asset-pack-v2/demon-bat/png/5x/demon-bat-flying/demon-bat-flying2.png","Resources","882","未被正式场景、预设、构建配置或动态加载路径引用"
"Assets/Resources/pixramen-valley-asset-pack-v2/pixramen-valley-asset-pack-v2/demon-bat/png/5x/demon-bat-flying/demon-bat-flying3.png","Resources","858","未被正式场景、预设、构建配置或动态加载路径引用"
"Assets/Resources/pixramen-valley-asset-pack-v2/pixramen-valley-asset-pack-v2/demon-bat/png/5x/demon-bat-flying/demon-bat-flying4.png","Resources","889","未被正式场景、预设、构建配置或动态加载路径引用"
"Assets/Resources/pixramen-valley-asset-pack-v2/pixramen-valley-asset-pack-v2/demon-bat/png/5x/demon-bat-knockback/demon-bat-knockback.png","Resources","854","未被正式场景、预设、构建配置或动态加载路径引用"
"Assets/Resources/pixramen-valley-asset-pack-v2/pixramen-valley-asset-pack-v2/demon-bat/png/5x/demon-bat-prjectile-charging/demon-bat-prjectile-charging1.png","Resources","819","未被正式场景、预设、构建配置或动态加载路径引用"
"Assets/Resources/pixramen-valley-asset-pack-v2/pixramen-valley-asset-pack-v2/demon-bat/png/5x/demon-bat-prjectile-charging/demon-bat-prjectile-charging2.png","Resources","1074","未被正式场景、预设、构建配置或动态加载路径引用"
"Assets/Resources/pixramen-valley-asset-pack-v2/pixramen-valley-asset-pack-v2/demon-bat/png/5x/demon-bat-prjectile-charging/demon-bat-prjectile-charging3.png","Resources","1256","未被正式场景、预设、构建配置或动态加载路径引用"
"Assets/Resources/pixramen-valley-asset-pack-v2/pixramen-valley-asset-pack-v2/demon-bat/png/5x/demon-bat-prjectile-charging/demon-bat-prjectile-charging4.png","Resources","1262","未被正式场景、预设、构建配置或动态加载路径引用"
"Assets/Resources/pixramen-valley-asset-pack-v2/pixramen-valley-asset-pack-v2/demon-bat/png/5x/demon-bat-prjectile-charging/demon-bat-prjectile-charging5.png","Resources","1285","未被正式场景、预设、构建配置或动态加载路径引用"
"Assets/Resources/pixramen-valley-asset-pack-v2/pixramen-valley-asset-pack-v2/demon-bat/png/5x/demon-bat-projectile/demon-bat-projectile1.png","Resources","1213","未被正式场景、预设、构建配置或动态加载路径引用"
"Assets/Resources/pixramen-valley-asset-pack-v2/pixramen-valley-asset-pack-v2/demon-bat/png/5x/demon-bat-projectile/demon-bat-projectile2.png","Resources","1216","未被正式场景、预设、构建配置或动态加载路径引用"
"Assets/Resources/pixramen-valley-asset-pack-v2/pixramen-valley-asset-pack-v2/demon-bat/png/5x/demon-bat-projectile/demon-bat-projectile3.png","Resources","1200","未被正式场景、预设、构建配置或动态加载路径引用"
"Assets/Resources/pixramen-valley-asset-pack-v2/pixramen-valley-asset-pack-v2/demon-bat/png/5x/demon-bat-projectile-explosion/demon-bat-projectile-explosion1.png","Resources","1101","未被正式场景、预设、构建配置或动态加载路径引用"
"Assets/Resources/pixramen-valley-asset-pack-v2/pixramen-valley-asset-pack-v2/demon-bat/png/5x/demon-bat-projectile-explosion/demon-bat-projectile-explosion2.png","Resources","1044","未被正式场景、预设、构建配置或动态加载路径引用"
"Assets/Resources/pixramen-valley-asset-pack-v2/pixramen-valley-asset-pack-v2/demon-bat/png/5x/demon-bat-projectile-explosion/demon-bat-projectile-explosion3.png","Resources","2173","未被正式场景、预设、构建配置或动态加载路径引用"
"Assets/Resources/pixramen-valley-asset-pack-v2/pixramen-valley-asset-pack-v2/demon-bat/png/5x/demon-bat-projectile-explosion/demon-bat-projectile-explosion4.png","Resources","1795","未被正式场景、预设、构建配置或动态加载路径引用"
"Assets/Resources/pixramen-valley-asset-pack-v2/pixramen-valley-asset-pack-v2/demon-bat/png/5x/demon-bat-projectile-explosion/demon-bat-projectile-explosion5.png","Resources","1331","未被正式场景、预设、构建配置或动态加载路径引用"
"Assets/Resources/pixramen-valley-asset-pack-v2/pixramen-valley-asset-pack-v2/demon-bat/preview_gif/preview-demon-bat-bite.gif","Resources","8423","未被正式场景、预设、构建配置或动态加载路径引用"
"Assets/Resources/pixramen-valley-asset-pack-v2/pixramen-valley-asset-pack-v2/demon-bat/preview_gif/preview-demon-bat-death.gif","Resources","2931","未被正式场景、预设、构建配置或动态加载路径引用"
"Assets/Resources/pixramen-valley-asset-pack-v2/pixramen-valley-asset-pack-v2/demon-bat/preview_gif/preview-demon-bat-fly.gif","Resources","2218","未被正式场景、预设、构建配置或动态加载路径引用"
"Assets/Resources/pixramen-valley-asset-pack-v2/pixramen-valley-asset-pack-v2/demon-bat/preview_gif/preview-demon-bat-knockback.png","Resources","781","未被正式场景、预设、构建配置或动态加载路径引用"
"Assets/Resources/pixramen-valley-asset-pack-v2/pixramen-valley-asset-pack-v2/demon-bat/preview_gif/preview-demon-bat-range-attack.gif","Resources","14188","未被正式场景、预设、构建配置或动态加载路径引用"
"Assets/Resources/pixramen-valley-asset-pack-v2/pixramen-valley-asset-pack-v2/demon-bat/spritesheets/1x/demon-bat-bite.png","Resources","2270","未被正式场景、预设、构建配置或动态加载路径引用"
"Assets/Resources/pixramen-valley-asset-pack-v2/pixramen-valley-asset-pack-v2/demon-bat/spritesheets/1x/demon-bat-death.png","Resources","1352","未被正式场景、预设、构建配置或动态加载路径引用"
"Assets/Resources/pixramen-valley-asset-pack-v2/pixramen-valley-asset-pack-v2/demon-bat/spritesheets/1x/demon-bat-fire-projectile.png","Resources","1192","未被正式场景、预设、构建配置或动态加载路径引用"
"Assets/Resources/pixramen-valley-asset-pack-v2/pixramen-valley-asset-pack-v2/demon-bat/spritesheets/1x/demon-bat-flying.png","Resources","748","未被正式场景、预设、构建配置或动态加载路径引用"
"Assets/Resources/pixramen-valley-asset-pack-v2/pixramen-valley-asset-pack-v2/demon-bat/spritesheets/1x/demon-bat-knockback.png","Resources","295","未被正式场景、预设、构建配置或动态加载路径引用"
"Assets/Resources/pixramen-valley-asset-pack-v2/pixramen-valley-asset-pack-v2/demon-bat/spritesheets/1x/demon-bat-prjectile-charging.png","Resources","1194","未被正式场景、预设、构建配置或动态加载路径引用"
"Assets/Resources/pixramen-valley-asset-pack-v2/pixramen-valley-asset-pack-v2/demon-bat/spritesheets/1x/demon-bat-projectile.png","Resources","816","未被正式场景、预设、构建配置或动态加载路径引用"
"Assets/Resources/pixramen-valley-asset-pack-v2/pixramen-valley-asset-pack-v2/demon-bat/spritesheets/1x/demon-bat-projectile-explosion.png","Resources","1905","未被正式场景、预设、构建配置或动态加载路径引用"
"Assets/Resources/pixramen-valley-asset-pack-v2/pixramen-valley-asset-pack-v2/demon-bat/spritesheets/2x/demon-bat-bite.png","Resources","3246","未被正式场景、预设、构建配置或动态加载路径引用"
"Assets/Resources/pixramen-valley-asset-pack-v2/pixramen-valley-asset-pack-v2/demon-bat/spritesheets/2x/demon-bat-death.png","Resources","1727","未被正式场景、预设、构建配置或动态加载路径引用"
"Assets/Resources/pixramen-valley-asset-pack-v2/pixramen-valley-asset-pack-v2/demon-bat/spritesheets/2x/demon-bat-fire-projectile.png","Resources","1617","未被正式场景、预设、构建配置或动态加载路径引用"
"Assets/Resources/pixramen-valley-asset-pack-v2/pixramen-valley-asset-pack-v2/demon-bat/spritesheets/2x/demon-bat-flying.png","Resources","1044","未被正式场景、预设、构建配置或动态加载路径引用"
"Assets/Resources/pixramen-valley-asset-pack-v2/pixramen-valley-asset-pack-v2/demon-bat/spritesheets/2x/demon-bat-knockback.png","Resources","412","未被正式场景、预设、构建配置或动态加载路径引用"
"Assets/Resources/pixramen-valley-asset-pack-v2/pixramen-valley-asset-pack-v2/demon-bat/spritesheets/2x/demon-bat-prjectile-charging.png","Resources","1706","未被正式场景、预设、构建配置或动态加载路径引用"
"Assets/Resources/pixramen-valley-asset-pack-v2/pixramen-valley-asset-pack-v2/demon-bat/spritesheets/2x/demon-bat-projectile.png","Resources","1172","未被正式场景、预设、构建配置或动态加载路径引用"
"Assets/Resources/pixramen-valley-asset-pack-v2/pixramen-valley-asset-pack-v2/demon-bat/spritesheets/2x/demon-bat-projectile-explosion.png","Resources","2793","未被正式场景、预设、构建配置或动态加载路径引用"
"Assets/Resources/pixramen-valley-asset-pack-v2/pixramen-valley-asset-pack-v2/demon-bat/spritesheets/3x/demon-bat-bite.png","Resources","4705","未被正式场景、预设、构建配置或动态加载路径引用"
"Assets/Resources/pixramen-valley-asset-pack-v2/pixramen-valley-asset-pack-v2/demon-bat/spritesheets/3x/demon-bat-death.png","Resources","2382","未被正式场景、预设、构建配置或动态加载路径引用"
"Assets/Resources/pixramen-valley-asset-pack-v2/pixramen-valley-asset-pack-v2/demon-bat/spritesheets/3x/demon-bat-fire-projectile.png","Resources","2160","未被正式场景、预设、构建配置或动态加载路径引用"
"Assets/Resources/pixramen-valley-asset-pack-v2/pixramen-valley-asset-pack-v2/demon-bat/spritesheets/3x/demon-bat-flying.png","Resources","1459","未被正式场景、预设、构建配置或动态加载路径引用"
"Assets/Resources/pixramen-valley-asset-pack-v2/pixramen-valley-asset-pack-v2/demon-bat/spritesheets/3x/demon-bat-knockback.png","Resources","524","未被正式场景、预设、构建配置或动态加载路径引用"
"Assets/Resources/pixramen-valley-asset-pack-v2/pixramen-valley-asset-pack-v2/demon-bat/spritesheets/3x/demon-bat-prjectile-charging.png","Resources","2424","未被正式场景、预设、构建配置或动态加载路径引用"
"Assets/Resources/pixramen-valley-asset-pack-v2/pixramen-valley-asset-pack-v2/demon-bat/spritesheets/3x/demon-bat-projectile.png","Resources","1597","未被正式场景、预设、构建配置或动态加载路径引用"
"Assets/Resources/pixramen-valley-asset-pack-v2/pixramen-valley-asset-pack-v2/demon-bat/spritesheets/3x/demon-bat-projectile-explosion.png","Resources","3716","未被正式场景、预设、构建配置或动态加载路径引用"
"Assets/Resources/pixramen-valley-asset-pack-v2/pixramen-valley-asset-pack-v2/demon-bat/spritesheets/4x/demon-bat-bite.png","Resources","7012","未被正式场景、预设、构建配置或动态加载路径引用"
"Assets/Resources/pixramen-valley-asset-pack-v2/pixramen-valley-asset-pack-v2/demon-bat/spritesheets/4x/demon-bat-death.png","Resources","3223","未被正式场景、预设、构建配置或动态加载路径引用"
"Assets/Resources/pixramen-valley-asset-pack-v2/pixramen-valley-asset-pack-v2/demon-bat/spritesheets/4x/demon-bat-fire-projectile.png","Resources","2856","未被正式场景、预设、构建配置或动态加载路径引用"
"Assets/Resources/pixramen-valley-asset-pack-v2/pixramen-valley-asset-pack-v2/demon-bat/spritesheets/4x/demon-bat-flying.png","Resources","2045","未被正式场景、预设、构建配置或动态加载路径引用"
"Assets/Resources/pixramen-valley-asset-pack-v2/pixramen-valley-asset-pack-v2/demon-bat/spritesheets/4x/demon-bat-knockback.png","Resources","676","未被正式场景、预设、构建配置或动态加载路径引用"
"Assets/Resources/pixramen-valley-asset-pack-v2/pixramen-valley-asset-pack-v2/demon-bat/spritesheets/4x/demon-bat-prjectile-charging.png","Resources","3415","未被正式场景、预设、构建配置或动态加载路径引用"
"Assets/Resources/pixramen-valley-asset-pack-v2/pixramen-valley-asset-pack-v2/demon-bat/spritesheets/4x/demon-bat-projectile.png","Resources","2173","未被正式场景、预设、构建配置或动态加载路径引用"
"Assets/Resources/pixramen-valley-asset-pack-v2/pixramen-valley-asset-pack-v2/demon-bat/spritesheets/4x/demon-bat-projectile-explosion.png","Resources","4938","未被正式场景、预设、构建配置或动态加载路径引用"
"Assets/Resources/pixramen-valley-asset-pack-v2/pixramen-valley-asset-pack-v2/demon-bat/spritesheets/5x/demon-bat-bite.png","Resources","9314","未被正式场景、预设、构建配置或动态加载路径引用"
"Assets/Resources/pixramen-valley-asset-pack-v2/pixramen-valley-asset-pack-v2/demon-bat/spritesheets/5x/demon-bat-death.png","Resources","4542","未被正式场景、预设、构建配置或动态加载路径引用"
"Assets/Resources/pixramen-valley-asset-pack-v2/pixramen-valley-asset-pack-v2/demon-bat/spritesheets/5x/demon-bat-fire-projectile.png","Resources","3693","未被正式场景、预设、构建配置或动态加载路径引用"
"Assets/Resources/pixramen-valley-asset-pack-v2/pixramen-valley-asset-pack-v2/demon-bat/spritesheets/5x/demon-bat-flying.png","Resources","2734","未被正式场景、预设、构建配置或动态加载路径引用"
"Assets/Resources/pixramen-valley-asset-pack-v2/pixramen-valley-asset-pack-v2/demon-bat/spritesheets/5x/demon-bat-knockback.png","Resources","854","未被正式场景、预设、构建配置或动态加载路径引用"
"Assets/Resources/pixramen-valley-asset-pack-v2/pixramen-valley-asset-pack-v2/demon-bat/spritesheets/5x/demon-bat-prjectile-charging.png","Resources","4793","未被正式场景、预设、构建配置或动态加载路径引用"
"Assets/Resources/pixramen-valley-asset-pack-v2/pixramen-valley-asset-pack-v2/demon-bat/spritesheets/5x/demon-bat-projectile.png","Resources","2927","未被正式场景、预设、构建配置或动态加载路径引用"
"Assets/Resources/pixramen-valley-asset-pack-v2/pixramen-valley-asset-pack-v2/demon-bat/spritesheets/5x/demon-bat-projectile-explosion.png","Resources","6748","未被正式场景、预设、构建配置或动态加载路径引用"
"Assets/Resources/pixramen-valley-asset-pack-v2/pixramen-valley-asset-pack-v2/demon-gunner/aseprite_files/demon-gunner-dead.aseprite","Resources","1391","未被正式场景、预设、构建配置或动态加载路径引用"
"Assets/Resources/pixramen-valley-asset-pack-v2/pixramen-valley-asset-pack-v2/demon-gunner/aseprite_files/demon-gunner-dead-falling.aseprite","Resources","713","未被正式场景、预设、构建配置或动态加载路径引用"
"Assets/Resources/pixramen-valley-asset-pack-v2/pixramen-valley-asset-pack-v2/demon-gunner/aseprite_files/demon-gunner-falling.aseprite","Resources","1399","未被正式场景、预设、构建配置或动态加载路径引用"
"Assets/Resources/pixramen-valley-asset-pack-v2/pixramen-valley-asset-pack-v2/demon-gunner/aseprite_files/demon-gunner-fall-recovery.aseprite","Resources","1108","未被正式场景、预设、构建配置或动态加载路径引用"
"Assets/Resources/pixramen-valley-asset-pack-v2/pixramen-valley-asset-pack-v2/demon-gunner/aseprite_files/demon-gunner-idle.aseprite","Resources","1132","未被正式场景、预设、构建配置或动态加载路径引用"
"Assets/Resources/pixramen-valley-asset-pack-v2/pixramen-valley-asset-pack-v2/demon-gunner/aseprite_files/demon-gunner-jump.aseprite","Resources","1398","未被正式场景、预设、构建配置或动态加载路径引用"
"Assets/Resources/pixramen-valley-asset-pack-v2/pixramen-valley-asset-pack-v2/demon-gunner/aseprite_files/demon-gunner-prep-jump.aseprite","Resources","1108","未被正式场景、预设、构建配置或动态加载路径引用"
"Assets/Resources/pixramen-valley-asset-pack-v2/pixramen-valley-asset-pack-v2/demon-gunner/aseprite_files/demon-gunner-projectile.aseprite","Resources","769","未被正式场景、预设、构建配置或动态加载路径引用"
"Assets/Resources/pixramen-valley-asset-pack-v2/pixramen-valley-asset-pack-v2/demon-gunner/aseprite_files/demon-gunner-projectile-explosion.aseprite","Resources","1253","未被正式场景、预设、构建配置或动态加载路径引用"
"Assets/Resources/pixramen-valley-asset-pack-v2/pixramen-valley-asset-pack-v2/demon-gunner/aseprite_files/demon-gunner-run.aseprite","Resources","1829","未被正式场景、预设、构建配置或动态加载路径引用"
"Assets/Resources/pixramen-valley-asset-pack-v2/pixramen-valley-asset-pack-v2/demon-gunner/aseprite_files/demon-gunner-shoot.aseprite","Resources","3570","未被正式场景、预设、构建配置或动态加载路径引用"
"Assets/Resources/pixramen-valley-asset-pack-v2/pixramen-valley-asset-pack-v2/demon-gunner/aseprite_files/demon-gunner-weapon.aseprite","Resources","577","未被正式场景、预设、构建配置或动态加载路径引用"
"Assets/Resources/pixramen-valley-asset-pack-v2/pixramen-valley-asset-pack-v2/demon-gunner/aseprite_files/preview/preview-demon-gunner-death.aseprite","Resources","4086","未被正式场景、预设、构建配置或动态加载路径引用"
"Assets/Resources/pixramen-valley-asset-pack-v2/pixramen-valley-asset-pack-v2/demon-gunner/aseprite_files/preview/preview-demon-gunner-idle.aseprite","Resources","1322","未被正式场景、预设、构建配置或动态加载路径引用"
"Assets/Resources/pixramen-valley-asset-pack-v2/pixramen-valley-asset-pack-v2/demon-gunner/aseprite_files/preview/preview-demon-gunner-jump.aseprite","Resources","4080","未被正式场景、预设、构建配置或动态加载路径引用"
"Assets/Resources/pixramen-valley-asset-pack-v2/pixramen-valley-asset-pack-v2/demon-gunner/aseprite_files/preview/preview-demon-gunner-run.aseprite","Resources","2200","未被正式场景、预设、构建配置或动态加载路径引用"
"Assets/Resources/pixramen-valley-asset-pack-v2/pixramen-valley-asset-pack-v2/demon-gunner/aseprite_files/preview/preview-demon-gunner-shoot.aseprite","Resources","5528","未被正式场景、预设、构建配置或动态加载路径引用"
"Assets/Resources/pixramen-valley-asset-pack-v2/pixramen-valley-asset-pack-v2/demon-gunner/gif/1x/demon-gunner-dead.gif","Resources","404","未被正式场景、预设、构建配置或动态加载路径引用"
"Assets/Resources/pixramen-valley-asset-pack-v2/pixramen-valley-asset-pack-v2/demon-gunner/gif/1x/demon-gunner-dead-falling.gif","Resources","172","未被正式场景、预设、构建配置或动态加载路径引用"
"Assets/Resources/pixramen-valley-asset-pack-v2/pixramen-valley-asset-pack-v2/demon-gunner/gif/1x/demon-gunner-falling.gif","Resources","438","未被正式场景、预设、构建配置或动态加载路径引用"
"Assets/Resources/pixramen-valley-asset-pack-v2/pixramen-valley-asset-pack-v2/demon-gunner/gif/1x/demon-gunner-fall-recovery.gif","Resources","315","未被正式场景、预设、构建配置或动态加载路径引用"
"Assets/Resources/pixramen-valley-asset-pack-v2/pixramen-valley-asset-pack-v2/demon-gunner/gif/1x/demon-gunner-idle.gif","Resources","322","未被正式场景、预设、构建配置或动态加载路径引用"
"Assets/Resources/pixramen-valley-asset-pack-v2/pixramen-valley-asset-pack-v2/demon-gunner/gif/1x/demon-gunner-jump.gif","Resources","440","未被正式场景、预设、构建配置或动态加载路径引用"
"Assets/Resources/pixramen-valley-asset-pack-v2/pixramen-valley-asset-pack-v2/demon-gunner/gif/1x/demon-gunner-prep-jump.gif","Resources","306","未被正式场景、预设、构建配置或动态加载路径引用"
"Assets/Resources/pixramen-valley-asset-pack-v2/pixramen-valley-asset-pack-v2/demon-gunner/gif/1x/demon-gunner-projectile.gif","Resources","232","未被正式场景、预设、构建配置或动态加载路径引用"
"Assets/Resources/pixramen-valley-asset-pack-v2/pixramen-valley-asset-pack-v2/demon-gunner/gif/1x/demon-gunner-projectile-explosion.gif","Resources","583","未被正式场景、预设、构建配置或动态加载路径引用"
"Assets/Resources/pixramen-valley-asset-pack-v2/pixramen-valley-asset-pack-v2/demon-gunner/gif/1x/demon-gunner-run.gif","Resources","625","未被正式场景、预设、构建配置或动态加载路径引用"
"Assets/Resources/pixramen-valley-asset-pack-v2/pixramen-valley-asset-pack-v2/demon-gunner/gif/1x/demon-gunner-shoot.gif","Resources","1388","未被正式场景、预设、构建配置或动态加载路径引用"
"Assets/Resources/pixramen-valley-asset-pack-v2/pixramen-valley-asset-pack-v2/demon-gunner/gif/1x/demon-gunner-weapon.gif","Resources","107","未被正式场景、预设、构建配置或动态加载路径引用"
"Assets/Resources/pixramen-valley-asset-pack-v2/pixramen-valley-asset-pack-v2/demon-gunner/gif/2x/demon-gunner-dead.gif","Resources","702","未被正式场景、预设、构建配置或动态加载路径引用"
"Assets/Resources/pixramen-valley-asset-pack-v2/pixramen-valley-asset-pack-v2/demon-gunner/gif/2x/demon-gunner-dead-falling.gif","Resources","318","未被正式场景、预设、构建配置或动态加载路径引用"
"Assets/Resources/pixramen-valley-asset-pack-v2/pixramen-valley-asset-pack-v2/demon-gunner/gif/2x/demon-gunner-falling.gif","Resources","835","未被正式场景、预设、构建配置或动态加载路径引用"
"Assets/Resources/pixramen-valley-asset-pack-v2/pixramen-valley-asset-pack-v2/demon-gunner/gif/2x/demon-gunner-fall-recovery.gif","Resources","580","未被正式场景、预设、构建配置或动态加载路径引用"
"Assets/Resources/pixramen-valley-asset-pack-v2/pixramen-valley-asset-pack-v2/demon-gunner/gif/2x/demon-gunner-idle.gif","Resources","603","未被正式场景、预设、构建配置或动态加载路径引用"
"Assets/Resources/pixramen-valley-asset-pack-v2/pixramen-valley-asset-pack-v2/demon-gunner/gif/2x/demon-gunner-jump.gif","Resources","840","未被正式场景、预设、构建配置或动态加载路径引用"
"Assets/Resources/pixramen-valley-asset-pack-v2/pixramen-valley-asset-pack-v2/demon-gunner/gif/2x/demon-gunner-prep-jump.gif","Resources","566","未被正式场景、预设、构建配置或动态加载路径引用"
"Assets/Resources/pixramen-valley-asset-pack-v2/pixramen-valley-asset-pack-v2/demon-gunner/gif/2x/demon-gunner-projectile.gif","Resources","364","未被正式场景、预设、构建配置或动态加载路径引用"
"Assets/Resources/pixramen-valley-asset-pack-v2/pixramen-valley-asset-pack-v2/demon-gunner/gif/2x/demon-gunner-projectile-explosion.gif","Resources","1153","未被正式场景、预设、构建配置或动态加载路径引用"
"Assets/Resources/pixramen-valley-asset-pack-v2/pixramen-valley-asset-pack-v2/demon-gunner/gif/2x/demon-gunner-run.gif","Resources","1147","未被正式场景、预设、构建配置或动态加载路径引用"
"Assets/Resources/pixramen-valley-asset-pack-v2/pixramen-valley-asset-pack-v2/demon-gunner/gif/2x/demon-gunner-shoot.gif","Resources","2694","未被正式场景、预设、构建配置或动态加载路径引用"
"Assets/Resources/pixramen-valley-asset-pack-v2/pixramen-valley-asset-pack-v2/demon-gunner/gif/2x/demon-gunner-weapon.gif","Resources","160","未被正式场景、预设、构建配置或动态加载路径引用"
"Assets/Resources/pixramen-valley-asset-pack-v2/pixramen-valley-asset-pack-v2/demon-gunner/gif/3x/demon-gunner-dead.gif","Resources","1028","未被正式场景、预设、构建配置或动态加载路径引用"
"Assets/Resources/pixramen-valley-asset-pack-v2/pixramen-valley-asset-pack-v2/demon-gunner/gif/3x/demon-gunner-dead-falling.gif","Resources","477","未被正式场景、预设、构建配置或动态加载路径引用"
"Assets/Resources/pixramen-valley-asset-pack-v2/pixramen-valley-asset-pack-v2/demon-gunner/gif/3x/demon-gunner-falling.gif","Resources","1288","未被正式场景、预设、构建配置或动态加载路径引用"
"Assets/Resources/pixramen-valley-asset-pack-v2/pixramen-valley-asset-pack-v2/demon-gunner/gif/3x/demon-gunner-fall-recovery.gif","Resources","879","未被正式场景、预设、构建配置或动态加载路径引用"
"Assets/Resources/pixramen-valley-asset-pack-v2/pixramen-valley-asset-pack-v2/demon-gunner/gif/3x/demon-gunner-idle.gif","Resources","909","未被正式场景、预设、构建配置或动态加载路径引用"
"Assets/Resources/pixramen-valley-asset-pack-v2/pixramen-valley-asset-pack-v2/demon-gunner/gif/3x/demon-gunner-jump.gif","Resources","1283","未被正式场景、预设、构建配置或动态加载路径引用"
"Assets/Resources/pixramen-valley-asset-pack-v2/pixramen-valley-asset-pack-v2/demon-gunner/gif/3x/demon-gunner-prep-jump.gif","Resources","841","未被正式场景、预设、构建配置或动态加载路径引用"
"Assets/Resources/pixramen-valley-asset-pack-v2/pixramen-valley-asset-pack-v2/demon-gunner/gif/3x/demon-gunner-projectile.gif","Resources","508","未被正式场景、预设、构建配置或动态加载路径引用"
"Assets/Resources/pixramen-valley-asset-pack-v2/pixramen-valley-asset-pack-v2/demon-gunner/gif/3x/demon-gunner-projectile-explosion.gif","Resources","1791","未被正式场景、预设、构建配置或动态加载路径引用"
"Assets/Resources/pixramen-valley-asset-pack-v2/pixramen-valley-asset-pack-v2/demon-gunner/gif/3x/demon-gunner-run.gif","Resources","1715","未被正式场景、预设、构建配置或动态加载路径引用"
"Assets/Resources/pixramen-valley-asset-pack-v2/pixramen-valley-asset-pack-v2/demon-gunner/gif/3x/demon-gunner-shoot.gif","Resources","4115","未被正式场景、预设、构建配置或动态加载路径引用"
"Assets/Resources/pixramen-valley-asset-pack-v2/pixramen-valley-asset-pack-v2/demon-gunner/gif/3x/demon-gunner-weapon.gif","Resources","220","未被正式场景、预设、构建配置或动态加载路径引用"
"Assets/Resources/pixramen-valley-asset-pack-v2/pixramen-valley-asset-pack-v2/demon-gunner/gif/4x/demon-gunner-dead.gif","Resources","1383","未被正式场景、预设、构建配置或动态加载路径引用"
"Assets/Resources/pixramen-valley-asset-pack-v2/pixramen-valley-asset-pack-v2/demon-gunner/gif/4x/demon-gunner-dead-falling.gif","Resources","642","未被正式场景、预设、构建配置或动态加载路径引用"
"Assets/Resources/pixramen-valley-asset-pack-v2/pixramen-valley-asset-pack-v2/demon-gunner/gif/4x/demon-gunner-falling.gif","Resources","1751","未被正式场景、预设、构建配置或动态加载路径引用"
"Assets/Resources/pixramen-valley-asset-pack-v2/pixramen-valley-asset-pack-v2/demon-gunner/gif/4x/demon-gunner-fall-recovery.gif","Resources","1190","未被正式场景、预设、构建配置或动态加载路径引用"
"Assets/Resources/pixramen-valley-asset-pack-v2/pixramen-valley-asset-pack-v2/demon-gunner/gif/4x/demon-gunner-idle.gif","Resources","1242","未被正式场景、预设、构建配置或动态加载路径引用"
"Assets/Resources/pixramen-valley-asset-pack-v2/pixramen-valley-asset-pack-v2/demon-gunner/gif/4x/demon-gunner-jump.gif","Resources","1748","未被正式场景、预设、构建配置或动态加载路径引用"
"Assets/Resources/pixramen-valley-asset-pack-v2/pixramen-valley-asset-pack-v2/demon-gunner/gif/4x/demon-gunner-prep-jump.gif","Resources","1162","未被正式场景、预设、构建配置或动态加载路径引用"
"Assets/Resources/pixramen-valley-asset-pack-v2/pixramen-valley-asset-pack-v2/demon-gunner/gif/4x/demon-gunner-projectile.gif","Resources","662","未被正式场景、预设、构建配置或动态加载路径引用"
"Assets/Resources/pixramen-valley-asset-pack-v2/pixramen-valley-asset-pack-v2/demon-gunner/gif/4x/demon-gunner-projectile-explosion.gif","Resources","2477","未被正式场景、预设、构建配置或动态加载路径引用"
"Assets/Resources/pixramen-valley-asset-pack-v2/pixramen-valley-asset-pack-v2/demon-gunner/gif/4x/demon-gunner-run.gif","Resources","2347","未被正式场景、预设、构建配置或动态加载路径引用"
"Assets/Resources/pixramen-valley-asset-pack-v2/pixramen-valley-asset-pack-v2/demon-gunner/gif/4x/demon-gunner-shoot.gif","Resources","5646","未被正式场景、预设、构建配置或动态加载路径引用"
"Assets/Resources/pixramen-valley-asset-pack-v2/pixramen-valley-asset-pack-v2/demon-gunner/gif/4x/demon-gunner-weapon.gif","Resources","281","未被正式场景、预设、构建配置或动态加载路径引用"
"Assets/Resources/pixramen-valley-asset-pack-v2/pixramen-valley-asset-pack-v2/demon-gunner/gif/5x/demon-gunner-dead.gif","Resources","1720","未被正式场景、预设、构建配置或动态加载路径引用"
"Assets/Resources/pixramen-valley-asset-pack-v2/pixramen-valley-asset-pack-v2/demon-gunner/gif/5x/demon-gunner-dead-falling.gif","Resources","816","未被正式场景、预设、构建配置或动态加载路径引用"
"Assets/Resources/pixramen-valley-asset-pack-v2/pixramen-valley-asset-pack-v2/demon-gunner/gif/5x/demon-gunner-falling.gif","Resources","2258","未被正式场景、预设、构建配置或动态加载路径引用"
"Assets/Resources/pixramen-valley-asset-pack-v2/pixramen-valley-asset-pack-v2/demon-gunner/gif/5x/demon-gunner-fall-recovery.gif","Resources","1503","未被正式场景、预设、构建配置或动态加载路径引用"
"Assets/Resources/pixramen-valley-asset-pack-v2/pixramen-valley-asset-pack-v2/demon-gunner/gif/5x/demon-gunner-idle.gif","Resources","1578","未被正式场景、预设、构建配置或动态加载路径引用"
"Assets/Resources/pixramen-valley-asset-pack-v2/pixramen-valley-asset-pack-v2/demon-gunner/gif/5x/demon-gunner-jump.gif","Resources","2256","未被正式场景、预设、构建配置或动态加载路径引用"
"Assets/Resources/pixramen-valley-asset-pack-v2/pixramen-valley-asset-pack-v2/demon-gunner/gif/5x/demon-gunner-prep-jump.gif","Resources","1469","未被正式场景、预设、构建配置或动态加载路径引用"
"Assets/Resources/pixramen-valley-asset-pack-v2/pixramen-valley-asset-pack-v2/demon-gunner/gif/5x/demon-gunner-projectile.gif","Resources","825","未被正式场景、预设、构建配置或动态加载路径引用"
"Assets/Resources/pixramen-valley-asset-pack-v2/pixramen-valley-asset-pack-v2/demon-gunner/gif/5x/demon-gunner-projectile-explosion.gif","Resources","3170","未被正式场景、预设、构建配置或动态加载路径引用"
"Assets/Resources/pixramen-valley-asset-pack-v2/pixramen-valley-asset-pack-v2/demon-gunner/gif/5x/demon-gunner-run.gif","Resources","2967","未被正式场景、预设、构建配置或动态加载路径引用"
"Assets/Resources/pixramen-valley-asset-pack-v2/pixramen-valley-asset-pack-v2/demon-gunner/gif/5x/demon-gunner-shoot.gif","Resources","7224","未被正式场景、预设、构建配置或动态加载路径引用"
"Assets/Resources/pixramen-valley-asset-pack-v2/pixramen-valley-asset-pack-v2/demon-gunner/gif/5x/demon-gunner-weapon.gif","Resources","348","未被正式场景、预设、构建配置或动态加载路径引用"
"Assets/Resources/pixramen-valley-asset-pack-v2/pixramen-valley-asset-pack-v2/demon-gunner/png/1x/demon-gunner-dead-falling/demon-gunner-dead-falling.png","Resources","307","未被正式场景、预设、构建配置或动态加载路径引用"
"Assets/Resources/pixramen-valley-asset-pack-v2/pixramen-valley-asset-pack-v2/demon-gunner/png/1x/demon-gunner-falling/demon-gunner-falling1.png","Resources","373","未被正式场景、预设、构建配置或动态加载路径引用"
"Assets/Resources/pixramen-valley-asset-pack-v2/pixramen-valley-asset-pack-v2/demon-gunner/png/1x/demon-gunner-falling/demon-gunner-falling2.png","Resources","376","未被正式场景、预设、构建配置或动态加载路径引用"
"Assets/Resources/pixramen-valley-asset-pack-v2/pixramen-valley-asset-pack-v2/demon-gunner/png/1x/demon-gunner-falling/demon-gunner-falling3.png","Resources","379","未被正式场景、预设、构建配置或动态加载路径引用"
"Assets/Resources/pixramen-valley-asset-pack-v2/pixramen-valley-asset-pack-v2/demon-gunner/png/1x/demon-gunner-jump/demon-gunner-jump1.png","Resources","377","未被正式场景、预设、构建配置或动态加载路径引用"
"Assets/Resources/pixramen-valley-asset-pack-v2/pixramen-valley-asset-pack-v2/demon-gunner/png/1x/demon-gunner-jump/demon-gunner-jump2.png","Resources","375","未被正式场景、预设、构建配置或动态加载路径引用"
"Assets/Resources/pixramen-valley-asset-pack-v2/pixramen-valley-asset-pack-v2/demon-gunner/png/1x/demon-gunner-jump/demon-gunner-jump3.png","Resources","373","未被正式场景、预设、构建配置或动态加载路径引用"
"Assets/Resources/pixramen-valley-asset-pack-v2/pixramen-valley-asset-pack-v2/demon-gunner/png/1x/demon-gunner-prep-jump/demon-gunner-prep-jump1.png","Resources","381","未被正式场景、预设、构建配置或动态加载路径引用"
"Assets/Resources/pixramen-valley-asset-pack-v2/pixramen-valley-asset-pack-v2/demon-gunner/png/1x/demon-gunner-prep-jump/demon-gunner-prep-jump2.png","Resources","339","未被正式场景、预设、构建配置或动态加载路径引用"
"Assets/Resources/pixramen-valley-asset-pack-v2/pixramen-valley-asset-pack-v2/demon-gunner/png/1x/demon-gunner-projectile/demon-gunner-projectile2.png","Resources","232","未被正式场景、预设、构建配置或动态加载路径引用"
"Assets/Resources/pixramen-valley-asset-pack-v2/pixramen-valley-asset-pack-v2/demon-gunner/png/1x/demon-gunner-projectile/demon-gunner-projectile3.png","Resources","233","未被正式场景、预设、构建配置或动态加载路径引用"
"Assets/Resources/pixramen-valley-asset-pack-v2/pixramen-valley-asset-pack-v2/demon-gunner/png/1x/demon-gunner-weapon/demon-gunner-weapon.png","Resources","156","未被正式场景、预设、构建配置或动态加载路径引用"
"Assets/Resources/pixramen-valley-asset-pack-v2/pixramen-valley-asset-pack-v2/demon-gunner/png/2x/demon-gunner-dead/demon-gunner-dead1.png","Resources","324","未被正式场景、预设、构建配置或动态加载路径引用"
"Assets/Resources/pixramen-valley-asset-pack-v2/pixramen-valley-asset-pack-v2/demon-gunner/png/2x/demon-gunner-dead/demon-gunner-dead2.png","Resources","327","未被正式场景、预设、构建配置或动态加载路径引用"
"Assets/Resources/pixramen-valley-asset-pack-v2/pixramen-valley-asset-pack-v2/demon-gunner/png/2x/demon-gunner-dead/demon-gunner-dead3.png","Resources","330","未被正式场景、预设、构建配置或动态加载路径引用"
"Assets/Resources/pixramen-valley-asset-pack-v2/pixramen-valley-asset-pack-v2/demon-gunner/png/2x/demon-gunner-dead/demon-gunner-dead4.png","Resources","322","未被正式场景、预设、构建配置或动态加载路径引用"
"Assets/Resources/pixramen-valley-asset-pack-v2/pixramen-valley-asset-pack-v2/demon-gunner/png/2x/demon-gunner-dead/demon-gunner-dead5.png","Resources","322","未被正式场景、预设、构建配置或动态加载路径引用"
"Assets/Resources/pixramen-valley-asset-pack-v2/pixramen-valley-asset-pack-v2/demon-gunner/png/2x/demon-gunner-dead-falling/demon-gunner-dead-falling.png","Resources","415","未被正式场景、预设、构建配置或动态加载路径引用"
"Assets/Resources/pixramen-valley-asset-pack-v2/pixramen-valley-asset-pack-v2/demon-gunner/png/2x/demon-gunner-falling/demon-gunner-falling1.png","Resources","550","未被正式场景、预设、构建配置或动态加载路径引用"
"Assets/Resources/pixramen-valley-asset-pack-v2/pixramen-valley-asset-pack-v2/demon-gunner/png/2x/demon-gunner-falling/demon-gunner-falling2.png","Resources","551","未被正式场景、预设、构建配置或动态加载路径引用"
"Assets/Resources/pixramen-valley-asset-pack-v2/pixramen-valley-asset-pack-v2/demon-gunner/png/2x/demon-gunner-falling/demon-gunner-falling3.png","Resources","550","未被正式场景、预设、构建配置或动态加载路径引用"
"Assets/Resources/pixramen-valley-asset-pack-v2/pixramen-valley-asset-pack-v2/demon-gunner/png/2x/demon-gunner-fall-recovery/demon-gunner-fall-recovery1.png","Resources","490","未被正式场景、预设、构建配置或动态加载路径引用"
"Assets/Resources/pixramen-valley-asset-pack-v2/pixramen-valley-asset-pack-v2/demon-gunner/png/2x/demon-gunner-fall-recovery/demon-gunner-fall-recovery2.png","Resources","534","未被正式场景、预设、构建配置或动态加载路径引用"
"Assets/Resources/pixramen-valley-asset-pack-v2/pixramen-valley-asset-pack-v2/demon-gunner/png/2x/demon-gunner-idle/demon-gunner-idle1.png","Resources","534","未被正式场景、预设、构建配置或动态加载路径引用"
"Assets/Resources/pixramen-valley-asset-pack-v2/pixramen-valley-asset-pack-v2/demon-gunner/png/2x/demon-gunner-idle/demon-gunner-idle2.png","Resources","560","未被正式场景、预设、构建配置或动态加载路径引用"
"Assets/Resources/pixramen-valley-asset-pack-v2/pixramen-valley-asset-pack-v2/demon-gunner/png/2x/demon-gunner-jump/demon-gunner-jump1.png","Resources","552","未被正式场景、预设、构建配置或动态加载路径引用"
"Assets/Resources/pixramen-valley-asset-pack-v2/pixramen-valley-asset-pack-v2/demon-gunner/png/2x/demon-gunner-jump/demon-gunner-jump2.png","Resources","551","未被正式场景、预设、构建配置或动态加载路径引用"
"Assets/Resources/pixramen-valley-asset-pack-v2/pixramen-valley-asset-pack-v2/demon-gunner/png/2x/demon-gunner-jump/demon-gunner-jump3.png","Resources","549","未被正式场景、预设、构建配置或动态加载路径引用"
"Assets/Resources/pixramen-valley-asset-pack-v2/pixramen-valley-asset-pack-v2/demon-gunner/png/2x/demon-gunner-prep-jump/demon-gunner-prep-jump1.png","Resources","534","未被正式场景、预设、构建配置或动态加载路径引用"
"Assets/Resources/pixramen-valley-asset-pack-v2/pixramen-valley-asset-pack-v2/demon-gunner/png/2x/demon-gunner-prep-jump/demon-gunner-prep-jump2.png","Resources","490","未被正式场景、预设、构建配置或动态加载路径引用"
"Assets/Resources/pixramen-valley-asset-pack-v2/pixramen-valley-asset-pack-v2/demon-gunner/png/2x/demon-gunner-projectile/demon-gunner-projectile1.png","Resources","293","未被正式场景、预设、构建配置或动态加载路径引用"
"Assets/Resources/pixramen-valley-asset-pack-v2/pixramen-valley-asset-pack-v2/demon-gunner/png/2x/demon-gunner-projectile/demon-gunner-projectile2.png","Resources","291","未被正式场景、预设、构建配置或动态加载路径引用"
"Assets/Resources/pixramen-valley-asset-pack-v2/pixramen-valley-asset-pack-v2/demon-gunner/png/2x/demon-gunner-projectile/demon-gunner-projectile3.png","Resources","297","未被正式场景、预设、构建配置或动态加载路径引用"
"Assets/Resources/pixramen-valley-asset-pack-v2/pixramen-valley-asset-pack-v2/demon-gunner/png/2x/demon-gunner-projectile-explosion/demon-gunner-projectile-explosion1.png","Resources","284","未被正式场景、预设、构建配置或动态加载路径引用"
"Assets/Resources/pixramen-valley-asset-pack-v2/pixramen-valley-asset-pack-v2/demon-gunner/png/2x/demon-gunner-projectile-explosion/demon-gunner-projectile-explosion2.png","Resources","348","未被正式场景、预设、构建配置或动态加载路径引用"
"Assets/Resources/pixramen-valley-asset-pack-v2/pixramen-valley-asset-pack-v2/demon-gunner/png/2x/demon-gunner-projectile-explosion/demon-gunner-projectile-explosion3.png","Resources","853","未被正式场景、预设、构建配置或动态加载路径引用"
"Assets/Resources/pixramen-valley-asset-pack-v2/pixramen-valley-asset-pack-v2/demon-gunner/png/2x/demon-gunner-projectile-explosion/demon-gunner-projectile-explosion4.png","Resources","891","未被正式场景、预设、构建配置或动态加载路径引用"
"Assets/Resources/pixramen-valley-asset-pack-v2/pixramen-valley-asset-pack-v2/demon-gunner/png/2x/demon-gunner-projectile-explosion/demon-gunner-projectile-explosion5.png","Resources","599","未被正式场景、预设、构建配置或动态加载路径引用"
"Assets/Resources/pixramen-valley-asset-pack-v2/pixramen-valley-asset-pack-v2/demon-gunner/png/2x/demon-gunner-run/demon-gunner-run1.png","Resources","509","未被正式场景、预设、构建配置或动态加载路径引用"
"Assets/Resources/pixramen-valley-asset-pack-v2/pixramen-valley-asset-pack-v2/demon-gunner/png/2x/demon-gunner-run/demon-gunner-run2.png","Resources","525","未被正式场景、预设、构建配置或动态加载路径引用"
"Assets/Resources/pixramen-valley-asset-pack-v2/pixramen-valley-asset-pack-v2/demon-gunner/png/2x/demon-gunner-run/demon-gunner-run3.png","Resources","507","未被正式场景、预设、构建配置或动态加载路径引用"
"Assets/Resources/pixramen-valley-asset-pack-v2/pixramen-valley-asset-pack-v2/demon-gunner/png/2x/demon-gunner-run/demon-gunner-run4.png","Resources","483","未被正式场景、预设、构建配置或动态加载路径引用"
"Assets/Resources/pixramen-valley-asset-pack-v2/pixramen-valley-asset-pack-v2/demon-gunner/png/2x/demon-gunner-run/demon-gunner-run5.png","Resources","485","未被正式场景、预设、构建配置或动态加载路径引用"
"Assets/Resources/pixramen-valley-asset-pack-v2/pixramen-valley-asset-pack-v2/demon-gunner/png/2x/demon-gunner-shoot/demon-gunner-shoot1.png","Resources","560","未被正式场景、预设、构建配置或动态加载路径引用"
"Assets/Resources/pixramen-valley-asset-pack-v2/pixramen-valley-asset-pack-v2/demon-gunner/png/2x/demon-gunner-shoot/demon-gunner-shoot10.png","Resources","560","未被正式场景、预设、构建配置或动态加载路径引用"
"Assets/Resources/pixramen-valley-asset-pack-v2/pixramen-valley-asset-pack-v2/demon-gunner/png/2x/demon-gunner-shoot/demon-gunner-shoot2.png","Resources","570","未被正式场景、预设、构建配置或动态加载路径引用"
"Assets/Resources/pixramen-valley-asset-pack-v2/pixramen-valley-asset-pack-v2/demon-gunner/png/2x/demon-gunner-shoot/demon-gunner-shoot3.png","Resources","649","未被正式场景、预设、构建配置或动态加载路径引用"
"Assets/Resources/pixramen-valley-asset-pack-v2/pixramen-valley-asset-pack-v2/demon-gunner/png/2x/demon-gunner-shoot/demon-gunner-shoot4.png","Resources","818","未被正式场景、预设、构建配置或动态加载路径引用"
"Assets/Resources/pixramen-valley-asset-pack-v2/pixramen-valley-asset-pack-v2/demon-gunner/png/2x/demon-gunner-shoot/demon-gunner-shoot5.png","Resources","766","未被正式场景、预设、构建配置或动态加载路径引用"
"Assets/Resources/pixramen-valley-asset-pack-v2/pixramen-valley-asset-pack-v2/demon-gunner/png/2x/demon-gunner-shoot/demon-gunner-shoot6.png","Resources","560","未被正式场景、预设、构建配置或动态加载路径引用"
"Assets/Resources/pixramen-valley-asset-pack-v2/pixramen-valley-asset-pack-v2/demon-gunner/png/2x/demon-gunner-shoot/demon-gunner-shoot7.png","Resources","560","未被正式场景、预设、构建配置或动态加载路径引用"
"Assets/Resources/pixramen-valley-asset-pack-v2/pixramen-valley-asset-pack-v2/demon-gunner/png/2x/demon-gunner-shoot/demon-gunner-shoot8.png","Resources","560","未被正式场景、预设、构建配置或动态加载路径引用"
"Assets/Resources/pixramen-valley-asset-pack-v2/pixramen-valley-asset-pack-v2/demon-gunner/png/2x/demon-gunner-shoot/demon-gunner-shoot9.png","Resources","560","未被正式场景、预设、构建配置或动态加载路径引用"
"Assets/Resources/pixramen-valley-asset-pack-v2/pixramen-valley-asset-pack-v2/demon-gunner/png/2x/demon-gunner-weapon/demon-gunner-weapon.png","Resources","193","未被正式场景、预设、构建配置或动态加载路径引用"
"Assets/Resources/pixramen-valley-asset-pack-v2/pixramen-valley-asset-pack-v2/demon-gunner/png/3x/demon-gunner-dead/demon-gunner-dead1.png","Resources","426","未被正式场景、预设、构建配置或动态加载路径引用"
"Assets/Resources/pixramen-valley-asset-pack-v2/pixramen-valley-asset-pack-v2/demon-gunner/png/3x/demon-gunner-dead/demon-gunner-dead2.png","Resources","429","未被正式场景、预设、构建配置或动态加载路径引用"
"Assets/Resources/pixramen-valley-asset-pack-v2/pixramen-valley-asset-pack-v2/demon-gunner/png/3x/demon-gunner-dead/demon-gunner-dead3.png","Resources","431","未被正式场景、预设、构建配置或动态加载路径引用"
"Assets/Resources/pixramen-valley-asset-pack-v2/pixramen-valley-asset-pack-v2/demon-gunner/png/3x/demon-gunner-dead/demon-gunner-dead4.png","Resources","424","未被正式场景、预设、构建配置或动态加载路径引用"
"Assets/Resources/pixramen-valley-asset-pack-v2/pixramen-valley-asset-pack-v2/demon-gunner/png/3x/demon-gunner-dead/demon-gunner-dead5.png","Resources","424","未被正式场景、预设、构建配置或动态加载路径引用"
"Assets/Resources/pixramen-valley-asset-pack-v2/pixramen-valley-asset-pack-v2/demon-gunner/png/3x/demon-gunner-dead-falling/demon-gunner-dead-falling.png","Resources","523","未被正式场景、预设、构建配置或动态加载路径引用"
"Assets/Resources/pixramen-valley-asset-pack-v2/pixramen-valley-asset-pack-v2/demon-gunner/png/3x/demon-gunner-falling/demon-gunner-falling1.png","Resources","670","未被正式场景、预设、构建配置或动态加载路径引用"
"Assets/Resources/pixramen-valley-asset-pack-v2/pixramen-valley-asset-pack-v2/demon-gunner/png/3x/demon-gunner-falling/demon-gunner-falling2.png","Resources","674","未被正式场景、预设、构建配置或动态加载路径引用"
"Assets/Resources/pixramen-valley-asset-pack-v2/pixramen-valley-asset-pack-v2/demon-gunner/png/3x/demon-gunner-falling/demon-gunner-falling3.png","Resources","674","未被正式场景、预设、构建配置或动态加载路径引用"
"Assets/Resources/pixramen-valley-asset-pack-v2/pixramen-valley-asset-pack-v2/demon-gunner/png/3x/demon-gunner-fall-recovery/demon-gunner-fall-recovery1.png","Resources","588","未被正式场景、预设、构建配置或动态加载路径引用"
"Assets/Resources/pixramen-valley-asset-pack-v2/pixramen-valley-asset-pack-v2/demon-gunner/png/3x/demon-gunner-fall-recovery/demon-gunner-fall-recovery2.png","Resources","648","未被正式场景、预设、构建配置或动态加载路径引用"
"Assets/Resources/pixramen-valley-asset-pack-v2/pixramen-valley-asset-pack-v2/demon-gunner/png/3x/demon-gunner-idle/demon-gunner-idle1.png","Resources","648","未被正式场景、预设、构建配置或动态加载路径引用"
"Assets/Resources/pixramen-valley-asset-pack-v2/pixramen-valley-asset-pack-v2/demon-gunner/png/3x/demon-gunner-idle/demon-gunner-idle2.png","Resources","672","未被正式场景、预设、构建配置或动态加载路径引用"
"Assets/Resources/pixramen-valley-asset-pack-v2/pixramen-valley-asset-pack-v2/demon-gunner/png/3x/demon-gunner-jump/demon-gunner-jump1.png","Resources","674","未被正式场景、预设、构建配置或动态加载路径引用"
"Assets/Resources/pixramen-valley-asset-pack-v2/pixramen-valley-asset-pack-v2/demon-gunner/png/3x/demon-gunner-jump/demon-gunner-jump2.png","Resources","673","未被正式场景、预设、构建配置或动态加载路径引用"
"Assets/Resources/pixramen-valley-asset-pack-v2/pixramen-valley-asset-pack-v2/demon-gunner/png/3x/demon-gunner-jump/demon-gunner-jump3.png","Resources","670","未被正式场景、预设、构建配置或动态加载路径引用"
"Assets/Resources/pixramen-valley-asset-pack-v2/pixramen-valley-asset-pack-v2/demon-gunner/png/3x/demon-gunner-prep-jump/demon-gunner-prep-jump1.png","Resources","648","未被正式场景、预设、构建配置或动态加载路径引用"
"Assets/Resources/pixramen-valley-asset-pack-v2/pixramen-valley-asset-pack-v2/demon-gunner/png/3x/demon-gunner-prep-jump/demon-gunner-prep-jump2.png","Resources","588","未被正式场景、预设、构建配置或动态加载路径引用"
"Assets/Resources/pixramen-valley-asset-pack-v2/pixramen-valley-asset-pack-v2/demon-gunner/png/3x/demon-gunner-projectile/demon-gunner-projectile1.png","Resources","356","未被正式场景、预设、构建配置或动态加载路径引用"
"Assets/Resources/pixramen-valley-asset-pack-v2/pixramen-valley-asset-pack-v2/demon-gunner/png/3x/demon-gunner-projectile/demon-gunner-projectile2.png","Resources","351","未被正式场景、预设、构建配置或动态加载路径引用"
"Assets/Resources/pixramen-valley-asset-pack-v2/pixramen-valley-asset-pack-v2/demon-gunner/png/3x/demon-gunner-projectile/demon-gunner-projectile3.png","Resources","357","未被正式场景、预设、构建配置或动态加载路径引用"
"Assets/Resources/pixramen-valley-asset-pack-v2/pixramen-valley-asset-pack-v2/demon-gunner/png/3x/demon-gunner-projectile-explosion/demon-gunner-projectile-explosion1.png","Resources","354","未被正式场景、预设、构建配置或动态加载路径引用"
"Assets/Resources/pixramen-valley-asset-pack-v2/pixramen-valley-asset-pack-v2/demon-gunner/png/3x/demon-gunner-projectile-explosion/demon-gunner-projectile-explosion2.png","Resources","426","未被正式场景、预设、构建配置或动态加载路径引用"
"Assets/Resources/pixramen-valley-asset-pack-v2/pixramen-valley-asset-pack-v2/demon-gunner/png/3x/demon-gunner-projectile-explosion/demon-gunner-projectile-explosion3.png","Resources","1012","未被正式场景、预设、构建配置或动态加载路径引用"
"Assets/Resources/pixramen-valley-asset-pack-v2/pixramen-valley-asset-pack-v2/demon-gunner/png/3x/demon-gunner-projectile-explosion/demon-gunner-projectile-explosion4.png","Resources","1050","未被正式场景、预设、构建配置或动态加载路径引用"
"Assets/Resources/pixramen-valley-asset-pack-v2/pixramen-valley-asset-pack-v2/demon-gunner/png/3x/demon-gunner-projectile-explosion/demon-gunner-projectile-explosion5.png","Resources","721","未被正式场景、预设、构建配置或动态加载路径引用"
"Assets/Resources/pixramen-valley-asset-pack-v2/pixramen-valley-asset-pack-v2/demon-gunner/png/3x/demon-gunner-run/demon-gunner-run1.png","Resources","619","未被正式场景、预设、构建配置或动态加载路径引用"
"Assets/Resources/pixramen-valley-asset-pack-v2/pixramen-valley-asset-pack-v2/demon-gunner/png/3x/demon-gunner-run/demon-gunner-run2.png","Resources","626","未被正式场景、预设、构建配置或动态加载路径引用"
"Assets/Resources/pixramen-valley-asset-pack-v2/pixramen-valley-asset-pack-v2/demon-gunner/png/3x/demon-gunner-run/demon-gunner-run3.png","Resources","614","未被正式场景、预设、构建配置或动态加载路径引用"
"Assets/Resources/pixramen-valley-asset-pack-v2/pixramen-valley-asset-pack-v2/demon-gunner/png/3x/demon-gunner-run/demon-gunner-run4.png","Resources","587","未被正式场景、预设、构建配置或动态加载路径引用"
"Assets/Resources/pixramen-valley-asset-pack-v2/pixramen-valley-asset-pack-v2/demon-gunner/png/3x/demon-gunner-run/demon-gunner-run5.png","Resources","587","未被正式场景、预设、构建配置或动态加载路径引用"
"Assets/Resources/pixramen-valley-asset-pack-v2/pixramen-valley-asset-pack-v2/demon-gunner/png/3x/demon-gunner-shoot/demon-gunner-shoot1.png","Resources","711","未被正式场景、预设、构建配置或动态加载路径引用"
"Assets/Resources/pixramen-valley-asset-pack-v2/pixramen-valley-asset-pack-v2/demon-gunner/png/3x/demon-gunner-shoot/demon-gunner-shoot10.png","Resources","710","未被正式场景、预设、构建配置或动态加载路径引用"
"Assets/Resources/pixramen-valley-asset-pack-v2/pixramen-valley-asset-pack-v2/demon-gunner/png/3x/demon-gunner-shoot/demon-gunner-shoot2.png","Resources","720","未被正式场景、预设、构建配置或动态加载路径引用"
"Assets/Resources/pixramen-valley-asset-pack-v2/pixramen-valley-asset-pack-v2/demon-gunner/png/3x/demon-gunner-shoot/demon-gunner-shoot3.png","Resources","798","未被正式场景、预设、构建配置或动态加载路径引用"
"Assets/Resources/pixramen-valley-asset-pack-v2/pixramen-valley-asset-pack-v2/demon-gunner/png/3x/demon-gunner-shoot/demon-gunner-shoot4.png","Resources","1008","未被正式场景、预设、构建配置或动态加载路径引用"
"Assets/Resources/pixramen-valley-asset-pack-v2/pixramen-valley-asset-pack-v2/demon-gunner/png/3x/demon-gunner-shoot/demon-gunner-shoot5.png","Resources","942","未被正式场景、预设、构建配置或动态加载路径引用"
"Assets/Resources/pixramen-valley-asset-pack-v2/pixramen-valley-asset-pack-v2/demon-gunner/png/3x/demon-gunner-shoot/demon-gunner-shoot6.png","Resources","710","未被正式场景、预设、构建配置或动态加载路径引用"
"Assets/Resources/pixramen-valley-asset-pack-v2/pixramen-valley-asset-pack-v2/demon-gunner/png/3x/demon-gunner-shoot/demon-gunner-shoot7.png","Resources","710","未被正式场景、预设、构建配置或动态加载路径引用"
"Assets/Resources/pixramen-valley-asset-pack-v2/pixramen-valley-asset-pack-v2/demon-gunner/png/3x/demon-gunner-shoot/demon-gunner-shoot8.png","Resources","710","未被正式场景、预设、构建配置或动态加载路径引用"
"Assets/Resources/pixramen-valley-asset-pack-v2/pixramen-valley-asset-pack-v2/demon-gunner/png/3x/demon-gunner-shoot/demon-gunner-shoot9.png","Resources","710","未被正式场景、预设、构建配置或动态加载路径引用"
"Assets/Resources/pixramen-valley-asset-pack-v2/pixramen-valley-asset-pack-v2/demon-gunner/png/3x/demon-gunner-weapon/demon-gunner-weapon.png","Resources","222","未被正式场景、预设、构建配置或动态加载路径引用"
"Assets/Resources/pixramen-valley-asset-pack-v2/pixramen-valley-asset-pack-v2/demon-gunner/png/4x/demon-gunner-dead/demon-gunner-dead1.png","Resources","567","未被正式场景、预设、构建配置或动态加载路径引用"
"Assets/Resources/pixramen-valley-asset-pack-v2/pixramen-valley-asset-pack-v2/demon-gunner/png/4x/demon-gunner-dead/demon-gunner-dead2.png","Resources","567","未被正式场景、预设、构建配置或动态加载路径引用"
"Assets/Resources/pixramen-valley-asset-pack-v2/pixramen-valley-asset-pack-v2/demon-gunner/png/4x/demon-gunner-dead/demon-gunner-dead3.png","Resources","570","未被正式场景、预设、构建配置或动态加载路径引用"
"Assets/Resources/pixramen-valley-asset-pack-v2/pixramen-valley-asset-pack-v2/demon-gunner/png/4x/demon-gunner-dead/demon-gunner-dead4.png","Resources","566","未被正式场景、预设、构建配置或动态加载路径引用"
"Assets/Resources/pixramen-valley-asset-pack-v2/pixramen-valley-asset-pack-v2/demon-gunner/png/4x/demon-gunner-dead/demon-gunner-dead5.png","Resources","566","未被正式场景、预设、构建配置或动态加载路径引用"
"Assets/Resources/pixramen-valley-asset-pack-v2/pixramen-valley-asset-pack-v2/demon-gunner/png/4x/demon-gunner-dead-falling/demon-gunner-dead-falling.png","Resources","667","未被正式场景、预设、构建配置或动态加载路径引用"
"Assets/Resources/pixramen-valley-asset-pack-v2/pixramen-valley-asset-pack-v2/demon-gunner/png/4x/demon-gunner-falling/demon-gunner-falling1.png","Resources","842","未被正式场景、预设、构建配置或动态加载路径引用"
"Assets/Resources/pixramen-valley-asset-pack-v2/pixramen-valley-asset-pack-v2/demon-gunner/png/4x/demon-gunner-falling/demon-gunner-falling2.png","Resources","852","未被正式场景、预设、构建配置或动态加载路径引用"
"Assets/Resources/pixramen-valley-asset-pack-v2/pixramen-valley-asset-pack-v2/demon-gunner/png/4x/demon-gunner-falling/demon-gunner-falling3.png","Resources","852","未被正式场景、预设、构建配置或动态加载路径引用"
"Assets/Resources/pixramen-valley-asset-pack-v2/pixramen-valley-asset-pack-v2/demon-gunner/png/4x/demon-gunner-fall-recovery/demon-gunner-fall-recovery1.png","Resources","743","未被正式场景、预设、构建配置或动态加载路径引用"
"Assets/Resources/pixramen-valley-asset-pack-v2/pixramen-valley-asset-pack-v2/demon-gunner/png/4x/demon-gunner-fall-recovery/demon-gunner-fall-recovery2.png","Resources","817","未被正式场景、预设、构建配置或动态加载路径引用"
"Assets/Resources/pixramen-valley-asset-pack-v2/pixramen-valley-asset-pack-v2/demon-gunner/png/4x/demon-gunner-idle/demon-gunner-idle1.png","Resources","817","未被正式场景、预设、构建配置或动态加载路径引用"
"Assets/Resources/pixramen-valley-asset-pack-v2/pixramen-valley-asset-pack-v2/demon-gunner/png/4x/demon-gunner-idle/demon-gunner-idle2.png","Resources","844","未被正式场景、预设、构建配置或动态加载路径引用"
"Assets/Resources/pixramen-valley-asset-pack-v2/pixramen-valley-asset-pack-v2/demon-gunner/png/4x/demon-gunner-jump/demon-gunner-jump1.png","Resources","851","未被正式场景、预设、构建配置或动态加载路径引用"
"Assets/Resources/pixramen-valley-asset-pack-v2/pixramen-valley-asset-pack-v2/demon-gunner/png/4x/demon-gunner-jump/demon-gunner-jump2.png","Resources","849","未被正式场景、预设、构建配置或动态加载路径引用"
"Assets/Resources/pixramen-valley-asset-pack-v2/pixramen-valley-asset-pack-v2/demon-gunner/png/4x/demon-gunner-jump/demon-gunner-jump3.png","Resources","842","未被正式场景、预设、构建配置或动态加载路径引用"
"Assets/Resources/pixramen-valley-asset-pack-v2/pixramen-valley-asset-pack-v2/demon-gunner/png/4x/demon-gunner-prep-jump/demon-gunner-prep-jump1.png","Resources","817","未被正式场景、预设、构建配置或动态加载路径引用"
"Assets/Resources/pixramen-valley-asset-pack-v2/pixramen-valley-asset-pack-v2/demon-gunner/png/4x/demon-gunner-prep-jump/demon-gunner-prep-jump2.png","Resources","743","未被正式场景、预设、构建配置或动态加载路径引用"
"Assets/Resources/pixramen-valley-asset-pack-v2/pixramen-valley-asset-pack-v2/demon-gunner/png/4x/demon-gunner-projectile/demon-gunner-projectile1.png","Resources","438","未被正式场景、预设、构建配置或动态加载路径引用"
"Assets/Resources/pixramen-valley-asset-pack-v2/pixramen-valley-asset-pack-v2/demon-gunner/png/4x/demon-gunner-projectile/demon-gunner-projectile2.png","Resources","430","未被正式场景、预设、构建配置或动态加载路径引用"
"Assets/Resources/pixramen-valley-asset-pack-v2/pixramen-valley-asset-pack-v2/demon-gunner/png/4x/demon-gunner-projectile/demon-gunner-projectile3.png","Resources","439","未被正式场景、预设、构建配置或动态加载路径引用"
"Assets/Resources/pixramen-valley-asset-pack-v2/pixramen-valley-asset-pack-v2/demon-gunner/png/4x/demon-gunner-projectile-explosion/demon-gunner-projectile-explosion1.png","Resources","439","未被正式场景、预设、构建配置或动态加载路径引用"
"Assets/Resources/pixramen-valley-asset-pack-v2/pixramen-valley-asset-pack-v2/demon-gunner/png/4x/demon-gunner-projectile-explosion/demon-gunner-projectile-explosion2.png","Resources","514","未被正式场景、预设、构建配置或动态加载路径引用"
"Assets/Resources/pixramen-valley-asset-pack-v2/pixramen-valley-asset-pack-v2/demon-gunner/png/4x/demon-gunner-projectile-explosion/demon-gunner-projectile-explosion3.png","Resources","1149","未被正式场景、预设、构建配置或动态加载路径引用"
"Assets/Resources/pixramen-valley-asset-pack-v2/pixramen-valley-asset-pack-v2/demon-gunner/png/4x/demon-gunner-projectile-explosion/demon-gunner-projectile-explosion4.png","Resources","1224","未被正式场景、预设、构建配置或动态加载路径引用"
"Assets/Resources/pixramen-valley-asset-pack-v2/pixramen-valley-asset-pack-v2/demon-gunner/png/4x/demon-gunner-projectile-explosion/demon-gunner-projectile-explosion5.png","Resources","855","未被正式场景、预设、构建配置或动态加载路径引用"
"Assets/Resources/pixramen-valley-asset-pack-v2/pixramen-valley-asset-pack-v2/demon-gunner/png/4x/demon-gunner-run/demon-gunner-run1.png","Resources","784","未被正式场景、预设、构建配置或动态加载路径引用"
"Assets/Resources/pixramen-valley-asset-pack-v2/pixramen-valley-asset-pack-v2/demon-gunner/png/4x/demon-gunner-run/demon-gunner-run2.png","Resources","789","未被正式场景、预设、构建配置或动态加载路径引用"
"Assets/Resources/pixramen-valley-asset-pack-v2/pixramen-valley-asset-pack-v2/demon-gunner/png/4x/demon-gunner-run/demon-gunner-run3.png","Resources","778","未被正式场景、预设、构建配置或动态加载路径引用"
"Assets/Resources/pixramen-valley-asset-pack-v2/pixramen-valley-asset-pack-v2/demon-gunner/png/4x/demon-gunner-run/demon-gunner-run4.png","Resources","751","未被正式场景、预设、构建配置或动态加载路径引用"
"Assets/Resources/pixramen-valley-asset-pack-v2/pixramen-valley-asset-pack-v2/demon-gunner/png/4x/demon-gunner-run/demon-gunner-run5.png","Resources","748","未被正式场景、预设、构建配置或动态加载路径引用"
"Assets/Resources/pixramen-valley-asset-pack-v2/pixramen-valley-asset-pack-v2/demon-gunner/png/4x/demon-gunner-shoot/demon-gunner-shoot1.png","Resources","924","未被正式场景、预设、构建配置或动态加载路径引用"
"Assets/Resources/pixramen-valley-asset-pack-v2/pixramen-valley-asset-pack-v2/demon-gunner/png/4x/demon-gunner-shoot/demon-gunner-shoot10.png","Resources","919","未被正式场景、预设、构建配置或动态加载路径引用"
"Assets/Resources/pixramen-valley-asset-pack-v2/pixramen-valley-asset-pack-v2/demon-gunner/png/4x/demon-gunner-shoot/demon-gunner-shoot2.png","Resources","934","未被正式场景、预设、构建配置或动态加载路径引用"
"Assets/Resources/pixramen-valley-asset-pack-v2/pixramen-valley-asset-pack-v2/demon-gunner/png/4x/demon-gunner-shoot/demon-gunner-shoot3.png","Resources","1021","未被正式场景、预设、构建配置或动态加载路径引用"
"Assets/Resources/pixramen-valley-asset-pack-v2/pixramen-valley-asset-pack-v2/demon-gunner/png/4x/demon-gunner-shoot/demon-gunner-shoot4.png","Resources","1251","未被正式场景、预设、构建配置或动态加载路径引用"
"Assets/Resources/pixramen-valley-asset-pack-v2/pixramen-valley-asset-pack-v2/demon-gunner/png/4x/demon-gunner-shoot/demon-gunner-shoot5.png","Resources","1179","未被正式场景、预设、构建配置或动态加载路径引用"
"Assets/Resources/pixramen-valley-asset-pack-v2/pixramen-valley-asset-pack-v2/demon-gunner/png/4x/demon-gunner-shoot/demon-gunner-shoot6.png","Resources","919","未被正式场景、预设、构建配置或动态加载路径引用"
"Assets/Resources/pixramen-valley-asset-pack-v2/pixramen-valley-asset-pack-v2/demon-gunner/png/4x/demon-gunner-shoot/demon-gunner-shoot7.png","Resources","919","未被正式场景、预设、构建配置或动态加载路径引用"
"Assets/Resources/pixramen-valley-asset-pack-v2/pixramen-valley-asset-pack-v2/demon-gunner/png/4x/demon-gunner-shoot/demon-gunner-shoot8.png","Resources","919","未被正式场景、预设、构建配置或动态加载路径引用"
"Assets/Resources/pixramen-valley-asset-pack-v2/pixramen-valley-asset-pack-v2/demon-gunner/png/4x/demon-gunner-shoot/demon-gunner-shoot9.png","Resources","919","未被正式场景、预设、构建配置或动态加载路径引用"
"Assets/Resources/pixramen-valley-asset-pack-v2/pixramen-valley-asset-pack-v2/demon-gunner/png/4x/demon-gunner-weapon/demon-gunner-weapon.png","Resources","265","未被正式场景、预设、构建配置或动态加载路径引用"
"Assets/Resources/pixramen-valley-asset-pack-v2/pixramen-valley-asset-pack-v2/demon-gunner/png/5x/demon-gunner-dead/demon-gunner-dead1.png","Resources","726","未被正式场景、预设、构建配置或动态加载路径引用"
"Assets/Resources/pixramen-valley-asset-pack-v2/pixramen-valley-asset-pack-v2/demon-gunner/png/5x/demon-gunner-dead/demon-gunner-dead2.png","Resources","728","未被正式场景、预设、构建配置或动态加载路径引用"
"Assets/Resources/pixramen-valley-asset-pack-v2/pixramen-valley-asset-pack-v2/demon-gunner/png/5x/demon-gunner-dead/demon-gunner-dead3.png","Resources","730","未被正式场景、预设、构建配置或动态加载路径引用"
"Assets/Resources/pixramen-valley-asset-pack-v2/pixramen-valley-asset-pack-v2/demon-gunner/png/5x/demon-gunner-dead/demon-gunner-dead4.png","Resources","724","未被正式场景、预设、构建配置或动态加载路径引用"
"Assets/Resources/pixramen-valley-asset-pack-v2/pixramen-valley-asset-pack-v2/demon-gunner/png/5x/demon-gunner-dead/demon-gunner-dead5.png","Resources","724","未被正式场景、预设、构建配置或动态加载路径引用"
"Assets/Resources/pixramen-valley-asset-pack-v2/pixramen-valley-asset-pack-v2/demon-gunner/png/5x/demon-gunner-dead-falling/demon-gunner-dead-falling.png","Resources","837","未被正式场景、预设、构建配置或动态加载路径引用"
"Assets/Resources/pixramen-valley-asset-pack-v2/pixramen-valley-asset-pack-v2/demon-gunner/png/5x/demon-gunner-falling/demon-gunner-falling1.png","Resources","1041","未被正式场景、预设、构建配置或动态加载路径引用"
"Assets/Resources/pixramen-valley-asset-pack-v2/pixramen-valley-asset-pack-v2/demon-gunner/png/5x/demon-gunner-falling/demon-gunner-falling2.png","Resources","1054","未被正式场景、预设、构建配置或动态加载路径引用"
"Assets/Resources/pixramen-valley-asset-pack-v2/pixramen-valley-asset-pack-v2/demon-gunner/png/5x/demon-gunner-falling/demon-gunner-falling3.png","Resources","1053","未被正式场景、预设、构建配置或动态加载路径引用"
"Assets/Resources/pixramen-valley-asset-pack-v2/pixramen-valley-asset-pack-v2/demon-gunner/png/5x/demon-gunner-fall-recovery/demon-gunner-fall-recovery1.png","Resources","921","未被正式场景、预设、构建配置或动态加载路径引用"
"Assets/Resources/pixramen-valley-asset-pack-v2/pixramen-valley-asset-pack-v2/demon-gunner/png/5x/demon-gunner-fall-recovery/demon-gunner-fall-recovery2.png","Resources","996","未被正式场景、预设、构建配置或动态加载路径引用"
"Assets/Resources/pixramen-valley-asset-pack-v2/pixramen-valley-asset-pack-v2/demon-gunner/png/5x/demon-gunner-idle/demon-gunner-idle1.png","Resources","996","未被正式场景、预设、构建配置或动态加载路径引用"
"Assets/Resources/pixramen-valley-asset-pack-v2/pixramen-valley-asset-pack-v2/demon-gunner/png/5x/demon-gunner-idle/demon-gunner-idle2.png","Resources","1028","未被正式场景、预设、构建配置或动态加载路径引用"
"Assets/Resources/pixramen-valley-asset-pack-v2/pixramen-valley-asset-pack-v2/demon-gunner/png/5x/demon-gunner-jump/demon-gunner-jump1.png","Resources","1058","未被正式场景、预设、构建配置或动态加载路径引用"
"Assets/Resources/pixramen-valley-asset-pack-v2/pixramen-valley-asset-pack-v2/demon-gunner/png/5x/demon-gunner-jump/demon-gunner-jump2.png","Resources","1054","未被正式场景、预设、构建配置或动态加载路径引用"
"Assets/Resources/pixramen-valley-asset-pack-v2/pixramen-valley-asset-pack-v2/demon-gunner/png/5x/demon-gunner-jump/demon-gunner-jump3.png","Resources","1041","未被正式场景、预设、构建配置或动态加载路径引用"
"Assets/Resources/pixramen-valley-asset-pack-v2/pixramen-valley-asset-pack-v2/demon-gunner/png/5x/demon-gunner-prep-jump/demon-gunner-prep-jump1.png","Resources","996","未被正式场景、预设、构建配置或动态加载路径引用"
"Assets/Resources/pixramen-valley-asset-pack-v2/pixramen-valley-asset-pack-v2/demon-gunner/png/5x/demon-gunner-prep-jump/demon-gunner-prep-jump2.png","Resources","921","未被正式场景、预设、构建配置或动态加载路径引用"
"Assets/Resources/pixramen-valley-asset-pack-v2/pixramen-valley-asset-pack-v2/demon-gunner/png/5x/demon-gunner-projectile/demon-gunner-projectile1.png","Resources","534","未被正式场景、预设、构建配置或动态加载路径引用"
"Assets/Resources/pixramen-valley-asset-pack-v2/pixramen-valley-asset-pack-v2/demon-gunner/png/5x/demon-gunner-projectile/demon-gunner-projectile2.png","Resources","532","未被正式场景、预设、构建配置或动态加载路径引用"
"Assets/Resources/pixramen-valley-asset-pack-v2/pixramen-valley-asset-pack-v2/demon-gunner/png/5x/demon-gunner-projectile/demon-gunner-projectile3.png","Resources","535","未被正式场景、预设、构建配置或动态加载路径引用"
"Assets/Resources/pixramen-valley-asset-pack-v2/pixramen-valley-asset-pack-v2/demon-gunner/png/5x/demon-gunner-projectile-explosion/demon-gunner-projectile-explosion1.png","Resources","549","未被正式场景、预设、构建配置或动态加载路径引用"
"Assets/Resources/pixramen-valley-asset-pack-v2/pixramen-valley-asset-pack-v2/demon-gunner/png/5x/demon-gunner-projectile-explosion/demon-gunner-projectile-explosion2.png","Resources","660","未被正式场景、预设、构建配置或动态加载路径引用"
"Assets/Resources/pixramen-valley-asset-pack-v2/pixramen-valley-asset-pack-v2/demon-gunner/png/5x/demon-gunner-projectile-explosion/demon-gunner-projectile-explosion3.png","Resources","1313","未被正式场景、预设、构建配置或动态加载路径引用"
"Assets/Resources/pixramen-valley-asset-pack-v2/pixramen-valley-asset-pack-v2/demon-gunner/png/5x/demon-gunner-projectile-explosion/demon-gunner-projectile-explosion4.png","Resources","1399","未被正式场景、预设、构建配置或动态加载路径引用"
"Assets/Resources/pixramen-valley-asset-pack-v2/pixramen-valley-asset-pack-v2/demon-gunner/png/5x/demon-gunner-projectile-explosion/demon-gunner-projectile-explosion5.png","Resources","1026","未被正式场景、预设、构建配置或动态加载路径引用"
"Assets/Resources/pixramen-valley-asset-pack-v2/pixramen-valley-asset-pack-v2/demon-gunner/png/5x/demon-gunner-run/demon-gunner-run1.png","Resources","959","未被正式场景、预设、构建配置或动态加载路径引用"
"Assets/Resources/pixramen-valley-asset-pack-v2/pixramen-valley-asset-pack-v2/demon-gunner/png/5x/demon-gunner-run/demon-gunner-run2.png","Resources","967","未被正式场景、预设、构建配置或动态加载路径引用"
"Assets/Resources/pixramen-valley-asset-pack-v2/pixramen-valley-asset-pack-v2/demon-gunner/png/5x/demon-gunner-run/demon-gunner-run3.png","Resources","959","未被正式场景、预设、构建配置或动态加载路径引用"
"Assets/Resources/pixramen-valley-asset-pack-v2/pixramen-valley-asset-pack-v2/demon-gunner/png/5x/demon-gunner-run/demon-gunner-run4.png","Resources","929","未被正式场景、预设、构建配置或动态加载路径引用"
"Assets/Resources/pixramen-valley-asset-pack-v2/pixramen-valley-asset-pack-v2/demon-gunner/png/5x/demon-gunner-run/demon-gunner-run5.png","Resources","925","未被正式场景、预设、构建配置或动态加载路径引用"
"Assets/Resources/pixramen-valley-asset-pack-v2/pixramen-valley-asset-pack-v2/demon-gunner/png/5x/demon-gunner-shoot/demon-gunner-shoot1.png","Resources","1165","未被正式场景、预设、构建配置或动态加载路径引用"
"Assets/Resources/pixramen-valley-asset-pack-v2/pixramen-valley-asset-pack-v2/demon-gunner/png/5x/demon-gunner-shoot/demon-gunner-shoot10.png","Resources","1160","未被正式场景、预设、构建配置或动态加载路径引用"
"Assets/Resources/pixramen-valley-asset-pack-v2/pixramen-valley-asset-pack-v2/demon-gunner/png/5x/demon-gunner-shoot/demon-gunner-shoot2.png","Resources","1175","未被正式场景、预设、构建配置或动态加载路径引用"
"Assets/Resources/pixramen-valley-asset-pack-v2/pixramen-valley-asset-pack-v2/demon-gunner/png/5x/demon-gunner-shoot/demon-gunner-shoot3.png","Resources","1275","未被正式场景、预设、构建配置或动态加载路径引用"
"Assets/Resources/pixramen-valley-asset-pack-v2/pixramen-valley-asset-pack-v2/demon-gunner/png/5x/demon-gunner-shoot/demon-gunner-shoot4.png","Resources","1522","未被正式场景、预设、构建配置或动态加载路径引用"
"Assets/Resources/pixramen-valley-asset-pack-v2/pixramen-valley-asset-pack-v2/demon-gunner/png/5x/demon-gunner-shoot/demon-gunner-shoot5.png","Resources","1458","未被正式场景、预设、构建配置或动态加载路径引用"
"Assets/Resources/pixramen-valley-asset-pack-v2/pixramen-valley-asset-pack-v2/demon-gunner/png/5x/demon-gunner-shoot/demon-gunner-shoot6.png","Resources","1160","未被正式场景、预设、构建配置或动态加载路径引用"
"Assets/Resources/pixramen-valley-asset-pack-v2/pixramen-valley-asset-pack-v2/demon-gunner/png/5x/demon-gunner-shoot/demon-gunner-shoot7.png","Resources","1160","未被正式场景、预设、构建配置或动态加载路径引用"
"Assets/Resources/pixramen-valley-asset-pack-v2/pixramen-valley-asset-pack-v2/demon-gunner/png/5x/demon-gunner-shoot/demon-gunner-shoot8.png","Resources","1160","未被正式场景、预设、构建配置或动态加载路径引用"
"Assets/Resources/pixramen-valley-asset-pack-v2/pixramen-valley-asset-pack-v2/demon-gunner/png/5x/demon-gunner-shoot/demon-gunner-shoot9.png","Resources","1160","未被正式场景、预设、构建配置或动态加载路径引用"
"Assets/Resources/pixramen-valley-asset-pack-v2/pixramen-valley-asset-pack-v2/demon-gunner/png/5x/demon-gunner-weapon/demon-gunner-weapon.png","Resources","307","未被正式场景、预设、构建配置或动态加载路径引用"
"Assets/Resources/pixramen-valley-asset-pack-v2/pixramen-valley-asset-pack-v2/demon-gunner/preview_gif/preview-demon-gunner-death.gif","Resources","5349","未被正式场景、预设、构建配置或动态加载路径引用"
"Assets/Resources/pixramen-valley-asset-pack-v2/pixramen-valley-asset-pack-v2/demon-gunner/preview_gif/preview-demon-gunner-idle.gif","Resources","1130","未被正式场景、预设、构建配置或动态加载路径引用"
"Assets/Resources/pixramen-valley-asset-pack-v2/pixramen-valley-asset-pack-v2/demon-gunner/preview_gif/preview-demon-gunner-jump.gif","Resources","5554","未被正式场景、预设、构建配置或动态加载路径引用"
"Assets/Resources/pixramen-valley-asset-pack-v2/pixramen-valley-asset-pack-v2/demon-gunner/preview_gif/preview-demon-gunner-run.gif","Resources","2640","未被正式场景、预设、构建配置或动态加载路径引用"
"Assets/Resources/pixramen-valley-asset-pack-v2/pixramen-valley-asset-pack-v2/demon-gunner/preview_gif/preview-demon-gunner-shoot.gif","Resources","10321","未被正式场景、预设、构建配置或动态加载路径引用"
"Assets/Resources/pixramen-valley-asset-pack-v2/pixramen-valley-asset-pack-v2/demon-gunner/spritesheets/1x/demon-gunner-dead.png","Resources","436","未被正式场景、预设、构建配置或动态加载路径引用"
"Assets/Resources/pixramen-valley-asset-pack-v2/pixramen-valley-asset-pack-v2/demon-gunner/spritesheets/1x/demon-gunner-dead-falling.png","Resources","307","未被正式场景、预设、构建配置或动态加载路径引用"
"Assets/Resources/pixramen-valley-asset-pack-v2/pixramen-valley-asset-pack-v2/demon-gunner/spritesheets/1x/demon-gunner-falling.png","Resources","550","未被正式场景、预设、构建配置或动态加载路径引用"
"Assets/Resources/pixramen-valley-asset-pack-v2/pixramen-valley-asset-pack-v2/demon-gunner/spritesheets/1x/demon-gunner-fall-recovery.png","Resources","522","未被正式场景、预设、构建配置或动态加载路径引用"
"Assets/Resources/pixramen-valley-asset-pack-v2/pixramen-valley-asset-pack-v2/demon-gunner/spritesheets/1x/demon-gunner-idle.png","Resources","526","未被正式场景、预设、构建配置或动态加载路径引用"
"Assets/Resources/pixramen-valley-asset-pack-v2/pixramen-valley-asset-pack-v2/demon-gunner/spritesheets/1x/demon-gunner-jump.png","Resources","561","未被正式场景、预设、构建配置或动态加载路径引用"
"Assets/Resources/pixramen-valley-asset-pack-v2/pixramen-valley-asset-pack-v2/demon-gunner/spritesheets/1x/demon-gunner-prep-jump.png","Resources","516","未被正式场景、预设、构建配置或动态加载路径引用"
"Assets/Resources/pixramen-valley-asset-pack-v2/pixramen-valley-asset-pack-v2/demon-gunner/spritesheets/1x/demon-gunner-projectile.png","Resources","326","未被正式场景、预设、构建配置或动态加载路径引用"
"Assets/Resources/pixramen-valley-asset-pack-v2/pixramen-valley-asset-pack-v2/demon-gunner/spritesheets/1x/demon-gunner-projectile-explosion.png","Resources","1679","未被正式场景、预设、构建配置或动态加载路径引用"
"Assets/Resources/pixramen-valley-asset-pack-v2/pixramen-valley-asset-pack-v2/demon-gunner/spritesheets/1x/demon-gunner-run.png","Resources","838","未被正式场景、预设、构建配置或动态加载路径引用"
"Assets/Resources/pixramen-valley-asset-pack-v2/pixramen-valley-asset-pack-v2/demon-gunner/spritesheets/1x/demon-gunner-shoot.png","Resources","1598","未被正式场景、预设、构建配置或动态加载路径引用"
"Assets/Resources/pixramen-valley-asset-pack-v2/pixramen-valley-asset-pack-v2/demon-gunner/spritesheets/1x/demon-gunner-weapon.png","Resources","156","未被正式场景、预设、构建配置或动态加载路径引用"
"Assets/Resources/pixramen-valley-asset-pack-v2/pixramen-valley-asset-pack-v2/demon-gunner/spritesheets/2x/demon-gunner-dead.png","Resources","762","未被正式场景、预设、构建配置或动态加载路径引用"
"Assets/Resources/pixramen-valley-asset-pack-v2/pixramen-valley-asset-pack-v2/demon-gunner/spritesheets/2x/demon-gunner-dead-falling.png","Resources","415","未被正式场景、预设、构建配置或动态加载路径引用"
"Assets/Resources/pixramen-valley-asset-pack-v2/pixramen-valley-asset-pack-v2/demon-gunner/spritesheets/2x/demon-gunner-falling.png","Resources","832","未被正式场景、预设、构建配置或动态加载路径引用"
"Assets/Resources/pixramen-valley-asset-pack-v2/pixramen-valley-asset-pack-v2/demon-gunner/spritesheets/2x/demon-gunner-fall-recovery.png","Resources","721","未被正式场景、预设、构建配置或动态加载路径引用"
"Assets/Resources/pixramen-valley-asset-pack-v2/pixramen-valley-asset-pack-v2/demon-gunner/spritesheets/2x/demon-gunner-idle.png","Resources","734","未被正式场景、预设、构建配置或动态加载路径引用"
"Assets/Resources/pixramen-valley-asset-pack-v2/pixramen-valley-asset-pack-v2/demon-gunner/spritesheets/2x/demon-gunner-jump.png","Resources","845","未被正式场景、预设、构建配置或动态加载路径引用"
"Assets/Resources/pixramen-valley-asset-pack-v2/pixramen-valley-asset-pack-v2/demon-gunner/spritesheets/2x/demon-gunner-prep-jump.png","Resources","717","未被正式场景、预设、构建配置或动态加载路径引用"
"Assets/Resources/pixramen-valley-asset-pack-v2/pixramen-valley-asset-pack-v2/demon-gunner/spritesheets/2x/demon-gunner-projectile.png","Resources","453","未被正式场景、预设、构建配置或动态加载路径引用"
"Assets/Resources/pixramen-valley-asset-pack-v2/pixramen-valley-asset-pack-v2/demon-gunner/spritesheets/2x/demon-gunner-projectile-explosion.png","Resources","2118","未被正式场景、预设、构建配置或动态加载路径引用"
"Assets/Resources/pixramen-valley-asset-pack-v2/pixramen-valley-asset-pack-v2/demon-gunner/spritesheets/2x/demon-gunner-run.png","Resources","1141","未被正式场景、预设、构建配置或动态加载路径引用"
"Assets/Resources/pixramen-valley-asset-pack-v2/pixramen-valley-asset-pack-v2/demon-gunner/spritesheets/2x/demon-gunner-shoot.png","Resources","2535","未被正式场景、预设、构建配置或动态加载路径引用"
"Assets/Resources/pixramen-valley-asset-pack-v2/pixramen-valley-asset-pack-v2/demon-gunner/spritesheets/2x/demon-gunner-weapon.png","Resources","193","未被正式场景、预设、构建配置或动态加载路径引用"
"Assets/Resources/pixramen-valley-asset-pack-v2/pixramen-valley-asset-pack-v2/demon-gunner/spritesheets/3x/demon-gunner-dead.png","Resources","1180","未被正式场景、预设、构建配置或动态加载路径引用"
"Assets/Resources/pixramen-valley-asset-pack-v2/pixramen-valley-asset-pack-v2/demon-gunner/spritesheets/3x/demon-gunner-dead-falling.png","Resources","523","未被正式场景、预设、构建配置或动态加载路径引用"
"Assets/Resources/pixramen-valley-asset-pack-v2/pixramen-valley-asset-pack-v2/demon-gunner/spritesheets/3x/demon-gunner-falling.png","Resources","1136","未被正式场景、预设、构建配置或动态加载路径引用"
"Assets/Resources/pixramen-valley-asset-pack-v2/pixramen-valley-asset-pack-v2/demon-gunner/spritesheets/3x/demon-gunner-fall-recovery.png","Resources","911","未被正式场景、预设、构建配置或动态加载路径引用"
"Assets/Resources/pixramen-valley-asset-pack-v2/pixramen-valley-asset-pack-v2/demon-gunner/spritesheets/3x/demon-gunner-idle.png","Resources","930","未被正式场景、预设、构建配置或动态加载路径引用"
"Assets/Resources/pixramen-valley-asset-pack-v2/pixramen-valley-asset-pack-v2/demon-gunner/spritesheets/3x/demon-gunner-jump.png","Resources","1161","未被正式场景、预设、构建配置或动态加载路径引用"
"Assets/Resources/pixramen-valley-asset-pack-v2/pixramen-valley-asset-pack-v2/demon-gunner/spritesheets/3x/demon-gunner-prep-jump.png","Resources","908","未被正式场景、预设、构建配置或动态加载路径引用"
"Assets/Resources/pixramen-valley-asset-pack-v2/pixramen-valley-asset-pack-v2/demon-gunner/spritesheets/3x/demon-gunner-projectile.png","Resources","611","未被正式场景、预设、构建配置或动态加载路径引用"
"Assets/Resources/pixramen-valley-asset-pack-v2/pixramen-valley-asset-pack-v2/demon-gunner/spritesheets/3x/demon-gunner-projectile-explosion.png","Resources","2691","未被正式场景、预设、构建配置或动态加载路径引用"
"Assets/Resources/pixramen-valley-asset-pack-v2/pixramen-valley-asset-pack-v2/demon-gunner/spritesheets/3x/demon-gunner-run.png","Resources","1595","未被正式场景、预设、构建配置或动态加载路径引用"
"Assets/Resources/pixramen-valley-asset-pack-v2/pixramen-valley-asset-pack-v2/demon-gunner/spritesheets/3x/demon-gunner-shoot.png","Resources","3804","未被正式场景、预设、构建配置或动态加载路径引用"
"Assets/Resources/pixramen-valley-asset-pack-v2/pixramen-valley-asset-pack-v2/demon-gunner/spritesheets/3x/demon-gunner-weapon.png","Resources","222","未被正式场景、预设、构建配置或动态加载路径引用"
"Assets/Resources/pixramen-valley-asset-pack-v2/pixramen-valley-asset-pack-v2/demon-gunner/spritesheets/4x/demon-gunner-dead.png","Resources","1786","未被正式场景、预设、构建配置或动态加载路径引用"
"Assets/Resources/pixramen-valley-asset-pack-v2/pixramen-valley-asset-pack-v2/demon-gunner/spritesheets/4x/demon-gunner-dead-falling.png","Resources","667","未被正式场景、预设、构建配置或动态加载路径引用"
"Assets/Resources/pixramen-valley-asset-pack-v2/pixramen-valley-asset-pack-v2/demon-gunner/spritesheets/4x/demon-gunner-falling.png","Resources","1549","未被正式场景、预设、构建配置或动态加载路径引用"
"Assets/Resources/pixramen-valley-asset-pack-v2/pixramen-valley-asset-pack-v2/demon-gunner/spritesheets/4x/demon-gunner-fall-recovery.png","Resources","1196","未被正式场景、预设、构建配置或动态加载路径引用"
"Assets/Resources/pixramen-valley-asset-pack-v2/pixramen-valley-asset-pack-v2/demon-gunner/spritesheets/4x/demon-gunner-idle.png","Resources","1218","未被正式场景、预设、构建配置或动态加载路径引用"
"Assets/Resources/pixramen-valley-asset-pack-v2/pixramen-valley-asset-pack-v2/demon-gunner/spritesheets/4x/demon-gunner-jump.png","Resources","1571","未被正式场景、预设、构建配置或动态加载路径引用"
"Assets/Resources/pixramen-valley-asset-pack-v2/pixramen-valley-asset-pack-v2/demon-gunner/spritesheets/4x/demon-gunner-prep-jump.png","Resources","1261","未被正式场景、预设、构建配置或动态加载路径引用"
"Assets/Resources/pixramen-valley-asset-pack-v2/pixramen-valley-asset-pack-v2/demon-gunner/spritesheets/4x/demon-gunner-projectile.png","Resources","830","未被正式场景、预设、构建配置或动态加载路径引用"
"Assets/Resources/pixramen-valley-asset-pack-v2/pixramen-valley-asset-pack-v2/demon-gunner/spritesheets/4x/demon-gunner-projectile-explosion.png","Resources","3140","未被正式场景、预设、构建配置或动态加载路径引用"
"Assets/Resources/pixramen-valley-asset-pack-v2/pixramen-valley-asset-pack-v2/demon-gunner/spritesheets/4x/demon-gunner-run.png","Resources","2267","未被正式场景、预设、构建配置或动态加载路径引用"
"Assets/Resources/pixramen-valley-asset-pack-v2/pixramen-valley-asset-pack-v2/demon-gunner/spritesheets/4x/demon-gunner-shoot.png","Resources","5711","未被正式场景、预设、构建配置或动态加载路径引用"
"Assets/Resources/pixramen-valley-asset-pack-v2/pixramen-valley-asset-pack-v2/demon-gunner/spritesheets/4x/demon-gunner-weapon.png","Resources","265","未被正式场景、预设、构建配置或动态加载路径引用"
"Assets/Resources/pixramen-valley-asset-pack-v2/pixramen-valley-asset-pack-v2/demon-gunner/spritesheets/5x/demon-gunner-dead.png","Resources","2544","未被正式场景、预设、构建配置或动态加载路径引用"
"Assets/Resources/pixramen-valley-asset-pack-v2/pixramen-valley-asset-pack-v2/demon-gunner/spritesheets/5x/demon-gunner-dead-falling.png","Resources","837","未被正式场景、预设、构建配置或动态加载路径引用"
"Assets/Resources/pixramen-valley-asset-pack-v2/pixramen-valley-asset-pack-v2/demon-gunner/spritesheets/5x/demon-gunner-falling.png","Resources","2069","未被正式场景、预设、构建配置或动态加载路径引用"
"Assets/Resources/pixramen-valley-asset-pack-v2/pixramen-valley-asset-pack-v2/demon-gunner/spritesheets/5x/demon-gunner-fall-recovery.png","Resources","1608","未被正式场景、预设、构建配置或动态加载路径引用"
"Assets/Resources/pixramen-valley-asset-pack-v2/pixramen-valley-asset-pack-v2/demon-gunner/spritesheets/5x/demon-gunner-idle.png","Resources","1556","未被正式场景、预设、构建配置或动态加载路径引用"
"Assets/Resources/pixramen-valley-asset-pack-v2/pixramen-valley-asset-pack-v2/demon-gunner/spritesheets/5x/demon-gunner-jump.png","Resources","2103","未被正式场景、预设、构建配置或动态加载路径引用"
"Assets/Resources/pixramen-valley-asset-pack-v2/pixramen-valley-asset-pack-v2/demon-gunner/spritesheets/5x/demon-gunner-prep-jump.png","Resources","1601","未被正式场景、预设、构建配置或动态加载路径引用"
"Assets/Resources/pixramen-valley-asset-pack-v2/pixramen-valley-asset-pack-v2/demon-gunner/spritesheets/5x/demon-gunner-projectile.png","Resources","1107","未被正式场景、预设、构建配置或动态加载路径引用"
"Assets/Resources/pixramen-valley-asset-pack-v2/pixramen-valley-asset-pack-v2/demon-gunner/spritesheets/5x/demon-gunner-projectile-explosion.png","Resources","3791","未被正式场景、预设、构建配置或动态加载路径引用"
"Assets/Resources/pixramen-valley-asset-pack-v2/pixramen-valley-asset-pack-v2/demon-gunner/spritesheets/5x/demon-gunner-run.png","Resources","3163","未被正式场景、预设、构建配置或动态加载路径引用"
"Assets/Resources/pixramen-valley-asset-pack-v2/pixramen-valley-asset-pack-v2/demon-gunner/spritesheets/5x/demon-gunner-shoot.png","Resources","7962","未被正式场景、预设、构建配置或动态加载路径引用"
"Assets/Resources/pixramen-valley-asset-pack-v2/pixramen-valley-asset-pack-v2/demon-gunner/spritesheets/5x/demon-gunner-weapon.png","Resources","307","未被正式场景、预设、构建配置或动态加载路径引用"
"Assets/Resources/pixramen-valley-asset-pack-v2/pixramen-valley-asset-pack-v2/demon-heart/aseprite_files/demon-heart-blue.aseprite","Resources","616","未被正式场景、预设、构建配置或动态加载路径引用"
"Assets/Resources/pixramen-valley-asset-pack-v2/pixramen-valley-asset-pack-v2/demon-heart/aseprite_files/demon-heart-green.aseprite","Resources","616","未被正式场景、预设、构建配置或动态加载路径引用"
"Assets/Resources/pixramen-valley-asset-pack-v2/pixramen-valley-asset-pack-v2/demon-heart/aseprite_files/demon-heart-red.aseprite","Resources","614","未被正式场景、预设、构建配置或动态加载路径引用"
"Assets/Resources/pixramen-valley-asset-pack-v2/pixramen-valley-asset-pack-v2/demon-heart/gif/1x/demon-heart-blue.gif","Resources","94","未被正式场景、预设、构建配置或动态加载路径引用"
"Assets/Resources/pixramen-valley-asset-pack-v2/pixramen-valley-asset-pack-v2/demon-heart/gif/1x/demon-heart-green.gif","Resources","94","未被正式场景、预设、构建配置或动态加载路径引用"
"Assets/Resources/pixramen-valley-asset-pack-v2/pixramen-valley-asset-pack-v2/demon-heart/gif/1x/demon-heart-red.gif","Resources","94","未被正式场景、预设、构建配置或动态加载路径引用"
"Assets/Resources/pixramen-valley-asset-pack-v2/pixramen-valley-asset-pack-v2/demon-heart/gif/2x/demon-heart-blue.gif","Resources","144","未被正式场景、预设、构建配置或动态加载路径引用"
"Assets/Resources/pixramen-valley-asset-pack-v2/pixramen-valley-asset-pack-v2/demon-heart/gif/2x/demon-heart-green.gif","Resources","144","未被正式场景、预设、构建配置或动态加载路径引用"
"Assets/Resources/pixramen-valley-asset-pack-v2/pixramen-valley-asset-pack-v2/demon-heart/gif/2x/demon-heart-red.gif","Resources","144","未被正式场景、预设、构建配置或动态加载路径引用"
"Assets/Resources/pixramen-valley-asset-pack-v2/pixramen-valley-asset-pack-v2/demon-heart/gif/3x/demon-heart-blue.gif","Resources","201","未被正式场景、预设、构建配置或动态加载路径引用"
"Assets/Resources/pixramen-valley-asset-pack-v2/pixramen-valley-asset-pack-v2/demon-heart/gif/3x/demon-heart-green.gif","Resources","201","未被正式场景、预设、构建配置或动态加载路径引用"
"Assets/Resources/pixramen-valley-asset-pack-v2/pixramen-valley-asset-pack-v2/demon-heart/gif/3x/demon-heart-red.gif","Resources","201","未被正式场景、预设、构建配置或动态加载路径引用"
"Assets/Resources/pixramen-valley-asset-pack-v2/pixramen-valley-asset-pack-v2/demon-heart/gif/4x/demon-heart-blue.gif","Resources","262","未被正式场景、预设、构建配置或动态加载路径引用"
"Assets/Resources/pixramen-valley-asset-pack-v2/pixramen-valley-asset-pack-v2/demon-heart/gif/4x/demon-heart-green.gif","Resources","262","未被正式场景、预设、构建配置或动态加载路径引用"
"Assets/Resources/pixramen-valley-asset-pack-v2/pixramen-valley-asset-pack-v2/demon-heart/gif/4x/demon-heart-red.gif","Resources","262","未被正式场景、预设、构建配置或动态加载路径引用"
"Assets/Resources/pixramen-valley-asset-pack-v2/pixramen-valley-asset-pack-v2/demon-heart/gif/5x/demon-heart-blue.gif","Resources","327","未被正式场景、预设、构建配置或动态加载路径引用"
"Assets/Resources/pixramen-valley-asset-pack-v2/pixramen-valley-asset-pack-v2/demon-heart/gif/5x/demon-heart-green.gif","Resources","327","未被正式场景、预设、构建配置或动态加载路径引用"
"Assets/Resources/pixramen-valley-asset-pack-v2/pixramen-valley-asset-pack-v2/demon-heart/gif/5x/demon-heart-red.gif","Resources","327","未被正式场景、预设、构建配置或动态加载路径引用"
"Assets/Resources/pixramen-valley-asset-pack-v2/pixramen-valley-asset-pack-v2/demon-heart/png/1x/demon-heart-blue/demon-heart-blue.png","Resources","233","未被正式场景、预设、构建配置或动态加载路径引用"
"Assets/Resources/pixramen-valley-asset-pack-v2/pixramen-valley-asset-pack-v2/demon-heart/png/1x/demon-heart-green/demon-heart-green.png","Resources","232","未被正式场景、预设、构建配置或动态加载路径引用"
"Assets/Resources/pixramen-valley-asset-pack-v2/pixramen-valley-asset-pack-v2/demon-heart/png/2x/demon-heart-blue/demon-heart-blue.png","Resources","275","未被正式场景、预设、构建配置或动态加载路径引用"
"Assets/Resources/pixramen-valley-asset-pack-v2/pixramen-valley-asset-pack-v2/demon-heart/png/2x/demon-heart-green/demon-heart-green.png","Resources","274","未被正式场景、预设、构建配置或动态加载路径引用"
"Assets/Resources/pixramen-valley-asset-pack-v2/pixramen-valley-asset-pack-v2/demon-heart/png/2x/demon-heart-red/demon-heart-red.png","Resources","274","未被正式场景、预设、构建配置或动态加载路径引用"
"Assets/Resources/pixramen-valley-asset-pack-v2/pixramen-valley-asset-pack-v2/demon-heart/png/3x/demon-heart-blue/demon-heart-blue.png","Resources","302","未被正式场景、预设、构建配置或动态加载路径引用"
"Assets/Resources/pixramen-valley-asset-pack-v2/pixramen-valley-asset-pack-v2/demon-heart/png/3x/demon-heart-green/demon-heart-green.png","Resources","301","未被正式场景、预设、构建配置或动态加载路径引用"
"Assets/Resources/pixramen-valley-asset-pack-v2/pixramen-valley-asset-pack-v2/demon-heart/png/3x/demon-heart-red/demon-heart-red.png","Resources","300","未被正式场景、预设、构建配置或动态加载路径引用"
"Assets/Resources/pixramen-valley-asset-pack-v2/pixramen-valley-asset-pack-v2/demon-heart/png/4x/demon-heart-blue/demon-heart-blue.png","Resources","344","未被正式场景、预设、构建配置或动态加载路径引用"
"Assets/Resources/pixramen-valley-asset-pack-v2/pixramen-valley-asset-pack-v2/demon-heart/png/4x/demon-heart-green/demon-heart-green.png","Resources","344","未被正式场景、预设、构建配置或动态加载路径引用"
"Assets/Resources/pixramen-valley-asset-pack-v2/pixramen-valley-asset-pack-v2/demon-heart/png/4x/demon-heart-red/demon-heart-red.png","Resources","342","未被正式场景、预设、构建配置或动态加载路径引用"
"Assets/Resources/pixramen-valley-asset-pack-v2/pixramen-valley-asset-pack-v2/demon-heart/png/5x/demon-heart-blue/demon-heart-blue.png","Resources","376","未被正式场景、预设、构建配置或动态加载路径引用"
"Assets/Resources/pixramen-valley-asset-pack-v2/pixramen-valley-asset-pack-v2/demon-heart/png/5x/demon-heart-green/demon-heart-green.png","Resources","376","未被正式场景、预设、构建配置或动态加载路径引用"
"Assets/Resources/pixramen-valley-asset-pack-v2/pixramen-valley-asset-pack-v2/demon-heart/png/5x/demon-heart-red/demon-heart-red.png","Resources","374","未被正式场景、预设、构建配置或动态加载路径引用"
"Assets/Resources/pixramen-valley-asset-pack-v2/pixramen-valley-asset-pack-v2/demon-heart/spritesheets/1x/demon-heart-blue.png","Resources","233","未被正式场景、预设、构建配置或动态加载路径引用"
"Assets/Resources/pixramen-valley-asset-pack-v2/pixramen-valley-asset-pack-v2/demon-heart/spritesheets/1x/demon-heart-green.png","Resources","232","未被正式场景、预设、构建配置或动态加载路径引用"
"Assets/Resources/pixramen-valley-asset-pack-v2/pixramen-valley-asset-pack-v2/demon-heart/spritesheets/1x/demon-heart-red.png","Resources","231","未被正式场景、预设、构建配置或动态加载路径引用"
"Assets/Resources/pixramen-valley-asset-pack-v2/pixramen-valley-asset-pack-v2/demon-heart/spritesheets/2x/demon-heart-blue.png","Resources","275","未被正式场景、预设、构建配置或动态加载路径引用"
"Assets/Resources/pixramen-valley-asset-pack-v2/pixramen-valley-asset-pack-v2/demon-heart/spritesheets/2x/demon-heart-green.png","Resources","274","未被正式场景、预设、构建配置或动态加载路径引用"
"Assets/Resources/pixramen-valley-asset-pack-v2/pixramen-valley-asset-pack-v2/demon-heart/spritesheets/2x/demon-heart-red.png","Resources","274","未被正式场景、预设、构建配置或动态加载路径引用"
"Assets/Resources/pixramen-valley-asset-pack-v2/pixramen-valley-asset-pack-v2/demon-heart/spritesheets/3x/demon-heart-blue.png","Resources","302","未被正式场景、预设、构建配置或动态加载路径引用"
"Assets/Resources/pixramen-valley-asset-pack-v2/pixramen-valley-asset-pack-v2/demon-heart/spritesheets/3x/demon-heart-green.png","Resources","301","未被正式场景、预设、构建配置或动态加载路径引用"
"Assets/Resources/pixramen-valley-asset-pack-v2/pixramen-valley-asset-pack-v2/demon-heart/spritesheets/3x/demon-heart-red.png","Resources","300","未被正式场景、预设、构建配置或动态加载路径引用"
"Assets/Resources/pixramen-valley-asset-pack-v2/pixramen-valley-asset-pack-v2/demon-heart/spritesheets/4x/demon-heart-blue.png","Resources","344","未被正式场景、预设、构建配置或动态加载路径引用"
"Assets/Resources/pixramen-valley-asset-pack-v2/pixramen-valley-asset-pack-v2/demon-heart/spritesheets/4x/demon-heart-green.png","Resources","344","未被正式场景、预设、构建配置或动态加载路径引用"
"Assets/Resources/pixramen-valley-asset-pack-v2/pixramen-valley-asset-pack-v2/demon-heart/spritesheets/4x/demon-heart-red.png","Resources","342","未被正式场景、预设、构建配置或动态加载路径引用"
"Assets/Resources/pixramen-valley-asset-pack-v2/pixramen-valley-asset-pack-v2/demon-heart/spritesheets/5x/demon-heart-blue.png","Resources","376","未被正式场景、预设、构建配置或动态加载路径引用"
"Assets/Resources/pixramen-valley-asset-pack-v2/pixramen-valley-asset-pack-v2/demon-heart/spritesheets/5x/demon-heart-green.png","Resources","376","未被正式场景、预设、构建配置或动态加载路径引用"
"Assets/Resources/pixramen-valley-asset-pack-v2/pixramen-valley-asset-pack-v2/demon-heart/spritesheets/5x/demon-heart-red.png","Resources","374","未被正式场景、预设、构建配置或动态加载路径引用"
"Assets/Resources/pixramen-valley-asset-pack-v2/pixramen-valley-asset-pack-v2/demon-hound/aseprite_files/demon-hound-bite.aseprite","Resources","2850","未被正式场景、预设、构建配置或动态加载路径引用"
"Assets/Resources/pixramen-valley-asset-pack-v2/pixramen-valley-asset-pack-v2/demon-hound/aseprite_files/demon-hound-death-falling.aseprite","Resources","760","未被正式场景、预设、构建配置或动态加载路径引用"
"Assets/Resources/pixramen-valley-asset-pack-v2/pixramen-valley-asset-pack-v2/demon-hound/aseprite_files/demon-hound-death-landed.aseprite","Resources","1441","未被正式场景、预设、构建配置或动态加载路径引用"
"Assets/Resources/pixramen-valley-asset-pack-v2/pixramen-valley-asset-pack-v2/demon-hound/aseprite_files/demon-hound-falling.aseprite","Resources","818","未被正式场景、预设、构建配置或动态加载路径引用"
"Assets/Resources/pixramen-valley-asset-pack-v2/pixramen-valley-asset-pack-v2/demon-hound/aseprite_files/demon-hound-fall-recovery.aseprite","Resources","999","未被正式场景、预设、构建配置或动态加载路径引用"
"Assets/Resources/pixramen-valley-asset-pack-v2/pixramen-valley-asset-pack-v2/demon-hound/aseprite_files/demon-hound-idle.aseprite","Resources","1012","未被正式场景、预设、构建配置或动态加载路径引用"
"Assets/Resources/pixramen-valley-asset-pack-v2/pixramen-valley-asset-pack-v2/demon-hound/aseprite_files/demon-hound-jumping.aseprite","Resources","796","未被正式场景、预设、构建配置或动态加载路径引用"
"Assets/Resources/pixramen-valley-asset-pack-v2/pixramen-valley-asset-pack-v2/demon-hound/aseprite_files/demon-hound-knockback.aseprite","Resources","788","未被正式场景、预设、构建配置或动态加载路径引用"
"Assets/Resources/pixramen-valley-asset-pack-v2/pixramen-valley-asset-pack-v2/demon-hound/aseprite_files/demon-hound-prepare-jump.aseprite","Resources","999","未被正式场景、预设、构建配置或动态加载路径引用"
"Assets/Resources/pixramen-valley-asset-pack-v2/pixramen-valley-asset-pack-v2/demon-hound/aseprite_files/demon-hound-run.aseprite","Resources","1741","未被正式场景、预设、构建配置或动态加载路径引用"
"Assets/Resources/pixramen-valley-asset-pack-v2/pixramen-valley-asset-pack-v2/demon-hound/aseprite_files/preview/preview-demon-hound.aseprite","Resources","3529","未被正式场景、预设、构建配置或动态加载路径引用"
"Assets/Resources/pixramen-valley-asset-pack-v2/pixramen-valley-asset-pack-v2/demon-hound/aseprite_files/preview/preview-demon-hound-dead.aseprite","Resources","5303","未被正式场景、预设、构建配置或动态加载路径引用"
"Assets/Resources/pixramen-valley-asset-pack-v2/pixramen-valley-asset-pack-v2/demon-hound/aseprite_files/preview/preview-demon-hound-idle.aseprite","Resources","1182","未被正式场景、预设、构建配置或动态加载路径引用"
"Assets/Resources/pixramen-valley-asset-pack-v2/pixramen-valley-asset-pack-v2/demon-hound/aseprite_files/preview/preview-demon-hound-jump.aseprite","Resources","5020","未被正式场景、预设、构建配置或动态加载路径引用"
"Assets/Resources/pixramen-valley-asset-pack-v2/pixramen-valley-asset-pack-v2/demon-hound/aseprite_files/preview/preview-demon-hound-knockback.aseprite","Resources","1159","未被正式场景、预设、构建配置或动态加载路径引用"
"Assets/Resources/pixramen-valley-asset-pack-v2/pixramen-valley-asset-pack-v2/demon-hound/aseprite_files/preview/preview-demon-hound-run.aseprite","Resources","2181","未被正式场景、预设、构建配置或动态加载路径引用"
"Assets/Resources/pixramen-valley-asset-pack-v2/pixramen-valley-asset-pack-v2/demon-hound/gif/1x/demon-hound-bite.gif","Resources","1112","未被正式场景、预设、构建配置或动态加载路径引用"
"Assets/Resources/pixramen-valley-asset-pack-v2/pixramen-valley-asset-pack-v2/demon-hound/gif/1x/demon-hound-death-falling.gif","Resources","183","未被正式场景、预设、构建配置或动态加载路径引用"
"Assets/Resources/pixramen-valley-asset-pack-v2/pixramen-valley-asset-pack-v2/demon-hound/gif/1x/demon-hound-death-landed.gif","Resources","420","未被正式场景、预设、构建配置或动态加载路径引用"
"Assets/Resources/pixramen-valley-asset-pack-v2/pixramen-valley-asset-pack-v2/demon-hound/gif/1x/demon-hound-falling.gif","Resources","185","未被正式场景、预设、构建配置或动态加载路径引用"
"Assets/Resources/pixramen-valley-asset-pack-v2/pixramen-valley-asset-pack-v2/demon-hound/gif/1x/demon-hound-fall-recovery.gif","Resources","266","未被正式场景、预设、构建配置或动态加载路径引用"
"Assets/Resources/pixramen-valley-asset-pack-v2/pixramen-valley-asset-pack-v2/demon-hound/gif/1x/demon-hound-idle.gif","Resources","276","未被正式场景、预设、构建配置或动态加载路径引用"
"Assets/Resources/pixramen-valley-asset-pack-v2/pixramen-valley-asset-pack-v2/demon-hound/gif/1x/demon-hound-jumping.gif","Resources","184","未被正式场景、预设、构建配置或动态加载路径引用"
"Assets/Resources/pixramen-valley-asset-pack-v2/pixramen-valley-asset-pack-v2/demon-hound/gif/1x/demon-hound-knockback.gif","Resources","178","未被正式场景、预设、构建配置或动态加载路径引用"
"Assets/Resources/pixramen-valley-asset-pack-v2/pixramen-valley-asset-pack-v2/demon-hound/gif/1x/demon-hound-prepare-jump.gif","Resources","266","未被正式场景、预设、构建配置或动态加载路径引用"
"Assets/Resources/pixramen-valley-asset-pack-v2/pixramen-valley-asset-pack-v2/demon-hound/gif/1x/demon-hound-run.gif","Resources","597","未被正式场景、预设、构建配置或动态加载路径引用"
"Assets/Resources/pixramen-valley-asset-pack-v2/pixramen-valley-asset-pack-v2/demon-hound/gif/2x/demon-hound-bite.gif","Resources","2207","未被正式场景、预设、构建配置或动态加载路径引用"
"Assets/Resources/pixramen-valley-asset-pack-v2/pixramen-valley-asset-pack-v2/demon-hound/gif/2x/demon-hound-death-falling.gif","Resources","351","未被正式场景、预设、构建配置或动态加载路径引用"
"Assets/Resources/pixramen-valley-asset-pack-v2/pixramen-valley-asset-pack-v2/demon-hound/gif/2x/demon-hound-death-landed.gif","Resources","737","未被正式场景、预设、构建配置或动态加载路径引用"
"Assets/Resources/pixramen-valley-asset-pack-v2/pixramen-valley-asset-pack-v2/demon-hound/gif/2x/demon-hound-falling.gif","Resources","354","未被正式场景、预设、构建配置或动态加载路径引用"
"Assets/Resources/pixramen-valley-asset-pack-v2/pixramen-valley-asset-pack-v2/demon-hound/gif/2x/demon-hound-fall-recovery.gif","Resources","505","未被正式场景、预设、构建配置或动态加载路径引用"
"Assets/Resources/pixramen-valley-asset-pack-v2/pixramen-valley-asset-pack-v2/demon-hound/gif/2x/demon-hound-idle.gif","Resources","528","未被正式场景、预设、构建配置或动态加载路径引用"
"Assets/Resources/pixramen-valley-asset-pack-v2/pixramen-valley-asset-pack-v2/demon-hound/gif/2x/demon-hound-jumping.gif","Resources","344","未被正式场景、预设、构建配置或动态加载路径引用"
"Assets/Resources/pixramen-valley-asset-pack-v2/pixramen-valley-asset-pack-v2/demon-hound/gif/2x/demon-hound-knockback.gif","Resources","335","未被正式场景、预设、构建配置或动态加载路径引用"
"Assets/Resources/pixramen-valley-asset-pack-v2/pixramen-valley-asset-pack-v2/demon-hound/gif/2x/demon-hound-prepare-jump.gif","Resources","504","未被正式场景、预设、构建配置或动态加载路径引用"
"Assets/Resources/pixramen-valley-asset-pack-v2/pixramen-valley-asset-pack-v2/demon-hound/gif/2x/demon-hound-run.gif","Resources","1138","未被正式场景、预设、构建配置或动态加载路径引用"
"Assets/Resources/pixramen-valley-asset-pack-v2/pixramen-valley-asset-pack-v2/demon-hound/gif/3x/demon-hound-bite.gif","Resources","3377","未被正式场景、预设、构建配置或动态加载路径引用"
"Assets/Resources/pixramen-valley-asset-pack-v2/pixramen-valley-asset-pack-v2/demon-hound/gif/3x/demon-hound-death-falling.gif","Resources","531","未被正式场景、预设、构建配置或动态加载路径引用"
"Assets/Resources/pixramen-valley-asset-pack-v2/pixramen-valley-asset-pack-v2/demon-hound/gif/3x/demon-hound-death-landed.gif","Resources","1090","未被正式场景、预设、构建配置或动态加载路径引用"
"Assets/Resources/pixramen-valley-asset-pack-v2/pixramen-valley-asset-pack-v2/demon-hound/gif/3x/demon-hound-falling.gif","Resources","543","未被正式场景、预设、构建配置或动态加载路径引用"
"Assets/Resources/pixramen-valley-asset-pack-v2/pixramen-valley-asset-pack-v2/demon-hound/gif/3x/demon-hound-fall-recovery.gif","Resources","763","未被正式场景、预设、构建配置或动态加载路径引用"
"Assets/Resources/pixramen-valley-asset-pack-v2/pixramen-valley-asset-pack-v2/demon-hound/gif/3x/demon-hound-idle.gif","Resources","803","未被正式场景、预设、构建配置或动态加载路径引用"
"Assets/Resources/pixramen-valley-asset-pack-v2/pixramen-valley-asset-pack-v2/demon-hound/gif/3x/demon-hound-jumping.gif","Resources","522","未被正式场景、预设、构建配置或动态加载路径引用"
"Assets/Resources/pixramen-valley-asset-pack-v2/pixramen-valley-asset-pack-v2/demon-hound/gif/3x/demon-hound-knockback.gif","Resources","506","未被正式场景、预设、构建配置或动态加载路径引用"
"Assets/Resources/pixramen-valley-asset-pack-v2/pixramen-valley-asset-pack-v2/demon-hound/gif/3x/demon-hound-prepare-jump.gif","Resources","759","未被正式场景、预设、构建配置或动态加载路径引用"
"Assets/Resources/pixramen-valley-asset-pack-v2/pixramen-valley-asset-pack-v2/demon-hound/gif/3x/demon-hound-run.gif","Resources","1730","未被正式场景、预设、构建配置或动态加载路径引用"
"Assets/Resources/pixramen-valley-asset-pack-v2/pixramen-valley-asset-pack-v2/demon-hound/gif/4x/demon-hound-bite.gif","Resources","4657","未被正式场景、预设、构建配置或动态加载路径引用"
"Assets/Resources/pixramen-valley-asset-pack-v2/pixramen-valley-asset-pack-v2/demon-hound/gif/4x/demon-hound-death-falling.gif","Resources","727","未被正式场景、预设、构建配置或动态加载路径引用"
"Assets/Resources/pixramen-valley-asset-pack-v2/pixramen-valley-asset-pack-v2/demon-hound/gif/4x/demon-hound-death-landed.gif","Resources","1459","未被正式场景、预设、构建配置或动态加载路径引用"
"Assets/Resources/pixramen-valley-asset-pack-v2/pixramen-valley-asset-pack-v2/demon-hound/gif/4x/demon-hound-falling.gif","Resources","740","未被正式场景、预设、构建配置或动态加载路径引用"
"Assets/Resources/pixramen-valley-asset-pack-v2/pixramen-valley-asset-pack-v2/demon-hound/gif/4x/demon-hound-fall-recovery.gif","Resources","1046","未被正式场景、预设、构建配置或动态加载路径引用"
"Assets/Resources/pixramen-valley-asset-pack-v2/pixramen-valley-asset-pack-v2/demon-hound/gif/4x/demon-hound-idle.gif","Resources","1095","未被正式场景、预设、构建配置或动态加载路径引用"
"Assets/Resources/pixramen-valley-asset-pack-v2/pixramen-valley-asset-pack-v2/demon-hound/gif/4x/demon-hound-jumping.gif","Resources","712","未被正式场景、预设、构建配置或动态加载路径引用"
"Assets/Resources/pixramen-valley-asset-pack-v2/pixramen-valley-asset-pack-v2/demon-hound/gif/4x/demon-hound-knockback.gif","Resources","690","未被正式场景、预设、构建配置或动态加载路径引用"
"Assets/Resources/pixramen-valley-asset-pack-v2/pixramen-valley-asset-pack-v2/demon-hound/gif/4x/demon-hound-prepare-jump.gif","Resources","1036","未被正式场景、预设、构建配置或动态加载路径引用"
"Assets/Resources/pixramen-valley-asset-pack-v2/pixramen-valley-asset-pack-v2/demon-hound/gif/4x/demon-hound-run.gif","Resources","2392","未被正式场景、预设、构建配置或动态加载路径引用"
"Assets/Resources/pixramen-valley-asset-pack-v2/pixramen-valley-asset-pack-v2/demon-hound/gif/5x/demon-hound-bite.gif","Resources","5940","未被正式场景、预设、构建配置或动态加载路径引用"
"Assets/Resources/pixramen-valley-asset-pack-v2/pixramen-valley-asset-pack-v2/demon-hound/gif/5x/demon-hound-death-falling.gif","Resources","935","未被正式场景、预设、构建配置或动态加载路径引用"
"Assets/Resources/pixramen-valley-asset-pack-v2/pixramen-valley-asset-pack-v2/demon-hound/gif/5x/demon-hound-death-landed.gif","Resources","1840","未被正式场景、预设、构建配置或动态加载路径引用"
"Assets/Resources/pixramen-valley-asset-pack-v2/pixramen-valley-asset-pack-v2/demon-hound/gif/5x/demon-hound-falling.gif","Resources","943","未被正式场景、预设、构建配置或动态加载路径引用"
"Assets/Resources/pixramen-valley-asset-pack-v2/pixramen-valley-asset-pack-v2/demon-hound/gif/5x/demon-hound-fall-recovery.gif","Resources","1327","未被正式场景、预设、构建配置或动态加载路径引用"
"Assets/Resources/pixramen-valley-asset-pack-v2/pixramen-valley-asset-pack-v2/demon-hound/gif/5x/demon-hound-idle.gif","Resources","1391","未被正式场景、预设、构建配置或动态加载路径引用"
"Assets/Resources/pixramen-valley-asset-pack-v2/pixramen-valley-asset-pack-v2/demon-hound/gif/5x/demon-hound-jumping.gif","Resources","903","未被正式场景、预设、构建配置或动态加载路径引用"
"Assets/Resources/pixramen-valley-asset-pack-v2/pixramen-valley-asset-pack-v2/demon-hound/gif/5x/demon-hound-knockback.gif","Resources","873","未被正式场景、预设、构建配置或动态加载路径引用"
"Assets/Resources/pixramen-valley-asset-pack-v2/pixramen-valley-asset-pack-v2/demon-hound/gif/5x/demon-hound-prepare-jump.gif","Resources","1323","未被正式场景、预设、构建配置或动态加载路径引用"
"Assets/Resources/pixramen-valley-asset-pack-v2/pixramen-valley-asset-pack-v2/demon-hound/gif/5x/demon-hound-run.gif","Resources","3034","未被正式场景、预设、构建配置或动态加载路径引用"
"Assets/Resources/pixramen-valley-asset-pack-v2/pixramen-valley-asset-pack-v2/demon-hound/png/1x/demon-hound-bite/demon-hound-bite1.png","Resources","341","未被正式场景、预设、构建配置或动态加载路径引用"
"Assets/Resources/pixramen-valley-asset-pack-v2/pixramen-valley-asset-pack-v2/demon-hound/png/1x/demon-hound-bite/demon-hound-bite2.png","Resources","332","未被正式场景、预设、构建配置或动态加载路径引用"
"Assets/Resources/pixramen-valley-asset-pack-v2/pixramen-valley-asset-pack-v2/demon-hound/png/1x/demon-hound-bite/demon-hound-bite3.png","Resources","339","未被正式场景、预设、构建配置或动态加载路径引用"
"Assets/Resources/pixramen-valley-asset-pack-v2/pixramen-valley-asset-pack-v2/demon-hound/png/1x/demon-hound-bite/demon-hound-bite4.png","Resources","572","未被正式场景、预设、构建配置或动态加载路径引用"
"Assets/Resources/pixramen-valley-asset-pack-v2/pixramen-valley-asset-pack-v2/demon-hound/png/1x/demon-hound-bite/demon-hound-bite5.png","Resources","453","未被正式场景、预设、构建配置或动态加载路径引用"
"Assets/Resources/pixramen-valley-asset-pack-v2/pixramen-valley-asset-pack-v2/demon-hound/png/1x/demon-hound-bite/demon-hound-bite6.png","Resources","366","未被正式场景、预设、构建配置或动态加载路径引用"
"Assets/Resources/pixramen-valley-asset-pack-v2/pixramen-valley-asset-pack-v2/demon-hound/png/1x/demon-hound-bite/demon-hound-bite7.png","Resources","347","未被正式场景、预设、构建配置或动态加载路径引用"
"Assets/Resources/pixramen-valley-asset-pack-v2/pixramen-valley-asset-pack-v2/demon-hound/png/1x/demon-hound-bite/demon-hound-bite8.png","Resources","347","未被正式场景、预设、构建配置或动态加载路径引用"
"Assets/Resources/pixramen-valley-asset-pack-v2/pixramen-valley-asset-pack-v2/demon-hound/png/1x/demon-hound-bite/demon-hound-bite9.png","Resources","347","未被正式场景、预设、构建配置或动态加载路径引用"
"Assets/Resources/pixramen-valley-asset-pack-v2/pixramen-valley-asset-pack-v2/demon-hound/png/1x/demon-hound-death-falling/demon-hound-death-falling.png","Resources","335","未被正式场景、预设、构建配置或动态加载路径引用"
"Assets/Resources/pixramen-valley-asset-pack-v2/pixramen-valley-asset-pack-v2/demon-hound/png/1x/demon-hound-death-landed/demon-hound-death-landed1.png","Resources","284","未被正式场景、预设、构建配置或动态加载路径引用"
"Assets/Resources/pixramen-valley-asset-pack-v2/pixramen-valley-asset-pack-v2/demon-hound/png/1x/demon-hound-death-landed/demon-hound-death-landed2.png","Resources","240","未被正式场景、预设、构建配置或动态加载路径引用"
"Assets/Resources/pixramen-valley-asset-pack-v2/pixramen-valley-asset-pack-v2/demon-hound/png/1x/demon-hound-death-landed/demon-hound-death-landed3.png","Resources","236","未被正式场景、预设、构建配置或动态加载路径引用"
"Assets/Resources/pixramen-valley-asset-pack-v2/pixramen-valley-asset-pack-v2/demon-hound/png/1x/demon-hound-death-landed/demon-hound-death-landed4.png","Resources","236","未被正式场景、预设、构建配置或动态加载路径引用"
"Assets/Resources/pixramen-valley-asset-pack-v2/pixramen-valley-asset-pack-v2/demon-hound/png/1x/demon-hound-death-landed/demon-hound-death-landed5.png","Resources","239","未被正式场景、预设、构建配置或动态加载路径引用"
"Assets/Resources/pixramen-valley-asset-pack-v2/pixramen-valley-asset-pack-v2/demon-hound/png/1x/demon-hound-falling/demon-hound-falling.png","Resources","343","未被正式场景、预设、构建配置或动态加载路径引用"
"Assets/Resources/pixramen-valley-asset-pack-v2/pixramen-valley-asset-pack-v2/demon-hound/png/1x/demon-hound-fall-recovery/demon-hound-fall-recovery1.png","Resources","315","未被正式场景、预设、构建配置或动态加载路径引用"
"Assets/Resources/pixramen-valley-asset-pack-v2/pixramen-valley-asset-pack-v2/demon-hound/png/1x/demon-hound-fall-recovery/demon-hound-fall-recovery2.png","Resources","335","未被正式场景、预设、构建配置或动态加载路径引用"
"Assets/Resources/pixramen-valley-asset-pack-v2/pixramen-valley-asset-pack-v2/demon-hound/png/1x/demon-hound-idle/demon-hound-idle1.png","Resources","335","未被正式场景、预设、构建配置或动态加载路径引用"
"Assets/Resources/pixramen-valley-asset-pack-v2/pixramen-valley-asset-pack-v2/demon-hound/png/1x/demon-hound-idle/demon-hound-idle2.png","Resources","348","未被正式场景、预设、构建配置或动态加载路径引用"
"Assets/Resources/pixramen-valley-asset-pack-v2/pixramen-valley-asset-pack-v2/demon-hound/png/1x/demon-hound-jumping/demon-hound-jumping.png","Resources","337","未被正式场景、预设、构建配置或动态加载路径引用"
"Assets/Resources/pixramen-valley-asset-pack-v2/pixramen-valley-asset-pack-v2/demon-hound/png/1x/demon-hound-knockback/demon-hound-knockback.png","Resources","308","未被正式场景、预设、构建配置或动态加载路径引用"
"Assets/Resources/pixramen-valley-asset-pack-v2/pixramen-valley-asset-pack-v2/demon-hound/png/1x/demon-hound-prepare-jump/demon-hound-prepare-jump1.png","Resources","335","未被正式场景、预设、构建配置或动态加载路径引用"
"Assets/Resources/pixramen-valley-asset-pack-v2/pixramen-valley-asset-pack-v2/demon-hound/png/1x/demon-hound-prepare-jump/demon-hound-prepare-jump2.png","Resources","315","未被正式场景、预设、构建配置或动态加载路径引用"
"Assets/Resources/pixramen-valley-asset-pack-v2/pixramen-valley-asset-pack-v2/demon-hound/png/1x/demon-hound-run/demon-hound-run1.png","Resources","334","未被正式场景、预设、构建配置或动态加载路径引用"
"Assets/Resources/pixramen-valley-asset-pack-v2/pixramen-valley-asset-pack-v2/demon-hound/png/1x/demon-hound-run/demon-hound-run2.png","Resources","361","未被正式场景、预设、构建配置或动态加载路径引用"
"Assets/Resources/pixramen-valley-asset-pack-v2/pixramen-valley-asset-pack-v2/demon-hound/png/1x/demon-hound-run/demon-hound-run3.png","Resources","353","未被正式场景、预设、构建配置或动态加载路径引用"
"Assets/Resources/pixramen-valley-asset-pack-v2/pixramen-valley-asset-pack-v2/demon-hound/png/1x/demon-hound-run/demon-hound-run4.png","Resources","324","未被正式场景、预设、构建配置或动态加载路径引用"
"Assets/Resources/pixramen-valley-asset-pack-v2/pixramen-valley-asset-pack-v2/demon-hound/png/1x/demon-hound-run/demon-hound-run5.png","Resources","307","未被正式场景、预设、构建配置或动态加载路径引用"
"Assets/Resources/pixramen-valley-asset-pack-v2/pixramen-valley-asset-pack-v2/demon-hound/png/1x/demon-hound-run/demon-hound-run6.png","Resources","352","未被正式场景、预设、构建配置或动态加载路径引用"
"Assets/Resources/pixramen-valley-asset-pack-v2/pixramen-valley-asset-pack-v2/demon-hound/png/2x/demon-hound-bite/demon-hound-bite1.png","Resources","479","未被正式场景、预设、构建配置或动态加载路径引用"
"Assets/Resources/pixramen-valley-asset-pack-v2/pixramen-valley-asset-pack-v2/demon-hound/png/2x/demon-hound-bite/demon-hound-bite2.png","Resources","447","未被正式场景、预设、构建配置或动态加载路径引用"
"Assets/Resources/pixramen-valley-asset-pack-v2/pixramen-valley-asset-pack-v2/demon-hound/png/2x/demon-hound-bite/demon-hound-bite3.png","Resources","504","未被正式场景、预设、构建配置或动态加载路径引用"
"Assets/Resources/pixramen-valley-asset-pack-v2/pixramen-valley-asset-pack-v2/demon-hound/png/2x/demon-hound-bite/demon-hound-bite4.png","Resources","776","未被正式场景、预设、构建配置或动态加载路径引用"
"Assets/Resources/pixramen-valley-asset-pack-v2/pixramen-valley-asset-pack-v2/demon-hound/png/2x/demon-hound-bite/demon-hound-bite5.png","Resources","575","未被正式场景、预设、构建配置或动态加载路径引用"
"Assets/Resources/pixramen-valley-asset-pack-v2/pixramen-valley-asset-pack-v2/demon-hound/png/2x/demon-hound-bite/demon-hound-bite6.png","Resources","498","未被正式场景、预设、构建配置或动态加载路径引用"
"Assets/Resources/pixramen-valley-asset-pack-v2/pixramen-valley-asset-pack-v2/demon-hound/png/2x/demon-hound-bite/demon-hound-bite7.png","Resources","465","未被正式场景、预设、构建配置或动态加载路径引用"
"Assets/Resources/pixramen-valley-asset-pack-v2/pixramen-valley-asset-pack-v2/demon-hound/png/2x/demon-hound-bite/demon-hound-bite8.png","Resources","465","未被正式场景、预设、构建配置或动态加载路径引用"
"Assets/Resources/pixramen-valley-asset-pack-v2/pixramen-valley-asset-pack-v2/demon-hound/png/2x/demon-hound-bite/demon-hound-bite9.png","Resources","465","未被正式场景、预设、构建配置或动态加载路径引用"
"Assets/Resources/pixramen-valley-asset-pack-v2/pixramen-valley-asset-pack-v2/demon-hound/png/2x/demon-hound-death-falling/demon-hound-death-falling.png","Resources","471","未被正式场景、预设、构建配置或动态加载路径引用"
"Assets/Resources/pixramen-valley-asset-pack-v2/pixramen-valley-asset-pack-v2/demon-hound/png/2x/demon-hound-death-landed/demon-hound-death-landed1.png","Resources","393","未被正式场景、预设、构建配置或动态加载路径引用"
"Assets/Resources/pixramen-valley-asset-pack-v2/pixramen-valley-asset-pack-v2/demon-hound/png/2x/demon-hound-death-landed/demon-hound-death-landed2.png","Resources","317","未被正式场景、预设、构建配置或动态加载路径引用"
"Assets/Resources/pixramen-valley-asset-pack-v2/pixramen-valley-asset-pack-v2/demon-hound/png/2x/demon-hound-death-landed/demon-hound-death-landed3.png","Resources","321","未被正式场景、预设、构建配置或动态加载路径引用"
"Assets/Resources/pixramen-valley-asset-pack-v2/pixramen-valley-asset-pack-v2/demon-hound/png/2x/demon-hound-death-landed/demon-hound-death-landed4.png","Resources","323","未被正式场景、预设、构建配置或动态加载路径引用"
"Assets/Resources/pixramen-valley-asset-pack-v2/pixramen-valley-asset-pack-v2/demon-hound/png/2x/demon-hound-death-landed/demon-hound-death-landed5.png","Resources","315","未被正式场景、预设、构建配置或动态加载路径引用"
"Assets/Resources/pixramen-valley-asset-pack-v2/pixramen-valley-asset-pack-v2/demon-hound/png/2x/demon-hound-falling/demon-hound-falling.png","Resources","481","未被正式场景、预设、构建配置或动态加载路径引用"
"Assets/Resources/pixramen-valley-asset-pack-v2/pixramen-valley-asset-pack-v2/demon-hound/png/2x/demon-hound-fall-recovery/demon-hound-fall-recovery1.png","Resources","438","未被正式场景、预设、构建配置或动态加载路径引用"
"Assets/Resources/pixramen-valley-asset-pack-v2/pixramen-valley-asset-pack-v2/demon-hound/png/2x/demon-hound-fall-recovery/demon-hound-fall-recovery2.png","Resources","481","未被正式场景、预设、构建配置或动态加载路径引用"
"Assets/Resources/pixramen-valley-asset-pack-v2/pixramen-valley-asset-pack-v2/demon-hound/png/2x/demon-hound-idle/demon-hound-idle1.png","Resources","481","未被正式场景、预设、构建配置或动态加载路径引用"
"Assets/Resources/pixramen-valley-asset-pack-v2/pixramen-valley-asset-pack-v2/demon-hound/png/2x/demon-hound-idle/demon-hound-idle2.png","Resources","484","未被正式场景、预设、构建配置或动态加载路径引用"
"Assets/Resources/pixramen-valley-asset-pack-v2/pixramen-valley-asset-pack-v2/demon-hound/png/2x/demon-hound-jumping/demon-hound-jumping.png","Resources","492","未被正式场景、预设、构建配置或动态加载路径引用"
"Assets/Resources/pixramen-valley-asset-pack-v2/pixramen-valley-asset-pack-v2/demon-hound/png/2x/demon-hound-knockback/demon-hound-knockback.png","Resources","428","未被正式场景、预设、构建配置或动态加载路径引用"
"Assets/Resources/pixramen-valley-asset-pack-v2/pixramen-valley-asset-pack-v2/demon-hound/png/2x/demon-hound-prepare-jump/demon-hound-prepare-jump1.png","Resources","481","未被正式场景、预设、构建配置或动态加载路径引用"
"Assets/Resources/pixramen-valley-asset-pack-v2/pixramen-valley-asset-pack-v2/demon-hound/png/2x/demon-hound-prepare-jump/demon-hound-prepare-jump2.png","Resources","438","未被正式场景、预设、构建配置或动态加载路径引用"
"Assets/Resources/pixramen-valley-asset-pack-v2/pixramen-valley-asset-pack-v2/demon-hound/png/2x/demon-hound-run/demon-hound-run1.png","Resources","445","未被正式场景、预设、构建配置或动态加载路径引用"
"Assets/Resources/pixramen-valley-asset-pack-v2/pixramen-valley-asset-pack-v2/demon-hound/png/2x/demon-hound-run/demon-hound-run2.png","Resources","464","未被正式场景、预设、构建配置或动态加载路径引用"
"Assets/Resources/pixramen-valley-asset-pack-v2/pixramen-valley-asset-pack-v2/demon-hound/png/2x/demon-hound-run/demon-hound-run3.png","Resources","465","未被正式场景、预设、构建配置或动态加载路径引用"
"Assets/Resources/pixramen-valley-asset-pack-v2/pixramen-valley-asset-pack-v2/demon-hound/png/2x/demon-hound-run/demon-hound-run4.png","Resources","453","未被正式场景、预设、构建配置或动态加载路径引用"
"Assets/Resources/pixramen-valley-asset-pack-v2/pixramen-valley-asset-pack-v2/demon-hound/png/2x/demon-hound-run/demon-hound-run5.png","Resources","422","未被正式场景、预设、构建配置或动态加载路径引用"
"Assets/Resources/pixramen-valley-asset-pack-v2/pixramen-valley-asset-pack-v2/demon-hound/png/2x/demon-hound-run/demon-hound-run6.png","Resources","474","未被正式场景、预设、构建配置或动态加载路径引用"
"Assets/Resources/pixramen-valley-asset-pack-v2/pixramen-valley-asset-pack-v2/demon-hound/png/3x/demon-hound-bite/demon-hound-bite1.png","Resources","597","未被正式场景、预设、构建配置或动态加载路径引用"
"Assets/Resources/pixramen-valley-asset-pack-v2/pixramen-valley-asset-pack-v2/demon-hound/png/3x/demon-hound-bite/demon-hound-bite2.png","Resources","569","未被正式场景、预设、构建配置或动态加载路径引用"
"Assets/Resources/pixramen-valley-asset-pack-v2/pixramen-valley-asset-pack-v2/demon-hound/png/3x/demon-hound-bite/demon-hound-bite3.png","Resources","609","未被正式场景、预设、构建配置或动态加载路径引用"
"Assets/Resources/pixramen-valley-asset-pack-v2/pixramen-valley-asset-pack-v2/demon-hound/png/3x/demon-hound-bite/demon-hound-bite4.png","Resources","914","未被正式场景、预设、构建配置或动态加载路径引用"
"Assets/Resources/pixramen-valley-asset-pack-v2/pixramen-valley-asset-pack-v2/demon-hound/png/3x/demon-hound-bite/demon-hound-bite5.png","Resources","718","未被正式场景、预设、构建配置或动态加载路径引用"
"Assets/Resources/pixramen-valley-asset-pack-v2/pixramen-valley-asset-pack-v2/demon-hound/png/3x/demon-hound-bite/demon-hound-bite6.png","Resources","618","未被正式场景、预设、构建配置或动态加载路径引用"
"Assets/Resources/pixramen-valley-asset-pack-v2/pixramen-valley-asset-pack-v2/demon-hound/png/3x/demon-hound-bite/demon-hound-bite7.png","Resources","596","未被正式场景、预设、构建配置或动态加载路径引用"
"Assets/Resources/pixramen-valley-asset-pack-v2/pixramen-valley-asset-pack-v2/demon-hound/png/3x/demon-hound-bite/demon-hound-bite8.png","Resources","596","未被正式场景、预设、构建配置或动态加载路径引用"
"Assets/Resources/pixramen-valley-asset-pack-v2/pixramen-valley-asset-pack-v2/demon-hound/png/3x/demon-hound-bite/demon-hound-bite9.png","Resources","596","未被正式场景、预设、构建配置或动态加载路径引用"
"Assets/Resources/pixramen-valley-asset-pack-v2/pixramen-valley-asset-pack-v2/demon-hound/png/3x/demon-hound-death-falling/demon-hound-death-falling.png","Resources","603","未被正式场景、预设、构建配置或动态加载路径引用"
"Assets/Resources/pixramen-valley-asset-pack-v2/pixramen-valley-asset-pack-v2/demon-hound/png/3x/demon-hound-death-landed/demon-hound-death-landed1.png","Resources","517","未被正式场景、预设、构建配置或动态加载路径引用"
"Assets/Resources/pixramen-valley-asset-pack-v2/pixramen-valley-asset-pack-v2/demon-hound/png/3x/demon-hound-death-landed/demon-hound-death-landed2.png","Resources","419","未被正式场景、预设、构建配置或动态加载路径引用"
"Assets/Resources/pixramen-valley-asset-pack-v2/pixramen-valley-asset-pack-v2/demon-hound/png/3x/demon-hound-death-landed/demon-hound-death-landed3.png","Resources","426","未被正式场景、预设、构建配置或动态加载路径引用"
"Assets/Resources/pixramen-valley-asset-pack-v2/pixramen-valley-asset-pack-v2/demon-hound/png/3x/demon-hound-death-landed/demon-hound-death-landed4.png","Resources","428","未被正式场景、预设、构建配置或动态加载路径引用"
"Assets/Resources/pixramen-valley-asset-pack-v2/pixramen-valley-asset-pack-v2/demon-hound/png/3x/demon-hound-death-landed/demon-hound-death-landed5.png","Resources","418","未被正式场景、预设、构建配置或动态加载路径引用"
"Assets/Resources/pixramen-valley-asset-pack-v2/pixramen-valley-asset-pack-v2/demon-hound/png/3x/demon-hound-falling/demon-hound-falling.png","Resources","611","未被正式场景、预设、构建配置或动态加载路径引用"
"Assets/Resources/pixramen-valley-asset-pack-v2/pixramen-valley-asset-pack-v2/demon-hound/png/3x/demon-hound-fall-recovery/demon-hound-fall-recovery1.png","Resources","547","未被正式场景、预设、构建配置或动态加载路径引用"
"Assets/Resources/pixramen-valley-asset-pack-v2/pixramen-valley-asset-pack-v2/demon-hound/png/3x/demon-hound-fall-recovery/demon-hound-fall-recovery2.png","Resources","594","未被正式场景、预设、构建配置或动态加载路径引用"
"Assets/Resources/pixramen-valley-asset-pack-v2/pixramen-valley-asset-pack-v2/demon-hound/png/3x/demon-hound-idle/demon-hound-idle1.png","Resources","594","未被正式场景、预设、构建配置或动态加载路径引用"
"Assets/Resources/pixramen-valley-asset-pack-v2/pixramen-valley-asset-pack-v2/demon-hound/png/3x/demon-hound-idle/demon-hound-idle2.png","Resources","611","未被正式场景、预设、构建配置或动态加载路径引用"
"Assets/Resources/pixramen-valley-asset-pack-v2/pixramen-valley-asset-pack-v2/demon-hound/png/3x/demon-hound-jumping/demon-hound-jumping.png","Resources","606","未被正式场景、预设、构建配置或动态加载路径引用"
"Assets/Resources/pixramen-valley-asset-pack-v2/pixramen-valley-asset-pack-v2/demon-hound/png/3x/demon-hound-knockback/demon-hound-knockback.png","Resources","546","未被正式场景、预设、构建配置或动态加载路径引用"
"Assets/Resources/pixramen-valley-asset-pack-v2/pixramen-valley-asset-pack-v2/demon-hound/png/3x/demon-hound-prepare-jump/demon-hound-prepare-jump1.png","Resources","594","未被正式场景、预设、构建配置或动态加载路径引用"
"Assets/Resources/pixramen-valley-asset-pack-v2/pixramen-valley-asset-pack-v2/demon-hound/png/3x/demon-hound-prepare-jump/demon-hound-prepare-jump2.png","Resources","547","未被正式场景、预设、构建配置或动态加载路径引用"
"Assets/Resources/pixramen-valley-asset-pack-v2/pixramen-valley-asset-pack-v2/demon-hound/png/3x/demon-hound-run/demon-hound-run1.png","Resources","568","未被正式场景、预设、构建配置或动态加载路径引用"
"Assets/Resources/pixramen-valley-asset-pack-v2/pixramen-valley-asset-pack-v2/demon-hound/png/3x/demon-hound-run/demon-hound-run2.png","Resources","596","未被正式场景、预设、构建配置或动态加载路径引用"
"Assets/Resources/pixramen-valley-asset-pack-v2/pixramen-valley-asset-pack-v2/demon-hound/png/3x/demon-hound-run/demon-hound-run3.png","Resources","596","未被正式场景、预设、构建配置或动态加载路径引用"
"Assets/Resources/pixramen-valley-asset-pack-v2/pixramen-valley-asset-pack-v2/demon-hound/png/3x/demon-hound-run/demon-hound-run4.png","Resources","574","未被正式场景、预设、构建配置或动态加载路径引用"
"Assets/Resources/pixramen-valley-asset-pack-v2/pixramen-valley-asset-pack-v2/demon-hound/png/3x/demon-hound-run/demon-hound-run5.png","Resources","538","未被正式场景、预设、构建配置或动态加载路径引用"
"Assets/Resources/pixramen-valley-asset-pack-v2/pixramen-valley-asset-pack-v2/demon-hound/png/3x/demon-hound-run/demon-hound-run6.png","Resources","595","未被正式场景、预设、构建配置或动态加载路径引用"
"Assets/Resources/pixramen-valley-asset-pack-v2/pixramen-valley-asset-pack-v2/demon-hound/png/4x/demon-hound-bite/demon-hound-bite1.png","Resources","755","未被正式场景、预设、构建配置或动态加载路径引用"
"Assets/Resources/pixramen-valley-asset-pack-v2/pixramen-valley-asset-pack-v2/demon-hound/png/4x/demon-hound-bite/demon-hound-bite2.png","Resources","725","未被正式场景、预设、构建配置或动态加载路径引用"
"Assets/Resources/pixramen-valley-asset-pack-v2/pixramen-valley-asset-pack-v2/demon-hound/png/4x/demon-hound-bite/demon-hound-bite3.png","Resources","769","未被正式场景、预设、构建配置或动态加载路径引用"
"Assets/Resources/pixramen-valley-asset-pack-v2/pixramen-valley-asset-pack-v2/demon-hound/png/4x/demon-hound-bite/demon-hound-bite4.png","Resources","1106","未被正式场景、预设、构建配置或动态加载路径引用"
"Assets/Resources/pixramen-valley-asset-pack-v2/pixramen-valley-asset-pack-v2/demon-hound/png/4x/demon-hound-bite/demon-hound-bite5.png","Resources","891","未被正式场景、预设、构建配置或动态加载路径引用"
"Assets/Resources/pixramen-valley-asset-pack-v2/pixramen-valley-asset-pack-v2/demon-hound/png/4x/demon-hound-bite/demon-hound-bite6.png","Resources","772","未被正式场景、预设、构建配置或动态加载路径引用"
"Assets/Resources/pixramen-valley-asset-pack-v2/pixramen-valley-asset-pack-v2/demon-hound/png/4x/demon-hound-bite/demon-hound-bite7.png","Resources","749","未被正式场景、预设、构建配置或动态加载路径引用"
"Assets/Resources/pixramen-valley-asset-pack-v2/pixramen-valley-asset-pack-v2/demon-hound/png/4x/demon-hound-bite/demon-hound-bite8.png","Resources","749","未被正式场景、预设、构建配置或动态加载路径引用"
"Assets/Resources/pixramen-valley-asset-pack-v2/pixramen-valley-asset-pack-v2/demon-hound/png/4x/demon-hound-bite/demon-hound-bite9.png","Resources","749","未被正式场景、预设、构建配置或动态加载路径引用"
"Assets/Resources/pixramen-valley-asset-pack-v2/pixramen-valley-asset-pack-v2/demon-hound/png/4x/demon-hound-death-falling/demon-hound-death-falling.png","Resources","773","未被正式场景、预设、构建配置或动态加载路径引用"
"Assets/Resources/pixramen-valley-asset-pack-v2/pixramen-valley-asset-pack-v2/demon-hound/png/4x/demon-hound-death-landed/demon-hound-death-landed1.png","Resources","664","未被正式场景、预设、构建配置或动态加载路径引用"
"Assets/Resources/pixramen-valley-asset-pack-v2/pixramen-valley-asset-pack-v2/demon-hound/png/4x/demon-hound-death-landed/demon-hound-death-landed2.png","Resources","561","未被正式场景、预设、构建配置或动态加载路径引用"
"Assets/Resources/pixramen-valley-asset-pack-v2/pixramen-valley-asset-pack-v2/demon-hound/png/4x/demon-hound-death-landed/demon-hound-death-landed3.png","Resources","565","未被正式场景、预设、构建配置或动态加载路径引用"
"Assets/Resources/pixramen-valley-asset-pack-v2/pixramen-valley-asset-pack-v2/demon-hound/png/4x/demon-hound-death-landed/demon-hound-death-landed4.png","Resources","567","未被正式场景、预设、构建配置或动态加载路径引用"
"Assets/Resources/pixramen-valley-asset-pack-v2/pixramen-valley-asset-pack-v2/demon-hound/png/4x/demon-hound-death-landed/demon-hound-death-landed5.png","Resources","559","未被正式场景、预设、构建配置或动态加载路径引用"
"Assets/Resources/pixramen-valley-asset-pack-v2/pixramen-valley-asset-pack-v2/demon-hound/png/4x/demon-hound-falling/demon-hound-falling.png","Resources","795","未被正式场景、预设、构建配置或动态加载路径引用"
"Assets/Resources/pixramen-valley-asset-pack-v2/pixramen-valley-asset-pack-v2/demon-hound/png/4x/demon-hound-fall-recovery/demon-hound-fall-recovery1.png","Resources","699","未被正式场景、预设、构建配置或动态加载路径引用"
"Assets/Resources/pixramen-valley-asset-pack-v2/pixramen-valley-asset-pack-v2/demon-hound/png/4x/demon-hound-fall-recovery/demon-hound-fall-recovery2.png","Resources","751","未被正式场景、预设、构建配置或动态加载路径引用"
"Assets/Resources/pixramen-valley-asset-pack-v2/pixramen-valley-asset-pack-v2/demon-hound/png/4x/demon-hound-idle/demon-hound-idle1.png","Resources","751","未被正式场景、预设、构建配置或动态加载路径引用"
"Assets/Resources/pixramen-valley-asset-pack-v2/pixramen-valley-asset-pack-v2/demon-hound/png/4x/demon-hound-idle/demon-hound-idle2.png","Resources","773","未被正式场景、预设、构建配置或动态加载路径引用"
"Assets/Resources/pixramen-valley-asset-pack-v2/pixramen-valley-asset-pack-v2/demon-hound/png/4x/demon-hound-jumping/demon-hound-jumping.png","Resources","789","未被正式场景、预设、构建配置或动态加载路径引用"
"Assets/Resources/pixramen-valley-asset-pack-v2/pixramen-valley-asset-pack-v2/demon-hound/png/4x/demon-hound-knockback/demon-hound-knockback.png","Resources","697","未被正式场景、预设、构建配置或动态加载路径引用"
"Assets/Resources/pixramen-valley-asset-pack-v2/pixramen-valley-asset-pack-v2/demon-hound/png/4x/demon-hound-prepare-jump/demon-hound-prepare-jump1.png","Resources","751","未被正式场景、预设、构建配置或动态加载路径引用"
"Assets/Resources/pixramen-valley-asset-pack-v2/pixramen-valley-asset-pack-v2/demon-hound/png/4x/demon-hound-prepare-jump/demon-hound-prepare-jump2.png","Resources","699","未被正式场景、预设、构建配置或动态加载路径引用"
"Assets/Resources/pixramen-valley-asset-pack-v2/pixramen-valley-asset-pack-v2/demon-hound/png/4x/demon-hound-run/demon-hound-run1.png","Resources","718","未被正式场景、预设、构建配置或动态加载路径引用"
"Assets/Resources/pixramen-valley-asset-pack-v2/pixramen-valley-asset-pack-v2/demon-hound/png/4x/demon-hound-run/demon-hound-run2.png","Resources","756","未被正式场景、预设、构建配置或动态加载路径引用"
"Assets/Resources/pixramen-valley-asset-pack-v2/pixramen-valley-asset-pack-v2/demon-hound/png/4x/demon-hound-run/demon-hound-run3.png","Resources","757","未被正式场景、预设、构建配置或动态加载路径引用"
"Assets/Resources/pixramen-valley-asset-pack-v2/pixramen-valley-asset-pack-v2/demon-hound/png/4x/demon-hound-run/demon-hound-run4.png","Resources","729","未被正式场景、预设、构建配置或动态加载路径引用"
"Assets/Resources/pixramen-valley-asset-pack-v2/pixramen-valley-asset-pack-v2/demon-hound/png/4x/demon-hound-run/demon-hound-run5.png","Resources","692","未被正式场景、预设、构建配置或动态加载路径引用"
"Assets/Resources/pixramen-valley-asset-pack-v2/pixramen-valley-asset-pack-v2/demon-hound/png/4x/demon-hound-run/demon-hound-run6.png","Resources","756","未被正式场景、预设、构建配置或动态加载路径引用"
"Assets/Resources/pixramen-valley-asset-pack-v2/pixramen-valley-asset-pack-v2/demon-hound/png/5x/demon-hound-bite/demon-hound-bite1.png","Resources","934","未被正式场景、预设、构建配置或动态加载路径引用"
"Assets/Resources/pixramen-valley-asset-pack-v2/pixramen-valley-asset-pack-v2/demon-hound/png/5x/demon-hound-bite/demon-hound-bite2.png","Resources","899","未被正式场景、预设、构建配置或动态加载路径引用"
"Assets/Resources/pixramen-valley-asset-pack-v2/pixramen-valley-asset-pack-v2/demon-hound/png/5x/demon-hound-bite/demon-hound-bite3.png","Resources","941","未被正式场景、预设、构建配置或动态加载路径引用"
"Assets/Resources/pixramen-valley-asset-pack-v2/pixramen-valley-asset-pack-v2/demon-hound/png/5x/demon-hound-bite/demon-hound-bite4.png","Resources","1327","未被正式场景、预设、构建配置或动态加载路径引用"
"Assets/Resources/pixramen-valley-asset-pack-v2/pixramen-valley-asset-pack-v2/demon-hound/png/5x/demon-hound-bite/demon-hound-bite5.png","Resources","1080","未被正式场景、预设、构建配置或动态加载路径引用"
"Assets/Resources/pixramen-valley-asset-pack-v2/pixramen-valley-asset-pack-v2/demon-hound/png/5x/demon-hound-bite/demon-hound-bite6.png","Resources","940","未被正式场景、预设、构建配置或动态加载路径引用"
"Assets/Resources/pixramen-valley-asset-pack-v2/pixramen-valley-asset-pack-v2/demon-hound/png/5x/demon-hound-bite/demon-hound-bite7.png","Resources","937","未被正式场景、预设、构建配置或动态加载路径引用"
"Assets/Resources/pixramen-valley-asset-pack-v2/pixramen-valley-asset-pack-v2/demon-hound/png/5x/demon-hound-bite/demon-hound-bite8.png","Resources","937","未被正式场景、预设、构建配置或动态加载路径引用"
"Assets/Resources/pixramen-valley-asset-pack-v2/pixramen-valley-asset-pack-v2/demon-hound/png/5x/demon-hound-bite/demon-hound-bite9.png","Resources","937","未被正式场景、预设、构建配置或动态加载路径引用"
"Assets/Resources/pixramen-valley-asset-pack-v2/pixramen-valley-asset-pack-v2/demon-hound/png/5x/demon-hound-death-falling/demon-hound-death-falling.png","Resources","967","未被正式场景、预设、构建配置或动态加载路径引用"
"Assets/Resources/pixramen-valley-asset-pack-v2/pixramen-valley-asset-pack-v2/demon-hound/png/5x/demon-hound-death-landed/demon-hound-death-landed1.png","Resources","844","未被正式场景、预设、构建配置或动态加载路径引用"
"Assets/Resources/pixramen-valley-asset-pack-v2/pixramen-valley-asset-pack-v2/demon-hound/png/5x/demon-hound-death-landed/demon-hound-death-landed2.png","Resources","720","未被正式场景、预设、构建配置或动态加载路径引用"
"Assets/Resources/pixramen-valley-asset-pack-v2/pixramen-valley-asset-pack-v2/demon-hound/png/5x/demon-hound-death-landed/demon-hound-death-landed3.png","Resources","726","未被正式场景、预设、构建配置或动态加载路径引用"
"Assets/Resources/pixramen-valley-asset-pack-v2/pixramen-valley-asset-pack-v2/demon-hound/png/5x/demon-hound-death-landed/demon-hound-death-landed4.png","Resources","728","未被正式场景、预设、构建配置或动态加载路径引用"
"Assets/Resources/pixramen-valley-asset-pack-v2/pixramen-valley-asset-pack-v2/demon-hound/png/5x/demon-hound-death-landed/demon-hound-death-landed5.png","Resources","718","未被正式场景、预设、构建配置或动态加载路径引用"
"Assets/Resources/pixramen-valley-asset-pack-v2/pixramen-valley-asset-pack-v2/demon-hound/png/5x/demon-hound-falling/demon-hound-falling.png","Resources","977","未被正式场景、预设、构建配置或动态加载路径引用"
"Assets/Resources/pixramen-valley-asset-pack-v2/pixramen-valley-asset-pack-v2/demon-hound/png/5x/demon-hound-fall-recovery/demon-hound-fall-recovery1.png","Resources","876","未被正式场景、预设、构建配置或动态加载路径引用"
"Assets/Resources/pixramen-valley-asset-pack-v2/pixramen-valley-asset-pack-v2/demon-hound/png/5x/demon-hound-fall-recovery/demon-hound-fall-recovery2.png","Resources","931","未被正式场景、预设、构建配置或动态加载路径引用"
"Assets/Resources/pixramen-valley-asset-pack-v2/pixramen-valley-asset-pack-v2/demon-hound/png/5x/demon-hound-idle/demon-hound-idle1.png","Resources","931","未被正式场景、预设、构建配置或动态加载路径引用"
"Assets/Resources/pixramen-valley-asset-pack-v2/pixramen-valley-asset-pack-v2/demon-hound/png/5x/demon-hound-idle/demon-hound-idle2.png","Resources","953","未被正式场景、预设、构建配置或动态加载路径引用"
"Assets/Resources/pixramen-valley-asset-pack-v2/pixramen-valley-asset-pack-v2/demon-hound/png/5x/demon-hound-jumping/demon-hound-jumping.png","Resources","978","未被正式场景、预设、构建配置或动态加载路径引用"
"Assets/Resources/pixramen-valley-asset-pack-v2/pixramen-valley-asset-pack-v2/demon-hound/png/5x/demon-hound-knockback/demon-hound-knockback.png","Resources","869","未被正式场景、预设、构建配置或动态加载路径引用"
"Assets/Resources/pixramen-valley-asset-pack-v2/pixramen-valley-asset-pack-v2/demon-hound/png/5x/demon-hound-prepare-jump/demon-hound-prepare-jump1.png","Resources","931","未被正式场景、预设、构建配置或动态加载路径引用"
"Assets/Resources/pixramen-valley-asset-pack-v2/pixramen-valley-asset-pack-v2/demon-hound/png/5x/demon-hound-prepare-jump/demon-hound-prepare-jump2.png","Resources","876","未被正式场景、预设、构建配置或动态加载路径引用"
"Assets/Resources/pixramen-valley-asset-pack-v2/pixramen-valley-asset-pack-v2/demon-hound/png/5x/demon-hound-run/demon-hound-run1.png","Resources","892","未被正式场景、预设、构建配置或动态加载路径引用"
"Assets/Resources/pixramen-valley-asset-pack-v2/pixramen-valley-asset-pack-v2/demon-hound/png/5x/demon-hound-run/demon-hound-run2.png","Resources","935","未被正式场景、预设、构建配置或动态加载路径引用"
"Assets/Resources/pixramen-valley-asset-pack-v2/pixramen-valley-asset-pack-v2/demon-hound/png/5x/demon-hound-run/demon-hound-run3.png","Resources","939","未被正式场景、预设、构建配置或动态加载路径引用"
"Assets/Resources/pixramen-valley-asset-pack-v2/pixramen-valley-asset-pack-v2/demon-hound/png/5x/demon-hound-run/demon-hound-run4.png","Resources","908","未被正式场景、预设、构建配置或动态加载路径引用"
"Assets/Resources/pixramen-valley-asset-pack-v2/pixramen-valley-asset-pack-v2/demon-hound/png/5x/demon-hound-run/demon-hound-run5.png","Resources","867","未被正式场景、预设、构建配置或动态加载路径引用"
"Assets/Resources/pixramen-valley-asset-pack-v2/pixramen-valley-asset-pack-v2/demon-hound/png/5x/demon-hound-run/demon-hound-run6.png","Resources","936","未被正式场景、预设、构建配置或动态加载路径引用"
"Assets/Resources/pixramen-valley-asset-pack-v2/pixramen-valley-asset-pack-v2/demon-hound/preview_gif/preview-demon-hound.gif","Resources","5437","未被正式场景、预设、构建配置或动态加载路径引用"
"Assets/Resources/pixramen-valley-asset-pack-v2/pixramen-valley-asset-pack-v2/demon-hound/preview_gif/preview-demon-hound-dead.gif","Resources","7788","未被正式场景、预设、构建配置或动态加载路径引用"
"Assets/Resources/pixramen-valley-asset-pack-v2/pixramen-valley-asset-pack-v2/demon-hound/preview_gif/preview-demon-hound-idle.gif","Resources","1075","未被正式场景、预设、构建配置或动态加载路径引用"
"Assets/Resources/pixramen-valley-asset-pack-v2/pixramen-valley-asset-pack-v2/demon-hound/preview_gif/preview-demon-hound-jump.gif","Resources","6614","未被正式场景、预设、构建配置或动态加载路径引用"
"Assets/Resources/pixramen-valley-asset-pack-v2/pixramen-valley-asset-pack-v2/demon-hound/preview_gif/preview-demon-hound-knockback.gif","Resources","1037","未被正式场景、预设、构建配置或动态加载路径引用"
"Assets/Resources/pixramen-valley-asset-pack-v2/pixramen-valley-asset-pack-v2/demon-hound/preview_gif/preview-demon-hound-run.gif","Resources","3002","未被正式场景、预设、构建配置或动态加载路径引用"
"Assets/Resources/pixramen-valley-asset-pack-v2/pixramen-valley-asset-pack-v2/demon-hound/spritesheets/1x/demon-hound-bite.png","Resources","1730","未被正式场景、预设、构建配置或动态加载路径引用"
"Assets/Resources/pixramen-valley-asset-pack-v2/pixramen-valley-asset-pack-v2/demon-hound/spritesheets/1x/demon-hound-death-falling.png","Resources","335","未被正式场景、预设、构建配置或动态加载路径引用"
"Assets/Resources/pixramen-valley-asset-pack-v2/pixramen-valley-asset-pack-v2/demon-hound/spritesheets/1x/demon-hound-death-landed.png","Resources","508","未被正式场景、预设、构建配置或动态加载路径引用"
"Assets/Resources/pixramen-valley-asset-pack-v2/pixramen-valley-asset-pack-v2/demon-hound/spritesheets/1x/demon-hound-falling.png","Resources","343","未被正式场景、预设、构建配置或动态加载路径引用"
"Assets/Resources/pixramen-valley-asset-pack-v2/pixramen-valley-asset-pack-v2/demon-hound/spritesheets/1x/demon-hound-fall-recovery.png","Resources","463","未被正式场景、预设、构建配置或动态加载路径引用"
"Assets/Resources/pixramen-valley-asset-pack-v2/pixramen-valley-asset-pack-v2/demon-hound/spritesheets/1x/demon-hound-idle.png","Resources","491","未被正式场景、预设、构建配置或动态加载路径引用"
"Assets/Resources/pixramen-valley-asset-pack-v2/pixramen-valley-asset-pack-v2/demon-hound/spritesheets/1x/demon-hound-jumping.png","Resources","337","未被正式场景、预设、构建配置或动态加载路径引用"
"Assets/Resources/pixramen-valley-asset-pack-v2/pixramen-valley-asset-pack-v2/demon-hound/spritesheets/1x/demon-hound-knockback.png","Resources","308","未被正式场景、预设、构建配置或动态加载路径引用"
"Assets/Resources/pixramen-valley-asset-pack-v2/pixramen-valley-asset-pack-v2/demon-hound/spritesheets/1x/demon-hound-prepare-jump.png","Resources","442","未被正式场景、预设、构建配置或动态加载路径引用"
"Assets/Resources/pixramen-valley-asset-pack-v2/pixramen-valley-asset-pack-v2/demon-hound/spritesheets/1x/demon-hound-run.png","Resources","919","未被正式场景、预设、构建配置或动态加载路径引用"
"Assets/Resources/pixramen-valley-asset-pack-v2/pixramen-valley-asset-pack-v2/demon-hound/spritesheets/2x/demon-hound-bite.png","Resources","2381","未被正式场景、预设、构建配置或动态加载路径引用"
"Assets/Resources/pixramen-valley-asset-pack-v2/pixramen-valley-asset-pack-v2/demon-hound/spritesheets/2x/demon-hound-death-falling.png","Resources","471","未被正式场景、预设、构建配置或动态加载路径引用"
"Assets/Resources/pixramen-valley-asset-pack-v2/pixramen-valley-asset-pack-v2/demon-hound/spritesheets/2x/demon-hound-death-landed.png","Resources","854","未被正式场景、预设、构建配置或动态加载路径引用"
"Assets/Resources/pixramen-valley-asset-pack-v2/pixramen-valley-asset-pack-v2/demon-hound/spritesheets/2x/demon-hound-falling.png","Resources","481","未被正式场景、预设、构建配置或动态加载路径引用"
"Assets/Resources/pixramen-valley-asset-pack-v2/pixramen-valley-asset-pack-v2/demon-hound/spritesheets/2x/demon-hound-fall-recovery.png","Resources","622","未被正式场景、预设、构建配置或动态加载路径引用"
"Assets/Resources/pixramen-valley-asset-pack-v2/pixramen-valley-asset-pack-v2/demon-hound/spritesheets/2x/demon-hound-idle.png","Resources","659","未被正式场景、预设、构建配置或动态加载路径引用"
"Assets/Resources/pixramen-valley-asset-pack-v2/pixramen-valley-asset-pack-v2/demon-hound/spritesheets/2x/demon-hound-jumping.png","Resources","492","未被正式场景、预设、构建配置或动态加载路径引用"
"Assets/Resources/pixramen-valley-asset-pack-v2/pixramen-valley-asset-pack-v2/demon-hound/spritesheets/2x/demon-hound-knockback.png","Resources","428","未被正式场景、预设、构建配置或动态加载路径引用"
"Assets/Resources/pixramen-valley-asset-pack-v2/pixramen-valley-asset-pack-v2/demon-hound/spritesheets/2x/demon-hound-prepare-jump.png","Resources","621","未被正式场景、预设、构建配置或动态加载路径引用"
"Assets/Resources/pixramen-valley-asset-pack-v2/pixramen-valley-asset-pack-v2/demon-hound/spritesheets/2x/demon-hound-run.png","Resources","1334","未被正式场景、预设、构建配置或动态加载路径引用"
"Assets/Resources/pixramen-valley-asset-pack-v2/pixramen-valley-asset-pack-v2/demon-hound/spritesheets/3x/demon-hound-bite.png","Resources","3312","未被正式场景、预设、构建配置或动态加载路径引用"
"Assets/Resources/pixramen-valley-asset-pack-v2/pixramen-valley-asset-pack-v2/demon-hound/spritesheets/3x/demon-hound-death-falling.png","Resources","603","未被正式场景、预设、构建配置或动态加载路径引用"
"Assets/Resources/pixramen-valley-asset-pack-v2/pixramen-valley-asset-pack-v2/demon-hound/spritesheets/3x/demon-hound-death-landed.png","Resources","1310","未被正式场景、预设、构建配置或动态加载路径引用"
"Assets/Resources/pixramen-valley-asset-pack-v2/pixramen-valley-asset-pack-v2/demon-hound/spritesheets/3x/demon-hound-falling.png","Resources","611","未被正式场景、预设、构建配置或动态加载路径引用"
"Assets/Resources/pixramen-valley-asset-pack-v2/pixramen-valley-asset-pack-v2/demon-hound/spritesheets/3x/demon-hound-fall-recovery.png","Resources","817","未被正式场景、预设、构建配置或动态加载路径引用"
"Assets/Resources/pixramen-valley-asset-pack-v2/pixramen-valley-asset-pack-v2/demon-hound/spritesheets/3x/demon-hound-idle.png","Resources","858","未被正式场景、预设、构建配置或动态加载路径引用"
"Assets/Resources/pixramen-valley-asset-pack-v2/pixramen-valley-asset-pack-v2/demon-hound/spritesheets/3x/demon-hound-jumping.png","Resources","606","未被正式场景、预设、构建配置或动态加载路径引用"
"Assets/Resources/pixramen-valley-asset-pack-v2/pixramen-valley-asset-pack-v2/demon-hound/spritesheets/3x/demon-hound-knockback.png","Resources","546","未被正式场景、预设、构建配置或动态加载路径引用"
"Assets/Resources/pixramen-valley-asset-pack-v2/pixramen-valley-asset-pack-v2/demon-hound/spritesheets/3x/demon-hound-prepare-jump.png","Resources","821","未被正式场景、预设、构建配置或动态加载路径引用"
"Assets/Resources/pixramen-valley-asset-pack-v2/pixramen-valley-asset-pack-v2/demon-hound/spritesheets/3x/demon-hound-run.png","Resources","1931","未被正式场景、预设、构建配置或动态加载路径引用"
"Assets/Resources/pixramen-valley-asset-pack-v2/pixramen-valley-asset-pack-v2/demon-hound/spritesheets/4x/demon-hound-bite.png","Resources","4721","未被正式场景、预设、构建配置或动态加载路径引用"
"Assets/Resources/pixramen-valley-asset-pack-v2/pixramen-valley-asset-pack-v2/demon-hound/spritesheets/4x/demon-hound-death-falling.png","Resources","773","未被正式场景、预设、构建配置或动态加载路径引用"
"Assets/Resources/pixramen-valley-asset-pack-v2/pixramen-valley-asset-pack-v2/demon-hound/spritesheets/4x/demon-hound-death-landed.png","Resources","1944","未被正式场景、预设、构建配置或动态加载路径引用"
"Assets/Resources/pixramen-valley-asset-pack-v2/pixramen-valley-asset-pack-v2/demon-hound/spritesheets/4x/demon-hound-falling.png","Resources","795","未被正式场景、预设、构建配置或动态加载路径引用"
"Assets/Resources/pixramen-valley-asset-pack-v2/pixramen-valley-asset-pack-v2/demon-hound/spritesheets/4x/demon-hound-fall-recovery.png","Resources","1095","未被正式场景、预设、构建配置或动态加载路径引用"
"Assets/Resources/pixramen-valley-asset-pack-v2/pixramen-valley-asset-pack-v2/demon-hound/spritesheets/4x/demon-hound-idle.png","Resources","1153","未被正式场景、预设、构建配置或动态加载路径引用"
"Assets/Resources/pixramen-valley-asset-pack-v2/pixramen-valley-asset-pack-v2/demon-hound/spritesheets/4x/demon-hound-jumping.png","Resources","789","未被正式场景、预设、构建配置或动态加载路径引用"
"Assets/Resources/pixramen-valley-asset-pack-v2/pixramen-valley-asset-pack-v2/demon-hound/spritesheets/4x/demon-hound-knockback.png","Resources","697","未被正式场景、预设、构建配置或动态加载路径引用"
"Assets/Resources/pixramen-valley-asset-pack-v2/pixramen-valley-asset-pack-v2/demon-hound/spritesheets/4x/demon-hound-prepare-jump.png","Resources","1092","未被正式场景、预设、构建配置或动态加载路径引用"
"Assets/Resources/pixramen-valley-asset-pack-v2/pixramen-valley-asset-pack-v2/demon-hound/spritesheets/4x/demon-hound-run.png","Resources","2863","未被正式场景、预设、构建配置或动态加载路径引用"
"Assets/Resources/pixramen-valley-asset-pack-v2/pixramen-valley-asset-pack-v2/demon-hound/spritesheets/5x/demon-hound-bite.png","Resources","6277","未被正式场景、预设、构建配置或动态加载路径引用"
"Assets/Resources/pixramen-valley-asset-pack-v2/pixramen-valley-asset-pack-v2/demon-hound/spritesheets/5x/demon-hound-death-falling.png","Resources","967","未被正式场景、预设、构建配置或动态加载路径引用"
"Assets/Resources/pixramen-valley-asset-pack-v2/pixramen-valley-asset-pack-v2/demon-hound/spritesheets/5x/demon-hound-death-landed.png","Resources","2721","未被正式场景、预设、构建配置或动态加载路径引用"
"Assets/Resources/pixramen-valley-asset-pack-v2/pixramen-valley-asset-pack-v2/demon-hound/spritesheets/5x/demon-hound-falling.png","Resources","977","未被正式场景、预设、构建配置或动态加载路径引用"
"Assets/Resources/pixramen-valley-asset-pack-v2/pixramen-valley-asset-pack-v2/demon-hound/spritesheets/5x/demon-hound-fall-recovery.png","Resources","1426","未被正式场景、预设、构建配置或动态加载路径引用"
"Assets/Resources/pixramen-valley-asset-pack-v2/pixramen-valley-asset-pack-v2/demon-hound/spritesheets/5x/demon-hound-idle.png","Resources","1500","未被正式场景、预设、构建配置或动态加载路径引用"
"Assets/Resources/pixramen-valley-asset-pack-v2/pixramen-valley-asset-pack-v2/demon-hound/spritesheets/5x/demon-hound-jumping.png","Resources","978","未被正式场景、预设、构建配置或动态加载路径引用"
"Assets/Resources/pixramen-valley-asset-pack-v2/pixramen-valley-asset-pack-v2/demon-hound/spritesheets/5x/demon-hound-knockback.png","Resources","869","未被正式场景、预设、构建配置或动态加载路径引用"
"Assets/Resources/pixramen-valley-asset-pack-v2/pixramen-valley-asset-pack-v2/demon-hound/spritesheets/5x/demon-hound-prepare-jump.png","Resources","1433","未被正式场景、预设、构建配置或动态加载路径引用"
"Assets/Resources/pixramen-valley-asset-pack-v2/pixramen-valley-asset-pack-v2/demon-hound/spritesheets/5x/demon-hound-run.png","Resources","4097","未被正式场景、预设、构建配置或动态加载路径引用"
"Assets/Resources/pixramen-valley-asset-pack-v2/pixramen-valley-asset-pack-v2/demon-swordsman/aseprite_files/demon-swordsman-attack-landed.aseprite","Resources","2871","未被正式场景、预设、构建配置或动态加载路径引用"
"Assets/Resources/pixramen-valley-asset-pack-v2/pixramen-valley-asset-pack-v2/demon-swordsman/aseprite_files/demon-swordsman-attack-leap.aseprite","Resources","1260","未被正式场景、预设、构建配置或动态加载路径引用"
"Assets/Resources/pixramen-valley-asset-pack-v2/pixramen-valley-asset-pack-v2/demon-swordsman/aseprite_files/demon-swordsman-attack-leap-effect.aseprite","Resources","642","未被正式场景、预设、构建配置或动态加载路径引用"
"Assets/Resources/pixramen-valley-asset-pack-v2/pixramen-valley-asset-pack-v2/demon-swordsman/aseprite_files/demon-swordsman-attack-prepare-leap.aseprite","Resources","1471","未被正式场景、预设、构建配置或动态加载路径引用"
"Assets/Resources/pixramen-valley-asset-pack-v2/pixramen-valley-asset-pack-v2/demon-swordsman/aseprite_files/demon-swordsman-charge-stab.aseprite","Resources","4612","未被正式场景、预设、构建配置或动态加载路径引用"
"Assets/Resources/pixramen-valley-asset-pack-v2/pixramen-valley-asset-pack-v2/demon-swordsman/aseprite_files/demon-swordsman-dead-falling.aseprite","Resources","849","未被正式场景、预设、构建配置或动态加载路径引用"
"Assets/Resources/pixramen-valley-asset-pack-v2/pixramen-valley-asset-pack-v2/demon-swordsman/aseprite_files/demon-swordsman-dead-grounded.aseprite","Resources","1833","未被正式场景、预设、构建配置或动态加载路径引用"
"Assets/Resources/pixramen-valley-asset-pack-v2/pixramen-valley-asset-pack-v2/demon-swordsman/aseprite_files/demon-swordsman-falling.aseprite","Resources","906","未被正式场景、预设、构建配置或动态加载路径引用"
"Assets/Resources/pixramen-valley-asset-pack-v2/pixramen-valley-asset-pack-v2/demon-swordsman/aseprite_files/demon-swordsman-fall-recovery.aseprite","Resources","1199","未被正式场景、预设、构建配置或动态加载路径引用"
"Assets/Resources/pixramen-valley-asset-pack-v2/pixramen-valley-asset-pack-v2/demon-swordsman/aseprite_files/demon-swordsman-idle.aseprite","Resources","1138","未被正式场景、预设、构建配置或动态加载路径引用"
"Assets/Resources/pixramen-valley-asset-pack-v2/pixramen-valley-asset-pack-v2/demon-swordsman/aseprite_files/demon-swordsman-jumping.aseprite","Resources","944","未被正式场景、预设、构建配置或动态加载路径引用"
"Assets/Resources/pixramen-valley-asset-pack-v2/pixramen-valley-asset-pack-v2/demon-swordsman/aseprite_files/demon-swordsman-knockback.aseprite","Resources","935","未被正式场景、预设、构建配置或动态加载路径引用"
"Assets/Resources/pixramen-valley-asset-pack-v2/pixramen-valley-asset-pack-v2/demon-swordsman/aseprite_files/demon-swordsman-moving.aseprite","Resources","2867","未被正式场景、预设、构建配置或动态加载路径引用"
"Assets/Resources/pixramen-valley-asset-pack-v2/pixramen-valley-asset-pack-v2/demon-swordsman/aseprite_files/demon-swordsman-prepare-jump.aseprite","Resources","1479","未被正式场景、预设、构建配置或动态加载路径引用"
"Assets/Resources/pixramen-valley-asset-pack-v2/pixramen-valley-asset-pack-v2/demon-swordsman/aseprite_files/preview/preview-demon-swordsman-charge-stab.aseprite","Resources","5612","未被正式场景、预设、构建配置或动态加载路径引用"
"Assets/Resources/pixramen-valley-asset-pack-v2/pixramen-valley-asset-pack-v2/demon-swordsman/aseprite_files/preview/preview-demon-swordsman-death.aseprite","Resources","5089","未被正式场景、预设、构建配置或动态加载路径引用"
"Assets/Resources/pixramen-valley-asset-pack-v2/pixramen-valley-asset-pack-v2/demon-swordsman/aseprite_files/preview/preview-demon-swordsman-idle.aseprite","Resources","1318","未被正式场景、预设、构建配置或动态加载路径引用"
"Assets/Resources/pixramen-valley-asset-pack-v2/pixramen-valley-asset-pack-v2/demon-swordsman/aseprite_files/preview/preview-demon-swordsman-jump-fall.aseprite","Resources","4456","未被正式场景、预设、构建配置或动态加载路径引用"
"Assets/Resources/pixramen-valley-asset-pack-v2/pixramen-valley-asset-pack-v2/demon-swordsman/aseprite_files/preview/preview-demon-swordsman-jump-slash.aseprite","Resources","6747","未被正式场景、预设、构建配置或动态加载路径引用"
"Assets/Resources/pixramen-valley-asset-pack-v2/pixramen-valley-asset-pack-v2/demon-swordsman/aseprite_files/preview/preview-demon-swordsman-knockback.aseprite","Resources","1382","未被正式场景、预设、构建配置或动态加载路径引用"
"Assets/Resources/pixramen-valley-asset-pack-v2/pixramen-valley-asset-pack-v2/demon-swordsman/aseprite_files/preview/preview-demon-swordsman-walk.aseprite","Resources","3445","未被正式场景、预设、构建配置或动态加载路径引用"
"Assets/Resources/pixramen-valley-asset-pack-v2/pixramen-valley-asset-pack-v2/demon-swordsman/gif/1x/demon-swordsman-attack-landed.gif","Resources","952","未被正式场景、预设、构建配置或动态加载路径引用"
"Assets/Resources/pixramen-valley-asset-pack-v2/pixramen-valley-asset-pack-v2/demon-swordsman/gif/1x/demon-swordsman-attack-leap.gif","Resources","300","未被正式场景、预设、构建配置或动态加载路径引用"
"Assets/Resources/pixramen-valley-asset-pack-v2/pixramen-valley-asset-pack-v2/demon-swordsman/gif/1x/demon-swordsman-attack-leap-effect.gif","Resources","171","未被正式场景、预设、构建配置或动态加载路径引用"
"Assets/Resources/pixramen-valley-asset-pack-v2/pixramen-valley-asset-pack-v2/demon-swordsman/gif/1x/demon-swordsman-attack-prepare-leap.gif","Resources","450","未被正式场景、预设、构建配置或动态加载路径引用"
"Assets/Resources/pixramen-valley-asset-pack-v2/pixramen-valley-asset-pack-v2/demon-swordsman/gif/1x/demon-swordsman-charge-stab.gif","Resources","1778","未被正式场景、预设、构建配置或动态加载路径引用"
"Assets/Resources/pixramen-valley-asset-pack-v2/pixramen-valley-asset-pack-v2/demon-swordsman/gif/1x/demon-swordsman-dead-falling.gif","Resources","186","未被正式场景、预设、构建配置或动态加载路径引用"
"Assets/Resources/pixramen-valley-asset-pack-v2/pixramen-valley-asset-pack-v2/demon-swordsman/gif/1x/demon-swordsman-dead-grounded.gif","Resources","507","未被正式场景、预设、构建配置或动态加载路径引用"
"Assets/Resources/pixramen-valley-asset-pack-v2/pixramen-valley-asset-pack-v2/demon-swordsman/gif/1x/demon-swordsman-falling.gif","Resources","208","未被正式场景、预设、构建配置或动态加载路径引用"
"Assets/Resources/pixramen-valley-asset-pack-v2/pixramen-valley-asset-pack-v2/demon-swordsman/gif/1x/demon-swordsman-fall-recovery.gif","Resources","326","未被正式场景、预设、构建配置或动态加载路径引用"
"Assets/Resources/pixramen-valley-asset-pack-v2/pixramen-valley-asset-pack-v2/demon-swordsman/gif/1x/demon-swordsman-idle.gif","Resources","341","未被正式场景、预设、构建配置或动态加载路径引用"
"Assets/Resources/pixramen-valley-asset-pack-v2/pixramen-valley-asset-pack-v2/demon-swordsman/gif/1x/demon-swordsman-jumping.gif","Resources","218","未被正式场景、预设、构建配置或动态加载路径引用"
"Assets/Resources/pixramen-valley-asset-pack-v2/pixramen-valley-asset-pack-v2/demon-swordsman/gif/1x/demon-swordsman-knockback.gif","Resources","215","未被正式场景、预设、构建配置或动态加载路径引用"
"Assets/Resources/pixramen-valley-asset-pack-v2/pixramen-valley-asset-pack-v2/demon-swordsman/gif/1x/demon-swordsman-moving.gif","Resources","1061","未被正式场景、预设、构建配置或动态加载路径引用"
"Assets/Resources/pixramen-valley-asset-pack-v2/pixramen-valley-asset-pack-v2/demon-swordsman/gif/1x/demon-swordsman-prepare-jump.gif","Resources","442","未被正式场景、预设、构建配置或动态加载路径引用"
"Assets/Resources/pixramen-valley-asset-pack-v2/pixramen-valley-asset-pack-v2/demon-swordsman/gif/2x/demon-swordsman-attack-landed.gif","Resources","1915","未被正式场景、预设、构建配置或动态加载路径引用"
"Assets/Resources/pixramen-valley-asset-pack-v2/pixramen-valley-asset-pack-v2/demon-swordsman/gif/2x/demon-swordsman-attack-leap.gif","Resources","595","未被正式场景、预设、构建配置或动态加载路径引用"
"Assets/Resources/pixramen-valley-asset-pack-v2/pixramen-valley-asset-pack-v2/demon-swordsman/gif/2x/demon-swordsman-attack-leap-effect.gif","Resources","279","未被正式场景、预设、构建配置或动态加载路径引用"
"Assets/Resources/pixramen-valley-asset-pack-v2/pixramen-valley-asset-pack-v2/demon-swordsman/gif/2x/demon-swordsman-attack-prepare-leap.gif","Resources","859","未被正式场景、预设、构建配置或动态加载路径引用"
"Assets/Resources/pixramen-valley-asset-pack-v2/pixramen-valley-asset-pack-v2/demon-swordsman/gif/2x/demon-swordsman-charge-stab.gif","Resources","3463","未被正式场景、预设、构建配置或动态加载路径引用"
"Assets/Resources/pixramen-valley-asset-pack-v2/pixramen-valley-asset-pack-v2/demon-swordsman/gif/2x/demon-swordsman-dead-falling.gif","Resources","346","未被正式场景、预设、构建配置或动态加载路径引用"
"Assets/Resources/pixramen-valley-asset-pack-v2/pixramen-valley-asset-pack-v2/demon-swordsman/gif/2x/demon-swordsman-dead-grounded.gif","Resources","923","未被正式场景、预设、构建配置或动态加载路径引用"
"Assets/Resources/pixramen-valley-asset-pack-v2/pixramen-valley-asset-pack-v2/demon-swordsman/gif/2x/demon-swordsman-falling.gif","Resources","397","未被正式场景、预设、构建配置或动态加载路径引用"
"Assets/Resources/pixramen-valley-asset-pack-v2/pixramen-valley-asset-pack-v2/demon-swordsman/gif/2x/demon-swordsman-fall-recovery.gif","Resources","614","未被正式场景、预设、构建配置或动态加载路径引用"
"Assets/Resources/pixramen-valley-asset-pack-v2/pixramen-valley-asset-pack-v2/demon-swordsman/gif/2x/demon-swordsman-idle.gif","Resources","653","未被正式场景、预设、构建配置或动态加载路径引用"
"Assets/Resources/pixramen-valley-asset-pack-v2/pixramen-valley-asset-pack-v2/demon-swordsman/gif/2x/demon-swordsman-jumping.gif","Resources","417","未被正式场景、预设、构建配置或动态加载路径引用"
"Assets/Resources/pixramen-valley-asset-pack-v2/pixramen-valley-asset-pack-v2/demon-swordsman/gif/2x/demon-swordsman-knockback.gif","Resources","408","未被正式场景、预设、构建配置或动态加载路径引用"
"Assets/Resources/pixramen-valley-asset-pack-v2/pixramen-valley-asset-pack-v2/demon-swordsman/gif/2x/demon-swordsman-moving.gif","Resources","2070","未被正式场景、预设、构建配置或动态加载路径引用"
"Assets/Resources/pixramen-valley-asset-pack-v2/pixramen-valley-asset-pack-v2/demon-swordsman/gif/2x/demon-swordsman-prepare-jump.gif","Resources","838","未被正式场景、预设、构建配置或动态加载路径引用"
"Assets/Resources/pixramen-valley-asset-pack-v2/pixramen-valley-asset-pack-v2/demon-swordsman/gif/3x/demon-swordsman-attack-landed.gif","Resources","2980","未被正式场景、预设、构建配置或动态加载路径引用"
"Assets/Resources/pixramen-valley-asset-pack-v2/pixramen-valley-asset-pack-v2/demon-swordsman/gif/3x/demon-swordsman-attack-leap.gif","Resources","914","未被正式场景、预设、构建配置或动态加载路径引用"
"Assets/Resources/pixramen-valley-asset-pack-v2/pixramen-valley-asset-pack-v2/demon-swordsman/gif/3x/demon-swordsman-attack-leap-effect.gif","Resources","400","未被正式场景、预设、构建配置或动态加载路径引用"
"Assets/Resources/pixramen-valley-asset-pack-v2/pixramen-valley-asset-pack-v2/demon-swordsman/gif/3x/demon-swordsman-attack-prepare-leap.gif","Resources","1310","未被正式场景、预设、构建配置或动态加载路径引用"
"Assets/Resources/pixramen-valley-asset-pack-v2/pixramen-valley-asset-pack-v2/demon-swordsman/gif/3x/demon-swordsman-charge-stab.gif","Resources","5370","未被正式场景、预设、构建配置或动态加载路径引用"
"Assets/Resources/pixramen-valley-asset-pack-v2/pixramen-valley-asset-pack-v2/demon-swordsman/gif/3x/demon-swordsman-dead-falling.gif","Resources","525","未被正式场景、预设、构建配置或动态加载路径引用"
"Assets/Resources/pixramen-valley-asset-pack-v2/pixramen-valley-asset-pack-v2/demon-swordsman/gif/3x/demon-swordsman-dead-grounded.gif","Resources","1383","未被正式场景、预设、构建配置或动态加载路径引用"
"Assets/Resources/pixramen-valley-asset-pack-v2/pixramen-valley-asset-pack-v2/demon-swordsman/gif/3x/demon-swordsman-falling.gif","Resources","599","未被正式场景、预设、构建配置或动态加载路径引用"
"Assets/Resources/pixramen-valley-asset-pack-v2/pixramen-valley-asset-pack-v2/demon-swordsman/gif/3x/demon-swordsman-fall-recovery.gif","Resources","929","未被正式场景、预设、构建配置或动态加载路径引用"
"Assets/Resources/pixramen-valley-asset-pack-v2/pixramen-valley-asset-pack-v2/demon-swordsman/gif/3x/demon-swordsman-idle.gif","Resources","998","未被正式场景、预设、构建配置或动态加载路径引用"
"Assets/Resources/pixramen-valley-asset-pack-v2/pixramen-valley-asset-pack-v2/demon-swordsman/gif/3x/demon-swordsman-jumping.gif","Resources","630","未被正式场景、预设、构建配置或动态加载路径引用"
"Assets/Resources/pixramen-valley-asset-pack-v2/pixramen-valley-asset-pack-v2/demon-swordsman/gif/3x/demon-swordsman-knockback.gif","Resources","617","未被正式场景、预设、构建配置或动态加载路径引用"
"Assets/Resources/pixramen-valley-asset-pack-v2/pixramen-valley-asset-pack-v2/demon-swordsman/gif/3x/demon-swordsman-moving.gif","Resources","3211","未被正式场景、预设、构建配置或动态加载路径引用"
"Assets/Resources/pixramen-valley-asset-pack-v2/pixramen-valley-asset-pack-v2/demon-swordsman/gif/3x/demon-swordsman-prepare-jump.gif","Resources","1271","未被正式场景、预设、构建配置或动态加载路径引用"
"Assets/Resources/pixramen-valley-asset-pack-v2/pixramen-valley-asset-pack-v2/demon-swordsman/gif/4x/demon-swordsman-attack-landed.gif","Resources","4126","未被正式场景、预设、构建配置或动态加载路径引用"
"Assets/Resources/pixramen-valley-asset-pack-v2/pixramen-valley-asset-pack-v2/demon-swordsman/gif/4x/demon-swordsman-attack-leap.gif","Resources","1278","未被正式场景、预设、构建配置或动态加载路径引用"
"Assets/Resources/pixramen-valley-asset-pack-v2/pixramen-valley-asset-pack-v2/demon-swordsman/gif/4x/demon-swordsman-attack-leap-effect.gif","Resources","522","未被正式场景、预设、构建配置或动态加载路径引用"
"Assets/Resources/pixramen-valley-asset-pack-v2/pixramen-valley-asset-pack-v2/demon-swordsman/gif/4x/demon-swordsman-attack-prepare-leap.gif","Resources","1802","未被正式场景、预设、构建配置或动态加载路径引用"
"Assets/Resources/pixramen-valley-asset-pack-v2/pixramen-valley-asset-pack-v2/demon-swordsman/gif/4x/demon-swordsman-charge-stab.gif","Resources","7389","未被正式场景、预设、构建配置或动态加载路径引用"
"Assets/Resources/pixramen-valley-asset-pack-v2/pixramen-valley-asset-pack-v2/demon-swordsman/gif/4x/demon-swordsman-dead-falling.gif","Resources","717","未被正式场景、预设、构建配置或动态加载路径引用"
"Assets/Resources/pixramen-valley-asset-pack-v2/pixramen-valley-asset-pack-v2/demon-swordsman/gif/4x/demon-swordsman-dead-grounded.gif","Resources","1846","未被正式场景、预设、构建配置或动态加载路径引用"
"Assets/Resources/pixramen-valley-asset-pack-v2/pixramen-valley-asset-pack-v2/demon-swordsman/gif/4x/demon-swordsman-falling.gif","Resources","828","未被正式场景、预设、构建配置或动态加载路径引用"
"Assets/Resources/pixramen-valley-asset-pack-v2/pixramen-valley-asset-pack-v2/demon-swordsman/gif/4x/demon-swordsman-fall-recovery.gif","Resources","1276","未被正式场景、预设、构建配置或动态加载路径引用"
"Assets/Resources/pixramen-valley-asset-pack-v2/pixramen-valley-asset-pack-v2/demon-swordsman/gif/4x/demon-swordsman-idle.gif","Resources","1375","未被正式场景、预设、构建配置或动态加载路径引用"
"Assets/Resources/pixramen-valley-asset-pack-v2/pixramen-valley-asset-pack-v2/demon-swordsman/gif/4x/demon-swordsman-jumping.gif","Resources","873","未被正式场景、预设、构建配置或动态加载路径引用"
"Assets/Resources/pixramen-valley-asset-pack-v2/pixramen-valley-asset-pack-v2/demon-swordsman/gif/4x/demon-swordsman-knockback.gif","Resources","842","未被正式场景、预设、构建配置或动态加载路径引用"
"Assets/Resources/pixramen-valley-asset-pack-v2/pixramen-valley-asset-pack-v2/demon-swordsman/gif/4x/demon-swordsman-moving.gif","Resources","4455","未被正式场景、预设、构建配置或动态加载路径引用"
"Assets/Resources/pixramen-valley-asset-pack-v2/pixramen-valley-asset-pack-v2/demon-swordsman/gif/4x/demon-swordsman-prepare-jump.gif","Resources","1740","未被正式场景、预设、构建配置或动态加载路径引用"
"Assets/Resources/pixramen-valley-asset-pack-v2/pixramen-valley-asset-pack-v2/demon-swordsman/gif/5x/demon-swordsman-attack-landed.gif","Resources","5294","未被正式场景、预设、构建配置或动态加载路径引用"
"Assets/Resources/pixramen-valley-asset-pack-v2/pixramen-valley-asset-pack-v2/demon-swordsman/gif/5x/demon-swordsman-attack-leap.gif","Resources","1635","未被正式场景、预设、构建配置或动态加载路径引用"
"Assets/Resources/pixramen-valley-asset-pack-v2/pixramen-valley-asset-pack-v2/demon-swordsman/gif/5x/demon-swordsman-attack-leap-effect.gif","Resources","652","未被正式场景、预设、构建配置或动态加载路径引用"
"Assets/Resources/pixramen-valley-asset-pack-v2/pixramen-valley-asset-pack-v2/demon-swordsman/gif/5x/demon-swordsman-attack-prepare-leap.gif","Resources","2309","未被正式场景、预设、构建配置或动态加载路径引用"
"Assets/Resources/pixramen-valley-asset-pack-v2/pixramen-valley-asset-pack-v2/demon-swordsman/gif/5x/demon-swordsman-charge-stab.gif","Resources","9568","未被正式场景、预设、构建配置或动态加载路径引用"
"Assets/Resources/pixramen-valley-asset-pack-v2/pixramen-valley-asset-pack-v2/demon-swordsman/gif/5x/demon-swordsman-dead-falling.gif","Resources","911","未被正式场景、预设、构建配置或动态加载路径引用"
"Assets/Resources/pixramen-valley-asset-pack-v2/pixramen-valley-asset-pack-v2/demon-swordsman/gif/5x/demon-swordsman-dead-grounded.gif","Resources","2359","未被正式场景、预设、构建配置或动态加载路径引用"
"Assets/Resources/pixramen-valley-asset-pack-v2/pixramen-valley-asset-pack-v2/demon-swordsman/gif/5x/demon-swordsman-falling.gif","Resources","1050","未被正式场景、预设、构建配置或动态加载路径引用"
"Assets/Resources/pixramen-valley-asset-pack-v2/pixramen-valley-asset-pack-v2/demon-swordsman/gif/5x/demon-swordsman-fall-recovery.gif","Resources","1622","未被正式场景、预设、构建配置或动态加载路径引用"
"Assets/Resources/pixramen-valley-asset-pack-v2/pixramen-valley-asset-pack-v2/demon-swordsman/gif/5x/demon-swordsman-idle.gif","Resources","1781","未被正式场景、预设、构建配置或动态加载路径引用"
"Assets/Resources/pixramen-valley-asset-pack-v2/pixramen-valley-asset-pack-v2/demon-swordsman/gif/5x/demon-swordsman-jumping.gif","Resources","1107","未被正式场景、预设、构建配置或动态加载路径引用"
"Assets/Resources/pixramen-valley-asset-pack-v2/pixramen-valley-asset-pack-v2/demon-swordsman/gif/5x/demon-swordsman-knockback.gif","Resources","1081","未被正式场景、预设、构建配置或动态加载路径引用"
"Assets/Resources/pixramen-valley-asset-pack-v2/pixramen-valley-asset-pack-v2/demon-swordsman/gif/5x/demon-swordsman-moving.gif","Resources","5757","未被正式场景、预设、构建配置或动态加载路径引用"
"Assets/Resources/pixramen-valley-asset-pack-v2/pixramen-valley-asset-pack-v2/demon-swordsman/gif/5x/demon-swordsman-prepare-jump.gif","Resources","2227","未被正式场景、预设、构建配置或动态加载路径引用"
"Assets/Resources/pixramen-valley-asset-pack-v2/pixramen-valley-asset-pack-v2/demon-swordsman/png/1x/demon-swordsman-attack-landed/demon-swordsman-attack-landed1.png","Resources","469","未被正式场景、预设、构建配置或动态加载路径引用"
"Assets/Resources/pixramen-valley-asset-pack-v2/pixramen-valley-asset-pack-v2/demon-swordsman/png/1x/demon-swordsman-attack-landed/demon-swordsman-attack-landed2.png","Resources","417","未被正式场景、预设、构建配置或动态加载路径引用"
"Assets/Resources/pixramen-valley-asset-pack-v2/pixramen-valley-asset-pack-v2/demon-swordsman/png/1x/demon-swordsman-attack-landed/demon-swordsman-attack-landed3.png","Resources","518","未被正式场景、预设、构建配置或动态加载路径引用"
"Assets/Resources/pixramen-valley-asset-pack-v2/pixramen-valley-asset-pack-v2/demon-swordsman/png/1x/demon-swordsman-attack-landed/demon-swordsman-attack-landed4.png","Resources","523","未被正式场景、预设、构建配置或动态加载路径引用"
"Assets/Resources/pixramen-valley-asset-pack-v2/pixramen-valley-asset-pack-v2/demon-swordsman/png/1x/demon-swordsman-attack-landed/demon-swordsman-attack-landed5.png","Resources","481","未被正式场景、预设、构建配置或动态加载路径引用"
"Assets/Resources/pixramen-valley-asset-pack-v2/pixramen-valley-asset-pack-v2/demon-swordsman/png/1x/demon-swordsman-attack-landed/demon-swordsman-attack-landed6.png","Resources","409","未被正式场景、预设、构建配置或动态加载路径引用"
"Assets/Resources/pixramen-valley-asset-pack-v2/pixramen-valley-asset-pack-v2/demon-swordsman/png/1x/demon-swordsman-attack-leap/demon-swordsman-attack-leap1.png","Resources","373","未被正式场景、预设、构建配置或动态加载路径引用"
"Assets/Resources/pixramen-valley-asset-pack-v2/pixramen-valley-asset-pack-v2/demon-swordsman/png/1x/demon-swordsman-attack-leap/demon-swordsman-attack-leap2.png","Resources","386","未被正式场景、预设、构建配置或动态加载路径引用"
"Assets/Resources/pixramen-valley-asset-pack-v2/pixramen-valley-asset-pack-v2/demon-swordsman/png/1x/demon-swordsman-attack-leap-effect/demon-swordsman-attack-leap-effect1.png","Resources","168","未被正式场景、预设、构建配置或动态加载路径引用"
"Assets/Resources/pixramen-valley-asset-pack-v2/pixramen-valley-asset-pack-v2/demon-swordsman/png/1x/demon-swordsman-attack-leap-effect/demon-swordsman-attack-leap-effect2.png","Resources","160","未被正式场景、预设、构建配置或动态加载路径引用"
"Assets/Resources/pixramen-valley-asset-pack-v2/pixramen-valley-asset-pack-v2/demon-swordsman/png/1x/demon-swordsman-attack-prepare-leap/demon-swordsman-attack-prepare-leap1.png","Resources","413","未被正式场景、预设、构建配置或动态加载路径引用"
"Assets/Resources/pixramen-valley-asset-pack-v2/pixramen-valley-asset-pack-v2/demon-swordsman/png/1x/demon-swordsman-attack-prepare-leap/demon-swordsman-attack-prepare-leap2.png","Resources","394","未被正式场景、预设、构建配置或动态加载路径引用"
"Assets/Resources/pixramen-valley-asset-pack-v2/pixramen-valley-asset-pack-v2/demon-swordsman/png/1x/demon-swordsman-attack-prepare-leap/demon-swordsman-attack-prepare-leap3.png","Resources","387","未被正式场景、预设、构建配置或动态加载路径引用"
"Assets/Resources/pixramen-valley-asset-pack-v2/pixramen-valley-asset-pack-v2/demon-swordsman/png/1x/demon-swordsman-dead-falling/demon-swordsman-dead-falling.png","Resources","370","未被正式场景、预设、构建配置或动态加载路径引用"
"Assets/Resources/pixramen-valley-asset-pack-v2/pixramen-valley-asset-pack-v2/demon-swordsman/png/1x/demon-swordsman-falling/demon-swordsman-falling.png","Resources","418","未被正式场景、预设、构建配置或动态加载路径引用"
"Assets/Resources/pixramen-valley-asset-pack-v2/pixramen-valley-asset-pack-v2/demon-swordsman/png/1x/demon-swordsman-fall-recovery/demon-swordsman-fall-recovery1.png","Resources","384","未被正式场景、预设、构建配置或动态加载路径引用"
"Assets/Resources/pixramen-valley-asset-pack-v2/pixramen-valley-asset-pack-v2/demon-swordsman/png/1x/demon-swordsman-fall-recovery/demon-swordsman-fall-recovery2.png","Resources","399","未被正式场景、预设、构建配置或动态加载路径引用"
"Assets/Resources/pixramen-valley-asset-pack-v2/pixramen-valley-asset-pack-v2/demon-swordsman/png/1x/demon-swordsman-jumping/demon-swordsman-jumping.png","Resources","416","未被正式场景、预设、构建配置或动态加载路径引用"
"Assets/Resources/pixramen-valley-asset-pack-v2/pixramen-valley-asset-pack-v2/demon-swordsman/png/1x/demon-swordsman-prepare-jump/demon-swordsman-prepare-jump1.png","Resources","406","未被正式场景、预设、构建配置或动态加载路径引用"
"Assets/Resources/pixramen-valley-asset-pack-v2/pixramen-valley-asset-pack-v2/demon-swordsman/png/1x/demon-swordsman-prepare-jump/demon-swordsman-prepare-jump2.png","Resources","399","未被正式场景、预设、构建配置或动态加载路径引用"
"Assets/Resources/pixramen-valley-asset-pack-v2/pixramen-valley-asset-pack-v2/demon-swordsman/png/1x/demon-swordsman-prepare-jump/demon-swordsman-prepare-jump3.png","Resources","384","未被正式场景、预设、构建配置或动态加载路径引用"
"Assets/Resources/pixramen-valley-asset-pack-v2/pixramen-valley-asset-pack-v2/demon-swordsman/png/2x/demon-swordsman-attack-landed/demon-swordsman-attack-landed1.png","Resources","642","未被正式场景、预设、构建配置或动态加载路径引用"
"Assets/Resources/pixramen-valley-asset-pack-v2/pixramen-valley-asset-pack-v2/demon-swordsman/png/2x/demon-swordsman-attack-landed/demon-swordsman-attack-landed2.png","Resources","556","未被正式场景、预设、构建配置或动态加载路径引用"
"Assets/Resources/pixramen-valley-asset-pack-v2/pixramen-valley-asset-pack-v2/demon-swordsman/png/2x/demon-swordsman-attack-landed/demon-swordsman-attack-landed3.png","Resources","681","未被正式场景、预设、构建配置或动态加载路径引用"
"Assets/Resources/pixramen-valley-asset-pack-v2/pixramen-valley-asset-pack-v2/demon-swordsman/png/2x/demon-swordsman-attack-landed/demon-swordsman-attack-landed4.png","Resources","675","未被正式场景、预设、构建配置或动态加载路径引用"
"Assets/Resources/pixramen-valley-asset-pack-v2/pixramen-valley-asset-pack-v2/demon-swordsman/png/2x/demon-swordsman-attack-landed/demon-swordsman-attack-landed5.png","Resources","653","未被正式场景、预设、构建配置或动态加载路径引用"
"Assets/Resources/pixramen-valley-asset-pack-v2/pixramen-valley-asset-pack-v2/demon-swordsman/png/2x/demon-swordsman-attack-landed/demon-swordsman-attack-landed6.png","Resources","559","未被正式场景、预设、构建配置或动态加载路径引用"
"Assets/Resources/pixramen-valley-asset-pack-v2/pixramen-valley-asset-pack-v2/demon-swordsman/png/2x/demon-swordsman-attack-leap/demon-swordsman-attack-leap1.png","Resources","488","未被正式场景、预设、构建配置或动态加载路径引用"
"Assets/Resources/pixramen-valley-asset-pack-v2/pixramen-valley-asset-pack-v2/demon-swordsman/png/2x/demon-swordsman-attack-leap/demon-swordsman-attack-leap2.png","Resources","526","未被正式场景、预设、构建配置或动态加载路径引用"
"Assets/Resources/pixramen-valley-asset-pack-v2/pixramen-valley-asset-pack-v2/demon-swordsman/png/2x/demon-swordsman-attack-leap-effect/demon-swordsman-attack-leap-effect1.png","Resources","245","未被正式场景、预设、构建配置或动态加载路径引用"
"Assets/Resources/pixramen-valley-asset-pack-v2/pixramen-valley-asset-pack-v2/demon-swordsman/png/2x/demon-swordsman-attack-leap-effect/demon-swordsman-attack-leap-effect2.png","Resources","234","未被正式场景、预设、构建配置或动态加载路径引用"
"Assets/Resources/pixramen-valley-asset-pack-v2/pixramen-valley-asset-pack-v2/demon-swordsman/png/2x/demon-swordsman-attack-prepare-leap/demon-swordsman-attack-prepare-leap1.png","Resources","573","未被正式场景、预设、构建配置或动态加载路径引用"
"Assets/Resources/pixramen-valley-asset-pack-v2/pixramen-valley-asset-pack-v2/demon-swordsman/png/2x/demon-swordsman-attack-prepare-leap/demon-swordsman-attack-prepare-leap2.png","Resources","547","未被正式场景、预设、构建配置或动态加载路径引用"
"Assets/Resources/pixramen-valley-asset-pack-v2/pixramen-valley-asset-pack-v2/demon-swordsman/png/2x/demon-swordsman-attack-prepare-leap/demon-swordsman-attack-prepare-leap3.png","Resources","515","未被正式场景、预设、构建配置或动态加载路径引用"
"Assets/Resources/pixramen-valley-asset-pack-v2/pixramen-valley-asset-pack-v2/demon-swordsman/png/2x/demon-swordsman-charge-stab/demon-swordsman-charge-stab1.png","Resources","591","未被正式场景、预设、构建配置或动态加载路径引用"
"Assets/Resources/pixramen-valley-asset-pack-v2/pixramen-valley-asset-pack-v2/demon-swordsman/png/2x/demon-swordsman-charge-stab/demon-swordsman-charge-stab10.png","Resources","524","未被正式场景、预设、构建配置或动态加载路径引用"
"Assets/Resources/pixramen-valley-asset-pack-v2/pixramen-valley-asset-pack-v2/demon-swordsman/png/2x/demon-swordsman-charge-stab/demon-swordsman-charge-stab11.png","Resources","534","未被正式场景、预设、构建配置或动态加载路径引用"
"Assets/Resources/pixramen-valley-asset-pack-v2/pixramen-valley-asset-pack-v2/demon-swordsman/png/2x/demon-swordsman-charge-stab/demon-swordsman-charge-stab12.png","Resources","534","未被正式场景、预设、构建配置或动态加载路径引用"
"Assets/Resources/pixramen-valley-asset-pack-v2/pixramen-valley-asset-pack-v2/demon-swordsman/png/2x/demon-swordsman-charge-stab/demon-swordsman-charge-stab13.png","Resources","539","未被正式场景、预设、构建配置或动态加载路径引用"
"Assets/Resources/pixramen-valley-asset-pack-v2/pixramen-valley-asset-pack-v2/demon-swordsman/png/2x/demon-swordsman-charge-stab/demon-swordsman-charge-stab14.png","Resources","568","未被正式场景、预设、构建配置或动态加载路径引用"
"Assets/Resources/pixramen-valley-asset-pack-v2/pixramen-valley-asset-pack-v2/demon-swordsman/png/2x/demon-swordsman-charge-stab/demon-swordsman-charge-stab2.png","Resources","579","未被正式场景、预设、构建配置或动态加载路径引用"
"Assets/Resources/pixramen-valley-asset-pack-v2/pixramen-valley-asset-pack-v2/demon-swordsman/png/2x/demon-swordsman-charge-stab/demon-swordsman-charge-stab3.png","Resources","543","未被正式场景、预设、构建配置或动态加载路径引用"
"Assets/Resources/pixramen-valley-asset-pack-v2/pixramen-valley-asset-pack-v2/demon-swordsman/png/2x/demon-swordsman-charge-stab/demon-swordsman-charge-stab4.png","Resources","542","未被正式场景、预设、构建配置或动态加载路径引用"
"Assets/Resources/pixramen-valley-asset-pack-v2/pixramen-valley-asset-pack-v2/demon-swordsman/png/2x/demon-swordsman-charge-stab/demon-swordsman-charge-stab5.png","Resources","543","未被正式场景、预设、构建配置或动态加载路径引用"
"Assets/Resources/pixramen-valley-asset-pack-v2/pixramen-valley-asset-pack-v2/demon-swordsman/png/2x/demon-swordsman-charge-stab/demon-swordsman-charge-stab6.png","Resources","547","未被正式场景、预设、构建配置或动态加载路径引用"
"Assets/Resources/pixramen-valley-asset-pack-v2/pixramen-valley-asset-pack-v2/demon-swordsman/png/2x/demon-swordsman-charge-stab/demon-swordsman-charge-stab7.png","Resources","547","未被正式场景、预设、构建配置或动态加载路径引用"
"Assets/Resources/pixramen-valley-asset-pack-v2/pixramen-valley-asset-pack-v2/demon-swordsman/png/2x/demon-swordsman-charge-stab/demon-swordsman-charge-stab8.png","Resources","499","未被正式场景、预设、构建配置或动态加载路径引用"
"Assets/Resources/pixramen-valley-asset-pack-v2/pixramen-valley-asset-pack-v2/demon-swordsman/png/2x/demon-swordsman-charge-stab/demon-swordsman-charge-stab9.png","Resources","522","未被正式场景、预设、构建配置或动态加载路径引用"
"Assets/Resources/pixramen-valley-asset-pack-v2/pixramen-valley-asset-pack-v2/demon-swordsman/png/2x/demon-swordsman-dead-falling/demon-swordsman-dead-falling.png","Resources","498","未被正式场景、预设、构建配置或动态加载路径引用"
"Assets/Resources/pixramen-valley-asset-pack-v2/pixramen-valley-asset-pack-v2/demon-swordsman/png/2x/demon-swordsman-dead-grounded/demon-swordsman-dead-grounded1.png","Resources","364","未被正式场景、预设、构建配置或动态加载路径引用"
"Assets/Resources/pixramen-valley-asset-pack-v2/pixramen-valley-asset-pack-v2/demon-swordsman/png/2x/demon-swordsman-dead-grounded/demon-swordsman-dead-grounded2.png","Resources","378","未被正式场景、预设、构建配置或动态加载路径引用"
"Assets/Resources/pixramen-valley-asset-pack-v2/pixramen-valley-asset-pack-v2/demon-swordsman/png/2x/demon-swordsman-dead-grounded/demon-swordsman-dead-grounded3.png","Resources","364","未被正式场景、预设、构建配置或动态加载路径引用"
"Assets/Resources/pixramen-valley-asset-pack-v2/pixramen-valley-asset-pack-v2/demon-swordsman/png/2x/demon-swordsman-dead-grounded/demon-swordsman-dead-grounded4.png","Resources","365","未被正式场景、预设、构建配置或动态加载路径引用"
"Assets/Resources/pixramen-valley-asset-pack-v2/pixramen-valley-asset-pack-v2/demon-swordsman/png/2x/demon-swordsman-dead-grounded/demon-swordsman-dead-grounded5.png","Resources","367","未被正式场景、预设、构建配置或动态加载路径引用"
"Assets/Resources/pixramen-valley-asset-pack-v2/pixramen-valley-asset-pack-v2/demon-swordsman/png/2x/demon-swordsman-dead-grounded/demon-swordsman-dead-grounded6.png","Resources","362","未被正式场景、预设、构建配置或动态加载路径引用"
"Assets/Resources/pixramen-valley-asset-pack-v2/pixramen-valley-asset-pack-v2/demon-swordsman/png/2x/demon-swordsman-falling/demon-swordsman-falling.png","Resources","562","未被正式场景、预设、构建配置或动态加载路径引用"
"Assets/Resources/pixramen-valley-asset-pack-v2/pixramen-valley-asset-pack-v2/demon-swordsman/png/2x/demon-swordsman-fall-recovery/demon-swordsman-fall-recovery1.png","Resources","524","未被正式场景、预设、构建配置或动态加载路径引用"
"Assets/Resources/pixramen-valley-asset-pack-v2/pixramen-valley-asset-pack-v2/demon-swordsman/png/2x/demon-swordsman-fall-recovery/demon-swordsman-fall-recovery2.png","Resources","543","未被正式场景、预设、构建配置或动态加载路径引用"
"Assets/Resources/pixramen-valley-asset-pack-v2/pixramen-valley-asset-pack-v2/demon-swordsman/png/2x/demon-swordsman-idle/demon-swordsman-idle1.png","Resources","584","未被正式场景、预设、构建配置或动态加载路径引用"
"Assets/Resources/pixramen-valley-asset-pack-v2/pixramen-valley-asset-pack-v2/demon-swordsman/png/2x/demon-swordsman-idle/demon-swordsman-idle2.png","Resources","586","未被正式场景、预设、构建配置或动态加载路径引用"
"Assets/Resources/pixramen-valley-asset-pack-v2/pixramen-valley-asset-pack-v2/demon-swordsman/png/2x/demon-swordsman-jumping/demon-swordsman-jumping.png","Resources","561","未被正式场景、预设、构建配置或动态加载路径引用"
"Assets/Resources/pixramen-valley-asset-pack-v2/pixramen-valley-asset-pack-v2/demon-swordsman/png/2x/demon-swordsman-knockback/demon-swordsman-knockback.png","Resources","544","未被正式场景、预设、构建配置或动态加载路径引用"
"Assets/Resources/pixramen-valley-asset-pack-v2/pixramen-valley-asset-pack-v2/demon-swordsman/png/2x/demon-swordsman-moving/demon-swordsman-moving1.png","Resources","596","未被正式场景、预设、构建配置或动态加载路径引用"
"Assets/Resources/pixramen-valley-asset-pack-v2/pixramen-valley-asset-pack-v2/demon-swordsman/png/2x/demon-swordsman-moving/demon-swordsman-moving2.png","Resources","606","未被正式场景、预设、构建配置或动态加载路径引用"
"Assets/Resources/pixramen-valley-asset-pack-v2/pixramen-valley-asset-pack-v2/demon-swordsman/png/2x/demon-swordsman-moving/demon-swordsman-moving3.png","Resources","574","未被正式场景、预设、构建配置或动态加载路径引用"
"Assets/Resources/pixramen-valley-asset-pack-v2/pixramen-valley-asset-pack-v2/demon-swordsman/png/2x/demon-swordsman-moving/demon-swordsman-moving4.png","Resources","567","未被正式场景、预设、构建配置或动态加载路径引用"
"Assets/Resources/pixramen-valley-asset-pack-v2/pixramen-valley-asset-pack-v2/demon-swordsman/png/2x/demon-swordsman-moving/demon-swordsman-moving5.png","Resources","577","未被正式场景、预设、构建配置或动态加载路径引用"
"Assets/Resources/pixramen-valley-asset-pack-v2/pixramen-valley-asset-pack-v2/demon-swordsman/png/2x/demon-swordsman-moving/demon-swordsman-moving6.png","Resources","586","未被正式场景、预设、构建配置或动态加载路径引用"
"Assets/Resources/pixramen-valley-asset-pack-v2/pixramen-valley-asset-pack-v2/demon-swordsman/png/2x/demon-swordsman-moving/demon-swordsman-moving7.png","Resources","567","未被正式场景、预设、构建配置或动态加载路径引用"
"Assets/Resources/pixramen-valley-asset-pack-v2/pixramen-valley-asset-pack-v2/demon-swordsman/png/2x/demon-swordsman-moving/demon-swordsman-moving8.png","Resources","558","未被正式场景、预设、构建配置或动态加载路径引用"
"Assets/Resources/pixramen-valley-asset-pack-v2/pixramen-valley-asset-pack-v2/demon-swordsman/png/2x/demon-swordsman-prepare-jump/demon-swordsman-prepare-jump1.png","Resources","567","未被正式场景、预设、构建配置或动态加载路径引用"
"Assets/Resources/pixramen-valley-asset-pack-v2/pixramen-valley-asset-pack-v2/demon-swordsman/png/2x/demon-swordsman-prepare-jump/demon-swordsman-prepare-jump2.png","Resources","543","未被正式场景、预设、构建配置或动态加载路径引用"
"Assets/Resources/pixramen-valley-asset-pack-v2/pixramen-valley-asset-pack-v2/demon-swordsman/png/2x/demon-swordsman-prepare-jump/demon-swordsman-prepare-jump3.png","Resources","524","未被正式场景、预设、构建配置或动态加载路径引用"
"Assets/Resources/pixramen-valley-asset-pack-v2/pixramen-valley-asset-pack-v2/demon-swordsman/png/3x/demon-swordsman-attack-landed/demon-swordsman-attack-landed1.png","Resources","810","未被正式场景、预设、构建配置或动态加载路径引用"
"Assets/Resources/pixramen-valley-asset-pack-v2/pixramen-valley-asset-pack-v2/demon-swordsman/png/3x/demon-swordsman-attack-landed/demon-swordsman-attack-landed2.png","Resources","700","未被正式场景、预设、构建配置或动态加载路径引用"
"Assets/Resources/pixramen-valley-asset-pack-v2/pixramen-valley-asset-pack-v2/demon-swordsman/png/3x/demon-swordsman-attack-landed/demon-swordsman-attack-landed3.png","Resources","831","未被正式场景、预设、构建配置或动态加载路径引用"
"Assets/Resources/pixramen-valley-asset-pack-v2/pixramen-valley-asset-pack-v2/demon-swordsman/png/3x/demon-swordsman-attack-landed/demon-swordsman-attack-landed4.png","Resources","832","未被正式场景、预设、构建配置或动态加载路径引用"
"Assets/Resources/pixramen-valley-asset-pack-v2/pixramen-valley-asset-pack-v2/demon-swordsman/png/3x/demon-swordsman-attack-landed/demon-swordsman-attack-landed5.png","Resources","809","未被正式场景、预设、构建配置或动态加载路径引用"
"Assets/Resources/pixramen-valley-asset-pack-v2/pixramen-valley-asset-pack-v2/demon-swordsman/png/3x/demon-swordsman-attack-landed/demon-swordsman-attack-landed6.png","Resources","701","未被正式场景、预设、构建配置或动态加载路径引用"
"Assets/Resources/pixramen-valley-asset-pack-v2/pixramen-valley-asset-pack-v2/demon-swordsman/png/3x/demon-swordsman-attack-leap/demon-swordsman-attack-leap1.png","Resources","607","未被正式场景、预设、构建配置或动态加载路径引用"
"Assets/Resources/pixramen-valley-asset-pack-v2/pixramen-valley-asset-pack-v2/demon-swordsman/png/3x/demon-swordsman-attack-leap/demon-swordsman-attack-leap2.png","Resources","642","未被正式场景、预设、构建配置或动态加载路径引用"
"Assets/Resources/pixramen-valley-asset-pack-v2/pixramen-valley-asset-pack-v2/demon-swordsman/png/3x/demon-swordsman-attack-leap-effect/demon-swordsman-attack-leap-effect1.png","Resources","343","未被正式场景、预设、构建配置或动态加载路径引用"
"Assets/Resources/pixramen-valley-asset-pack-v2/pixramen-valley-asset-pack-v2/demon-swordsman/png/3x/demon-swordsman-attack-leap-effect/demon-swordsman-attack-leap-effect2.png","Resources","329","未被正式场景、预设、构建配置或动态加载路径引用"
"Assets/Resources/pixramen-valley-asset-pack-v2/pixramen-valley-asset-pack-v2/demon-swordsman/png/3x/demon-swordsman-attack-prepare-leap/demon-swordsman-attack-prepare-leap1.png","Resources","715","未被正式场景、预设、构建配置或动态加载路径引用"
"Assets/Resources/pixramen-valley-asset-pack-v2/pixramen-valley-asset-pack-v2/demon-swordsman/png/3x/demon-swordsman-attack-prepare-leap/demon-swordsman-attack-prepare-leap2.png","Resources","691","未被正式场景、预设、构建配置或动态加载路径引用"
"Assets/Resources/pixramen-valley-asset-pack-v2/pixramen-valley-asset-pack-v2/demon-swordsman/png/3x/demon-swordsman-attack-prepare-leap/demon-swordsman-attack-prepare-leap3.png","Resources","654","未被正式场景、预设、构建配置或动态加载路径引用"
"Assets/Resources/pixramen-valley-asset-pack-v2/pixramen-valley-asset-pack-v2/demon-swordsman/png/3x/demon-swordsman-charge-stab/demon-swordsman-charge-stab1.png","Resources","710","未被正式场景、预设、构建配置或动态加载路径引用"
"Assets/Resources/pixramen-valley-asset-pack-v2/pixramen-valley-asset-pack-v2/demon-swordsman/png/3x/demon-swordsman-charge-stab/demon-swordsman-charge-stab10.png","Resources","644","未被正式场景、预设、构建配置或动态加载路径引用"
"Assets/Resources/pixramen-valley-asset-pack-v2/pixramen-valley-asset-pack-v2/demon-swordsman/png/3x/demon-swordsman-charge-stab/demon-swordsman-charge-stab11.png","Resources","645","未被正式场景、预设、构建配置或动态加载路径引用"
"Assets/Resources/pixramen-valley-asset-pack-v2/pixramen-valley-asset-pack-v2/demon-swordsman/png/3x/demon-swordsman-charge-stab/demon-swordsman-charge-stab12.png","Resources","645","未被正式场景、预设、构建配置或动态加载路径引用"
"Assets/Resources/pixramen-valley-asset-pack-v2/pixramen-valley-asset-pack-v2/demon-swordsman/png/3x/demon-swordsman-charge-stab/demon-swordsman-charge-stab13.png","Resources","659","未被正式场景、预设、构建配置或动态加载路径引用"
"Assets/Resources/pixramen-valley-asset-pack-v2/pixramen-valley-asset-pack-v2/demon-swordsman/png/3x/demon-swordsman-charge-stab/demon-swordsman-charge-stab14.png","Resources","683","未被正式场景、预设、构建配置或动态加载路径引用"
"Assets/Resources/pixramen-valley-asset-pack-v2/pixramen-valley-asset-pack-v2/demon-swordsman/png/3x/demon-swordsman-charge-stab/demon-swordsman-charge-stab2.png","Resources","701","未被正式场景、预设、构建配置或动态加载路径引用"
"Assets/Resources/pixramen-valley-asset-pack-v2/pixramen-valley-asset-pack-v2/demon-swordsman/png/3x/demon-swordsman-charge-stab/demon-swordsman-charge-stab3.png","Resources","676","未被正式场景、预设、构建配置或动态加载路径引用"
"Assets/Resources/pixramen-valley-asset-pack-v2/pixramen-valley-asset-pack-v2/demon-swordsman/png/3x/demon-swordsman-charge-stab/demon-swordsman-charge-stab4.png","Resources","677","未被正式场景、预设、构建配置或动态加载路径引用"
"Assets/Resources/pixramen-valley-asset-pack-v2/pixramen-valley-asset-pack-v2/demon-swordsman/png/3x/demon-swordsman-charge-stab/demon-swordsman-charge-stab5.png","Resources","675","未被正式场景、预设、构建配置或动态加载路径引用"
"Assets/Resources/pixramen-valley-asset-pack-v2/pixramen-valley-asset-pack-v2/demon-swordsman/png/3x/demon-swordsman-charge-stab/demon-swordsman-charge-stab6.png","Resources","679","未被正式场景、预设、构建配置或动态加载路径引用"
"Assets/Resources/pixramen-valley-asset-pack-v2/pixramen-valley-asset-pack-v2/demon-swordsman/png/3x/demon-swordsman-charge-stab/demon-swordsman-charge-stab7.png","Resources","679","未被正式场景、预设、构建配置或动态加载路径引用"
"Assets/Resources/pixramen-valley-asset-pack-v2/pixramen-valley-asset-pack-v2/demon-swordsman/png/3x/demon-swordsman-charge-stab/demon-swordsman-charge-stab8.png","Resources","614","未被正式场景、预设、构建配置或动态加载路径引用"
"Assets/Resources/pixramen-valley-asset-pack-v2/pixramen-valley-asset-pack-v2/demon-swordsman/png/3x/demon-swordsman-charge-stab/demon-swordsman-charge-stab9.png","Resources","643","未被正式场景、预设、构建配置或动态加载路径引用"
"Assets/Resources/pixramen-valley-asset-pack-v2/pixramen-valley-asset-pack-v2/demon-swordsman/png/3x/demon-swordsman-dead-falling/demon-swordsman-dead-falling.png","Resources","614","未被正式场景、预设、构建配置或动态加载路径引用"
"Assets/Resources/pixramen-valley-asset-pack-v2/pixramen-valley-asset-pack-v2/demon-swordsman/png/3x/demon-swordsman-dead-grounded/demon-swordsman-dead-grounded1.png","Resources","469","未被正式场景、预设、构建配置或动态加载路径引用"
"Assets/Resources/pixramen-valley-asset-pack-v2/pixramen-valley-asset-pack-v2/demon-swordsman/png/3x/demon-swordsman-dead-grounded/demon-swordsman-dead-grounded2.png","Resources","488","未被正式场景、预设、构建配置或动态加载路径引用"
"Assets/Resources/pixramen-valley-asset-pack-v2/pixramen-valley-asset-pack-v2/demon-swordsman/png/3x/demon-swordsman-dead-grounded/demon-swordsman-dead-grounded3.png","Resources","469","未被正式场景、预设、构建配置或动态加载路径引用"
"Assets/Resources/pixramen-valley-asset-pack-v2/pixramen-valley-asset-pack-v2/demon-swordsman/png/3x/demon-swordsman-dead-grounded/demon-swordsman-dead-grounded4.png","Resources","470","未被正式场景、预设、构建配置或动态加载路径引用"
"Assets/Resources/pixramen-valley-asset-pack-v2/pixramen-valley-asset-pack-v2/demon-swordsman/png/3x/demon-swordsman-dead-grounded/demon-swordsman-dead-grounded5.png","Resources","472","未被正式场景、预设、构建配置或动态加载路径引用"
"Assets/Resources/pixramen-valley-asset-pack-v2/pixramen-valley-asset-pack-v2/demon-swordsman/png/3x/demon-swordsman-dead-grounded/demon-swordsman-dead-grounded6.png","Resources","467","未被正式场景、预设、构建配置或动态加载路径引用"
"Assets/Resources/pixramen-valley-asset-pack-v2/pixramen-valley-asset-pack-v2/demon-swordsman/png/3x/demon-swordsman-falling/demon-swordsman-falling.png","Resources","683","未被正式场景、预设、构建配置或动态加载路径引用"
"Assets/Resources/pixramen-valley-asset-pack-v2/pixramen-valley-asset-pack-v2/demon-swordsman/png/3x/demon-swordsman-fall-recovery/demon-swordsman-fall-recovery1.png","Resources","636","未被正式场景、预设、构建配置或动态加载路径引用"
"Assets/Resources/pixramen-valley-asset-pack-v2/pixramen-valley-asset-pack-v2/demon-swordsman/png/3x/demon-swordsman-fall-recovery/demon-swordsman-fall-recovery2.png","Resources","659","未被正式场景、预设、构建配置或动态加载路径引用"
"Assets/Resources/pixramen-valley-asset-pack-v2/pixramen-valley-asset-pack-v2/demon-swordsman/png/3x/demon-swordsman-idle/demon-swordsman-idle1.png","Resources","703","未被正式场景、预设、构建配置或动态加载路径引用"
"Assets/Resources/pixramen-valley-asset-pack-v2/pixramen-valley-asset-pack-v2/demon-swordsman/png/3x/demon-swordsman-idle/demon-swordsman-idle2.png","Resources","707","未被正式场景、预设、构建配置或动态加载路径引用"
"Assets/Resources/pixramen-valley-asset-pack-v2/pixramen-valley-asset-pack-v2/demon-swordsman/png/3x/demon-swordsman-jumping/demon-swordsman-jumping.png","Resources","682","未被正式场景、预设、构建配置或动态加载路径引用"
"Assets/Resources/pixramen-valley-asset-pack-v2/pixramen-valley-asset-pack-v2/demon-swordsman/png/3x/demon-swordsman-knockback/demon-swordsman-knockback.png","Resources","666","未被正式场景、预设、构建配置或动态加载路径引用"
"Assets/Resources/pixramen-valley-asset-pack-v2/pixramen-valley-asset-pack-v2/demon-swordsman/png/3x/demon-swordsman-moving/demon-swordsman-moving1.png","Resources","719","未被正式场景、预设、构建配置或动态加载路径引用"
"Assets/Resources/pixramen-valley-asset-pack-v2/pixramen-valley-asset-pack-v2/demon-swordsman/png/3x/demon-swordsman-moving/demon-swordsman-moving2.png","Resources","729","未被正式场景、预设、构建配置或动态加载路径引用"
"Assets/Resources/pixramen-valley-asset-pack-v2/pixramen-valley-asset-pack-v2/demon-swordsman/png/3x/demon-swordsman-moving/demon-swordsman-moving3.png","Resources","699","未被正式场景、预设、构建配置或动态加载路径引用"
"Assets/Resources/pixramen-valley-asset-pack-v2/pixramen-valley-asset-pack-v2/demon-swordsman/png/3x/demon-swordsman-moving/demon-swordsman-moving4.png","Resources","686","未被正式场景、预设、构建配置或动态加载路径引用"
"Assets/Resources/pixramen-valley-asset-pack-v2/pixramen-valley-asset-pack-v2/demon-swordsman/png/3x/demon-swordsman-moving/demon-swordsman-moving5.png","Resources","701","未被正式场景、预设、构建配置或动态加载路径引用"
"Assets/Resources/pixramen-valley-asset-pack-v2/pixramen-valley-asset-pack-v2/demon-swordsman/png/3x/demon-swordsman-moving/demon-swordsman-moving6.png","Resources","708","未被正式场景、预设、构建配置或动态加载路径引用"
"Assets/Resources/pixramen-valley-asset-pack-v2/pixramen-valley-asset-pack-v2/demon-swordsman/png/3x/demon-swordsman-moving/demon-swordsman-moving7.png","Resources","687","未被正式场景、预设、构建配置或动态加载路径引用"
"Assets/Resources/pixramen-valley-asset-pack-v2/pixramen-valley-asset-pack-v2/demon-swordsman/png/3x/demon-swordsman-moving/demon-swordsman-moving8.png","Resources","678","未被正式场景、预设、构建配置或动态加载路径引用"
"Assets/Resources/pixramen-valley-asset-pack-v2/pixramen-valley-asset-pack-v2/demon-swordsman/png/3x/demon-swordsman-prepare-jump/demon-swordsman-prepare-jump1.png","Resources","681","未被正式场景、预设、构建配置或动态加载路径引用"
"Assets/Resources/pixramen-valley-asset-pack-v2/pixramen-valley-asset-pack-v2/demon-swordsman/png/3x/demon-swordsman-prepare-jump/demon-swordsman-prepare-jump2.png","Resources","659","未被正式场景、预设、构建配置或动态加载路径引用"
"Assets/Resources/pixramen-valley-asset-pack-v2/pixramen-valley-asset-pack-v2/demon-swordsman/png/3x/demon-swordsman-prepare-jump/demon-swordsman-prepare-jump3.png","Resources","636","未被正式场景、预设、构建配置或动态加载路径引用"
"Assets/Resources/pixramen-valley-asset-pack-v2/pixramen-valley-asset-pack-v2/demon-swordsman/png/4x/demon-swordsman-attack-landed/demon-swordsman-attack-landed1.png","Resources","1005","未被正式场景、预设、构建配置或动态加载路径引用"
"Assets/Resources/pixramen-valley-asset-pack-v2/pixramen-valley-asset-pack-v2/demon-swordsman/png/4x/demon-swordsman-attack-landed/demon-swordsman-attack-landed2.png","Resources","887","未被正式场景、预设、构建配置或动态加载路径引用"
"Assets/Resources/pixramen-valley-asset-pack-v2/pixramen-valley-asset-pack-v2/demon-swordsman/png/4x/demon-swordsman-attack-landed/demon-swordsman-attack-landed3.png","Resources","1021","未被正式场景、预设、构建配置或动态加载路径引用"
"Assets/Resources/pixramen-valley-asset-pack-v2/pixramen-valley-asset-pack-v2/demon-swordsman/png/4x/demon-swordsman-attack-landed/demon-swordsman-attack-landed4.png","Resources","1026","未被正式场景、预设、构建配置或动态加载路径引用"
"Assets/Resources/pixramen-valley-asset-pack-v2/pixramen-valley-asset-pack-v2/demon-swordsman/png/4x/demon-swordsman-attack-landed/demon-swordsman-attack-landed5.png","Resources","992","未被正式场景、预设、构建配置或动态加载路径引用"
"Assets/Resources/pixramen-valley-asset-pack-v2/pixramen-valley-asset-pack-v2/demon-swordsman/png/4x/demon-swordsman-attack-landed/demon-swordsman-attack-landed6.png","Resources","891","未被正式场景、预设、构建配置或动态加载路径引用"
"Assets/Resources/pixramen-valley-asset-pack-v2/pixramen-valley-asset-pack-v2/demon-swordsman/png/4x/demon-swordsman-attack-leap/demon-swordsman-attack-leap1.png","Resources","775","未被正式场景、预设、构建配置或动态加载路径引用"
"Assets/Resources/pixramen-valley-asset-pack-v2/pixramen-valley-asset-pack-v2/demon-swordsman/png/4x/demon-swordsman-attack-leap/demon-swordsman-attack-leap2.png","Resources","815","未被正式场景、预设、构建配置或动态加载路径引用"
"Assets/Resources/pixramen-valley-asset-pack-v2/pixramen-valley-asset-pack-v2/demon-swordsman/png/4x/demon-swordsman-attack-leap-effect/demon-swordsman-attack-leap-effect1.png","Resources","468","未被正式场景、预设、构建配置或动态加载路径引用"
"Assets/Resources/pixramen-valley-asset-pack-v2/pixramen-valley-asset-pack-v2/demon-swordsman/png/4x/demon-swordsman-attack-leap-effect/demon-swordsman-attack-leap-effect2.png","Resources","454","未被正式场景、预设、构建配置或动态加载路径引用"
"Assets/Resources/pixramen-valley-asset-pack-v2/pixramen-valley-asset-pack-v2/demon-swordsman/png/4x/demon-swordsman-attack-prepare-leap/demon-swordsman-attack-prepare-leap1.png","Resources","914","未被正式场景、预设、构建配置或动态加载路径引用"
"Assets/Resources/pixramen-valley-asset-pack-v2/pixramen-valley-asset-pack-v2/demon-swordsman/png/4x/demon-swordsman-attack-prepare-leap/demon-swordsman-attack-prepare-leap2.png","Resources","881","未被正式场景、预设、构建配置或动态加载路径引用"
"Assets/Resources/pixramen-valley-asset-pack-v2/pixramen-valley-asset-pack-v2/demon-swordsman/png/4x/demon-swordsman-attack-prepare-leap/demon-swordsman-attack-prepare-leap3.png","Resources","839","未被正式场景、预设、构建配置或动态加载路径引用"
"Assets/Resources/pixramen-valley-asset-pack-v2/pixramen-valley-asset-pack-v2/demon-swordsman/png/4x/demon-swordsman-charge-stab/demon-swordsman-charge-stab1.png","Resources","882","未被正式场景、预设、构建配置或动态加载路径引用"
"Assets/Resources/pixramen-valley-asset-pack-v2/pixramen-valley-asset-pack-v2/demon-swordsman/png/4x/demon-swordsman-charge-stab/demon-swordsman-charge-stab10.png","Resources","817","未被正式场景、预设、构建配置或动态加载路径引用"
"Assets/Resources/pixramen-valley-asset-pack-v2/pixramen-valley-asset-pack-v2/demon-swordsman/png/4x/demon-swordsman-charge-stab/demon-swordsman-charge-stab11.png","Resources","819","未被正式场景、预设、构建配置或动态加载路径引用"
"Assets/Resources/pixramen-valley-asset-pack-v2/pixramen-valley-asset-pack-v2/demon-swordsman/png/4x/demon-swordsman-charge-stab/demon-swordsman-charge-stab12.png","Resources","819","未被正式场景、预设、构建配置或动态加载路径引用"
"Assets/Resources/pixramen-valley-asset-pack-v2/pixramen-valley-asset-pack-v2/demon-swordsman/png/4x/demon-swordsman-charge-stab/demon-swordsman-charge-stab13.png","Resources","818","未被正式场景、预设、构建配置或动态加载路径引用"
"Assets/Resources/pixramen-valley-asset-pack-v2/pixramen-valley-asset-pack-v2/demon-swordsman/png/4x/demon-swordsman-charge-stab/demon-swordsman-charge-stab14.png","Resources","856","未被正式场景、预设、构建配置或动态加载路径引用"
"Assets/Resources/pixramen-valley-asset-pack-v2/pixramen-valley-asset-pack-v2/demon-swordsman/png/4x/demon-swordsman-charge-stab/demon-swordsman-charge-stab2.png","Resources","875","未被正式场景、预设、构建配置或动态加载路径引用"
"Assets/Resources/pixramen-valley-asset-pack-v2/pixramen-valley-asset-pack-v2/demon-swordsman/png/4x/demon-swordsman-charge-stab/demon-swordsman-charge-stab3.png","Resources","843","未被正式场景、预设、构建配置或动态加载路径引用"
"Assets/Resources/pixramen-valley-asset-pack-v2/pixramen-valley-asset-pack-v2/demon-swordsman/png/4x/demon-swordsman-charge-stab/demon-swordsman-charge-stab4.png","Resources","843","未被正式场景、预设、构建配置或动态加载路径引用"
"Assets/Resources/pixramen-valley-asset-pack-v2/pixramen-valley-asset-pack-v2/demon-swordsman/png/4x/demon-swordsman-charge-stab/demon-swordsman-charge-stab5.png","Resources","842","未被正式场景、预设、构建配置或动态加载路径引用"
"Assets/Resources/pixramen-valley-asset-pack-v2/pixramen-valley-asset-pack-v2/demon-swordsman/png/4x/demon-swordsman-charge-stab/demon-swordsman-charge-stab6.png","Resources","846","未被正式场景、预设、构建配置或动态加载路径引用"
"Assets/Resources/pixramen-valley-asset-pack-v2/pixramen-valley-asset-pack-v2/demon-swordsman/png/4x/demon-swordsman-charge-stab/demon-swordsman-charge-stab7.png","Resources","846","未被正式场景、预设、构建配置或动态加载路径引用"
"Assets/Resources/pixramen-valley-asset-pack-v2/pixramen-valley-asset-pack-v2/demon-swordsman/png/4x/demon-swordsman-charge-stab/demon-swordsman-charge-stab8.png","Resources","782","未被正式场景、预设、构建配置或动态加载路径引用"
"Assets/Resources/pixramen-valley-asset-pack-v2/pixramen-valley-asset-pack-v2/demon-swordsman/png/4x/demon-swordsman-charge-stab/demon-swordsman-charge-stab9.png","Resources","814","未被正式场景、预设、构建配置或动态加载路径引用"
"Assets/Resources/pixramen-valley-asset-pack-v2/pixramen-valley-asset-pack-v2/demon-swordsman/png/4x/demon-swordsman-dead-falling/demon-swordsman-dead-falling.png","Resources","788","未被正式场景、预设、构建配置或动态加载路径引用"
"Assets/Resources/pixramen-valley-asset-pack-v2/pixramen-valley-asset-pack-v2/demon-swordsman/png/4x/demon-swordsman-dead-grounded/demon-swordsman-dead-grounded1.png","Resources","609","未被正式场景、预设、构建配置或动态加载路径引用"
"Assets/Resources/pixramen-valley-asset-pack-v2/pixramen-valley-asset-pack-v2/demon-swordsman/png/4x/demon-swordsman-dead-grounded/demon-swordsman-dead-grounded2.png","Resources","627","未被正式场景、预设、构建配置或动态加载路径引用"
"Assets/Resources/pixramen-valley-asset-pack-v2/pixramen-valley-asset-pack-v2/demon-swordsman/png/4x/demon-swordsman-dead-grounded/demon-swordsman-dead-grounded3.png","Resources","609","未被正式场景、预设、构建配置或动态加载路径引用"
"Assets/Resources/pixramen-valley-asset-pack-v2/pixramen-valley-asset-pack-v2/demon-swordsman/png/4x/demon-swordsman-dead-grounded/demon-swordsman-dead-grounded4.png","Resources","608","未被正式场景、预设、构建配置或动态加载路径引用"
"Assets/Resources/pixramen-valley-asset-pack-v2/pixramen-valley-asset-pack-v2/demon-swordsman/png/4x/demon-swordsman-dead-grounded/demon-swordsman-dead-grounded5.png","Resources","611","未被正式场景、预设、构建配置或动态加载路径引用"
"Assets/Resources/pixramen-valley-asset-pack-v2/pixramen-valley-asset-pack-v2/demon-swordsman/png/4x/demon-swordsman-dead-grounded/demon-swordsman-dead-grounded6.png","Resources","608","未被正式场景、预设、构建配置或动态加载路径引用"
"Assets/Resources/pixramen-valley-asset-pack-v2/pixramen-valley-asset-pack-v2/demon-swordsman/png/4x/demon-swordsman-falling/demon-swordsman-falling.png","Resources","857","未被正式场景、预设、构建配置或动态加载路径引用"
"Assets/Resources/pixramen-valley-asset-pack-v2/pixramen-valley-asset-pack-v2/demon-swordsman/png/4x/demon-swordsman-fall-recovery/demon-swordsman-fall-recovery1.png","Resources","799","未被正式场景、预设、构建配置或动态加载路径引用"
"Assets/Resources/pixramen-valley-asset-pack-v2/pixramen-valley-asset-pack-v2/demon-swordsman/png/4x/demon-swordsman-fall-recovery/demon-swordsman-fall-recovery2.png","Resources","826","未被正式场景、预设、构建配置或动态加载路径引用"
"Assets/Resources/pixramen-valley-asset-pack-v2/pixramen-valley-asset-pack-v2/demon-swordsman/png/4x/demon-swordsman-idle/demon-swordsman-idle1.png","Resources","877","未被正式场景、预设、构建配置或动态加载路径引用"
"Assets/Resources/pixramen-valley-asset-pack-v2/pixramen-valley-asset-pack-v2/demon-swordsman/png/4x/demon-swordsman-idle/demon-swordsman-idle2.png","Resources","874","未被正式场景、预设、构建配置或动态加载路径引用"
"Assets/Resources/pixramen-valley-asset-pack-v2/pixramen-valley-asset-pack-v2/demon-swordsman/png/4x/demon-swordsman-jumping/demon-swordsman-jumping.png","Resources","857","未被正式场景、预设、构建配置或动态加载路径引用"
"Assets/Resources/pixramen-valley-asset-pack-v2/pixramen-valley-asset-pack-v2/demon-swordsman/png/4x/demon-swordsman-knockback/demon-swordsman-knockback.png","Resources","843","未被正式场景、预设、构建配置或动态加载路径引用"
"Assets/Resources/pixramen-valley-asset-pack-v2/pixramen-valley-asset-pack-v2/demon-swordsman/png/4x/demon-swordsman-moving/demon-swordsman-moving1.png","Resources","901","未被正式场景、预设、构建配置或动态加载路径引用"
"Assets/Resources/pixramen-valley-asset-pack-v2/pixramen-valley-asset-pack-v2/demon-swordsman/png/4x/demon-swordsman-moving/demon-swordsman-moving2.png","Resources","913","未被正式场景、预设、构建配置或动态加载路径引用"
"Assets/Resources/pixramen-valley-asset-pack-v2/pixramen-valley-asset-pack-v2/demon-swordsman/png/4x/demon-swordsman-moving/demon-swordsman-moving3.png","Resources","876","未被正式场景、预设、构建配置或动态加载路径引用"
"Assets/Resources/pixramen-valley-asset-pack-v2/pixramen-valley-asset-pack-v2/demon-swordsman/png/4x/demon-swordsman-moving/demon-swordsman-moving4.png","Resources","861","未被正式场景、预设、构建配置或动态加载路径引用"
"Assets/Resources/pixramen-valley-asset-pack-v2/pixramen-valley-asset-pack-v2/demon-swordsman/png/4x/demon-swordsman-moving/demon-swordsman-moving5.png","Resources","882","未被正式场景、预设、构建配置或动态加载路径引用"
"Assets/Resources/pixramen-valley-asset-pack-v2/pixramen-valley-asset-pack-v2/demon-swordsman/png/4x/demon-swordsman-moving/demon-swordsman-moving6.png","Resources","896","未被正式场景、预设、构建配置或动态加载路径引用"
"Assets/Resources/pixramen-valley-asset-pack-v2/pixramen-valley-asset-pack-v2/demon-swordsman/png/4x/demon-swordsman-moving/demon-swordsman-moving7.png","Resources","863","未被正式场景、预设、构建配置或动态加载路径引用"
"Assets/Resources/pixramen-valley-asset-pack-v2/pixramen-valley-asset-pack-v2/demon-swordsman/png/4x/demon-swordsman-moving/demon-swordsman-moving8.png","Resources","852","未被正式场景、预设、构建配置或动态加载路径引用"
"Assets/Resources/pixramen-valley-asset-pack-v2/pixramen-valley-asset-pack-v2/demon-swordsman/png/4x/demon-swordsman-prepare-jump/demon-swordsman-prepare-jump1.png","Resources","853","未被正式场景、预设、构建配置或动态加载路径引用"
"Assets/Resources/pixramen-valley-asset-pack-v2/pixramen-valley-asset-pack-v2/demon-swordsman/png/4x/demon-swordsman-prepare-jump/demon-swordsman-prepare-jump2.png","Resources","826","未被正式场景、预设、构建配置或动态加载路径引用"
"Assets/Resources/pixramen-valley-asset-pack-v2/pixramen-valley-asset-pack-v2/demon-swordsman/png/4x/demon-swordsman-prepare-jump/demon-swordsman-prepare-jump3.png","Resources","799","未被正式场景、预设、构建配置或动态加载路径引用"
"Assets/Resources/pixramen-valley-asset-pack-v2/pixramen-valley-asset-pack-v2/demon-swordsman/png/5x/demon-swordsman-attack-landed/demon-swordsman-attack-landed1.png","Resources","1234","未被正式场景、预设、构建配置或动态加载路径引用"
"Assets/Resources/pixramen-valley-asset-pack-v2/pixramen-valley-asset-pack-v2/demon-swordsman/png/5x/demon-swordsman-attack-landed/demon-swordsman-attack-landed2.png","Resources","1097","未被正式场景、预设、构建配置或动态加载路径引用"
"Assets/Resources/pixramen-valley-asset-pack-v2/pixramen-valley-asset-pack-v2/demon-swordsman/png/5x/demon-swordsman-attack-landed/demon-swordsman-attack-landed3.png","Resources","1247","未被正式场景、预设、构建配置或动态加载路径引用"
"Assets/Resources/pixramen-valley-asset-pack-v2/pixramen-valley-asset-pack-v2/demon-swordsman/png/5x/demon-swordsman-attack-landed/demon-swordsman-attack-landed4.png","Resources","1234","未被正式场景、预设、构建配置或动态加载路径引用"
"Assets/Resources/pixramen-valley-asset-pack-v2/pixramen-valley-asset-pack-v2/demon-swordsman/png/5x/demon-swordsman-attack-landed/demon-swordsman-attack-landed5.png","Resources","1218","未被正式场景、预设、构建配置或动态加载路径引用"
"Assets/Resources/pixramen-valley-asset-pack-v2/pixramen-valley-asset-pack-v2/demon-swordsman/png/5x/demon-swordsman-attack-landed/demon-swordsman-attack-landed6.png","Resources","1118","未被正式场景、预设、构建配置或动态加载路径引用"
"Assets/Resources/pixramen-valley-asset-pack-v2/pixramen-valley-asset-pack-v2/demon-swordsman/png/5x/demon-swordsman-attack-leap/demon-swordsman-attack-leap1.png","Resources","969","未被正式场景、预设、构建配置或动态加载路径引用"
"Assets/Resources/pixramen-valley-asset-pack-v2/pixramen-valley-asset-pack-v2/demon-swordsman/png/5x/demon-swordsman-attack-leap/demon-swordsman-attack-leap2.png","Resources","1004","未被正式场景、预设、构建配置或动态加载路径引用"
"Assets/Resources/pixramen-valley-asset-pack-v2/pixramen-valley-asset-pack-v2/demon-swordsman/png/5x/demon-swordsman-attack-leap-effect/demon-swordsman-attack-leap-effect1.png","Resources","620","未被正式场景、预设、构建配置或动态加载路径引用"
"Assets/Resources/pixramen-valley-asset-pack-v2/pixramen-valley-asset-pack-v2/demon-swordsman/png/5x/demon-swordsman-attack-leap-effect/demon-swordsman-attack-leap-effect2.png","Resources","611","未被正式场景、预设、构建配置或动态加载路径引用"
"Assets/Resources/pixramen-valley-asset-pack-v2/pixramen-valley-asset-pack-v2/demon-swordsman/png/5x/demon-swordsman-attack-prepare-leap/demon-swordsman-attack-prepare-leap1.png","Resources","1147","未被正式场景、预设、构建配置或动态加载路径引用"
"Assets/Resources/pixramen-valley-asset-pack-v2/pixramen-valley-asset-pack-v2/demon-swordsman/png/5x/demon-swordsman-attack-prepare-leap/demon-swordsman-attack-prepare-leap2.png","Resources","1106","未被正式场景、预设、构建配置或动态加载路径引用"
"Assets/Resources/pixramen-valley-asset-pack-v2/pixramen-valley-asset-pack-v2/demon-swordsman/png/5x/demon-swordsman-attack-prepare-leap/demon-swordsman-attack-prepare-leap3.png","Resources","1055","未被正式场景、预设、构建配置或动态加载路径引用"
"Assets/Resources/pixramen-valley-asset-pack-v2/pixramen-valley-asset-pack-v2/demon-swordsman/png/5x/demon-swordsman-charge-stab/demon-swordsman-charge-stab1.png","Resources","1083","未被正式场景、预设、构建配置或动态加载路径引用"
"Assets/Resources/pixramen-valley-asset-pack-v2/pixramen-valley-asset-pack-v2/demon-swordsman/png/5x/demon-swordsman-charge-stab/demon-swordsman-charge-stab10.png","Resources","1005","未被正式场景、预设、构建配置或动态加载路径引用"
"Assets/Resources/pixramen-valley-asset-pack-v2/pixramen-valley-asset-pack-v2/demon-swordsman/png/5x/demon-swordsman-charge-stab/demon-swordsman-charge-stab11.png","Resources","1000","未被正式场景、预设、构建配置或动态加载路径引用"
"Assets/Resources/pixramen-valley-asset-pack-v2/pixramen-valley-asset-pack-v2/demon-swordsman/png/5x/demon-swordsman-charge-stab/demon-swordsman-charge-stab12.png","Resources","1000","未被正式场景、预设、构建配置或动态加载路径引用"
"Assets/Resources/pixramen-valley-asset-pack-v2/pixramen-valley-asset-pack-v2/demon-swordsman/png/5x/demon-swordsman-charge-stab/demon-swordsman-charge-stab13.png","Resources","1013","未被正式场景、预设、构建配置或动态加载路径引用"
"Assets/Resources/pixramen-valley-asset-pack-v2/pixramen-valley-asset-pack-v2/demon-swordsman/png/5x/demon-swordsman-charge-stab/demon-swordsman-charge-stab14.png","Resources","1044","未被正式场景、预设、构建配置或动态加载路径引用"
"Assets/Resources/pixramen-valley-asset-pack-v2/pixramen-valley-asset-pack-v2/demon-swordsman/png/5x/demon-swordsman-charge-stab/demon-swordsman-charge-stab2.png","Resources","1072","未被正式场景、预设、构建配置或动态加载路径引用"
"Assets/Resources/pixramen-valley-asset-pack-v2/pixramen-valley-asset-pack-v2/demon-swordsman/png/5x/demon-swordsman-charge-stab/demon-swordsman-charge-stab3.png","Resources","1037","未被正式场景、预设、构建配置或动态加载路径引用"
"Assets/Resources/pixramen-valley-asset-pack-v2/pixramen-valley-asset-pack-v2/demon-swordsman/png/5x/demon-swordsman-charge-stab/demon-swordsman-charge-stab4.png","Resources","1037","未被正式场景、预设、构建配置或动态加载路径引用"
"Assets/Resources/pixramen-valley-asset-pack-v2/pixramen-valley-asset-pack-v2/demon-swordsman/png/5x/demon-swordsman-charge-stab/demon-swordsman-charge-stab5.png","Resources","1036","未被正式场景、预设、构建配置或动态加载路径引用"
"Assets/Resources/pixramen-valley-asset-pack-v2/pixramen-valley-asset-pack-v2/demon-swordsman/png/5x/demon-swordsman-charge-stab/demon-swordsman-charge-stab6.png","Resources","1039","未被正式场景、预设、构建配置或动态加载路径引用"
"Assets/Resources/pixramen-valley-asset-pack-v2/pixramen-valley-asset-pack-v2/demon-swordsman/png/5x/demon-swordsman-charge-stab/demon-swordsman-charge-stab7.png","Resources","1039","未被正式场景、预设、构建配置或动态加载路径引用"
"Assets/Resources/pixramen-valley-asset-pack-v2/pixramen-valley-asset-pack-v2/demon-swordsman/png/5x/demon-swordsman-charge-stab/demon-swordsman-charge-stab8.png","Resources","970","未被正式场景、预设、构建配置或动态加载路径引用"
"Assets/Resources/pixramen-valley-asset-pack-v2/pixramen-valley-asset-pack-v2/demon-swordsman/png/5x/demon-swordsman-charge-stab/demon-swordsman-charge-stab9.png","Resources","999","未被正式场景、预设、构建配置或动态加载路径引用"
"Assets/Resources/pixramen-valley-asset-pack-v2/pixramen-valley-asset-pack-v2/demon-swordsman/png/5x/demon-swordsman-dead-falling/demon-swordsman-dead-falling.png","Resources","962","未被正式场景、预设、构建配置或动态加载路径引用"
"Assets/Resources/pixramen-valley-asset-pack-v2/pixramen-valley-asset-pack-v2/demon-swordsman/png/5x/demon-swordsman-dead-grounded/demon-swordsman-dead-grounded1.png","Resources","769","未被正式场景、预设、构建配置或动态加载路径引用"
"Assets/Resources/pixramen-valley-asset-pack-v2/pixramen-valley-asset-pack-v2/demon-swordsman/png/5x/demon-swordsman-dead-grounded/demon-swordsman-dead-grounded2.png","Resources","788","未被正式场景、预设、构建配置或动态加载路径引用"
"Assets/Resources/pixramen-valley-asset-pack-v2/pixramen-valley-asset-pack-v2/demon-swordsman/png/5x/demon-swordsman-dead-grounded/demon-swordsman-dead-grounded3.png","Resources","769","未被正式场景、预设、构建配置或动态加载路径引用"
"Assets/Resources/pixramen-valley-asset-pack-v2/pixramen-valley-asset-pack-v2/demon-swordsman/png/5x/demon-swordsman-dead-grounded/demon-swordsman-dead-grounded4.png","Resources","771","未被正式场景、预设、构建配置或动态加载路径引用"
"Assets/Resources/pixramen-valley-asset-pack-v2/pixramen-valley-asset-pack-v2/demon-swordsman/png/5x/demon-swordsman-dead-grounded/demon-swordsman-dead-grounded5.png","Resources","774","未被正式场景、预设、构建配置或动态加载路径引用"
"Assets/Resources/pixramen-valley-asset-pack-v2/pixramen-valley-asset-pack-v2/demon-swordsman/png/5x/demon-swordsman-dead-grounded/demon-swordsman-dead-grounded6.png","Resources","767","未被正式场景、预设、构建配置或动态加载路径引用"
"Assets/Resources/pixramen-valley-asset-pack-v2/pixramen-valley-asset-pack-v2/demon-swordsman/png/5x/demon-swordsman-falling/demon-swordsman-falling.png","Resources","1055","未被正式场景、预设、构建配置或动态加载路径引用"
"Assets/Resources/pixramen-valley-asset-pack-v2/pixramen-valley-asset-pack-v2/demon-swordsman/png/5x/demon-swordsman-fall-recovery/demon-swordsman-fall-recovery1.png","Resources","991","未被正式场景、预设、构建配置或动态加载路径引用"
"Assets/Resources/pixramen-valley-asset-pack-v2/pixramen-valley-asset-pack-v2/demon-swordsman/png/5x/demon-swordsman-fall-recovery/demon-swordsman-fall-recovery2.png","Resources","1016","未被正式场景、预设、构建配置或动态加载路径引用"
"Assets/Resources/pixramen-valley-asset-pack-v2/pixramen-valley-asset-pack-v2/demon-swordsman/png/5x/demon-swordsman-idle/demon-swordsman-idle1.png","Resources","1081","未被正式场景、预设、构建配置或动态加载路径引用"
"Assets/Resources/pixramen-valley-asset-pack-v2/pixramen-valley-asset-pack-v2/demon-swordsman/png/5x/demon-swordsman-idle/demon-swordsman-idle2.png","Resources","1072","未被正式场景、预设、构建配置或动态加载路径引用"
"Assets/Resources/pixramen-valley-asset-pack-v2/pixramen-valley-asset-pack-v2/demon-swordsman/png/5x/demon-swordsman-jumping/demon-swordsman-jumping.png","Resources","1057","未被正式场景、预设、构建配置或动态加载路径引用"
"Assets/Resources/pixramen-valley-asset-pack-v2/pixramen-valley-asset-pack-v2/demon-swordsman/png/5x/demon-swordsman-knockback/demon-swordsman-knockback.png","Resources","1028","未被正式场景、预设、构建配置或动态加载路径引用"
"Assets/Resources/pixramen-valley-asset-pack-v2/pixramen-valley-asset-pack-v2/demon-swordsman/png/5x/demon-swordsman-moving/demon-swordsman-moving1.png","Resources","1101","未被正式场景、预设、构建配置或动态加载路径引用"
"Assets/Resources/pixramen-valley-asset-pack-v2/pixramen-valley-asset-pack-v2/demon-swordsman/png/5x/demon-swordsman-moving/demon-swordsman-moving2.png","Resources","1118","未被正式场景、预设、构建配置或动态加载路径引用"
"Assets/Resources/pixramen-valley-asset-pack-v2/pixramen-valley-asset-pack-v2/demon-swordsman/png/5x/demon-swordsman-moving/demon-swordsman-moving3.png","Resources","1073","未被正式场景、预设、构建配置或动态加载路径引用"
"Assets/Resources/pixramen-valley-asset-pack-v2/pixramen-valley-asset-pack-v2/demon-swordsman/png/5x/demon-swordsman-moving/demon-swordsman-moving4.png","Resources","1057","未被正式场景、预设、构建配置或动态加载路径引用"
"Assets/Resources/pixramen-valley-asset-pack-v2/pixramen-valley-asset-pack-v2/demon-swordsman/png/5x/demon-swordsman-moving/demon-swordsman-moving5.png","Resources","1079","未被正式场景、预设、构建配置或动态加载路径引用"
"Assets/Resources/pixramen-valley-asset-pack-v2/pixramen-valley-asset-pack-v2/demon-swordsman/png/5x/demon-swordsman-moving/demon-swordsman-moving6.png","Resources","1094","未被正式场景、预设、构建配置或动态加载路径引用"
"Assets/Resources/pixramen-valley-asset-pack-v2/pixramen-valley-asset-pack-v2/demon-swordsman/png/5x/demon-swordsman-moving/demon-swordsman-moving7.png","Resources","1057","未被正式场景、预设、构建配置或动态加载路径引用"
"Assets/Resources/pixramen-valley-asset-pack-v2/pixramen-valley-asset-pack-v2/demon-swordsman/png/5x/demon-swordsman-moving/demon-swordsman-moving8.png","Resources","1048","未被正式场景、预设、构建配置或动态加载路径引用"
"Assets/Resources/pixramen-valley-asset-pack-v2/pixramen-valley-asset-pack-v2/demon-swordsman/png/5x/demon-swordsman-prepare-jump/demon-swordsman-prepare-jump1.png","Resources","1057","未被正式场景、预设、构建配置或动态加载路径引用"
"Assets/Resources/pixramen-valley-asset-pack-v2/pixramen-valley-asset-pack-v2/demon-swordsman/png/5x/demon-swordsman-prepare-jump/demon-swordsman-prepare-jump2.png","Resources","1016","未被正式场景、预设、构建配置或动态加载路径引用"
"Assets/Resources/pixramen-valley-asset-pack-v2/pixramen-valley-asset-pack-v2/demon-swordsman/png/5x/demon-swordsman-prepare-jump/demon-swordsman-prepare-jump3.png","Resources","991","未被正式场景、预设、构建配置或动态加载路径引用"
"Assets/Resources/pixramen-valley-asset-pack-v2/pixramen-valley-asset-pack-v2/demon-swordsman/preview_gif/preview-demon-swordsman-charge-stab.gif","Resources","8186","未被正式场景、预设、构建配置或动态加载路径引用"
"Assets/Resources/pixramen-valley-asset-pack-v2/pixramen-valley-asset-pack-v2/demon-swordsman/preview_gif/preview-demon-swordsman-death.gif","Resources","7668","未被正式场景、预设、构建配置或动态加载路径引用"
"Assets/Resources/pixramen-valley-asset-pack-v2/pixramen-valley-asset-pack-v2/demon-swordsman/preview_gif/preview-demon-swordsman-idle.gif","Resources","1226","未被正式场景、预设、构建配置或动态加载路径引用"
"Assets/Resources/pixramen-valley-asset-pack-v2/pixramen-valley-asset-pack-v2/demon-swordsman/preview_gif/preview-demon-swordsman-jump-fall.gif","Resources","6339","未被正式场景、预设、构建配置或动态加载路径引用"
"Assets/Resources/pixramen-valley-asset-pack-v2/pixramen-valley-asset-pack-v2/demon-swordsman/preview_gif/preview-demon-swordsman-jump-slash.gif","Resources","10837","未被正式场景、预设、构建配置或动态加载路径引用"
"Assets/Resources/pixramen-valley-asset-pack-v2/pixramen-valley-asset-pack-v2/demon-swordsman/preview_gif/preview-demon-swordsman-knockback.gif","Resources","1221","未被正式场景、预设、构建配置或动态加载路径引用"
"Assets/Resources/pixramen-valley-asset-pack-v2/pixramen-valley-asset-pack-v2/demon-swordsman/preview_gif/preview-demon-swordsman-walk.gif","Resources","4805","未被正式场景、预设、构建配置或动态加载路径引用"
"Assets/Resources/pixramen-valley-asset-pack-v2/pixramen-valley-asset-pack-v2/demon-swordsman/spritesheets/1x/demon-swordsman-attack-landed.png","Resources","1692","未被正式场景、预设、构建配置或动态加载路径引用"
"Assets/Resources/pixramen-valley-asset-pack-v2/pixramen-valley-asset-pack-v2/demon-swordsman/spritesheets/1x/demon-swordsman-attack-leap.png","Resources","528","未被正式场景、预设、构建配置或动态加载路径引用"
"Assets/Resources/pixramen-valley-asset-pack-v2/pixramen-valley-asset-pack-v2/demon-swordsman/spritesheets/1x/demon-swordsman-attack-leap-effect.png","Resources","233","未被正式场景、预设、构建配置或动态加载路径引用"
"Assets/Resources/pixramen-valley-asset-pack-v2/pixramen-valley-asset-pack-v2/demon-swordsman/spritesheets/1x/demon-swordsman-attack-prepare-leap.png","Resources","686","未被正式场景、预设、构建配置或动态加载路径引用"
"Assets/Resources/pixramen-valley-asset-pack-v2/pixramen-valley-asset-pack-v2/demon-swordsman/spritesheets/1x/demon-swordsman-charge-stab.png","Resources","1923","未被正式场景、预设、构建配置或动态加载路径引用"
"Assets/Resources/pixramen-valley-asset-pack-v2/pixramen-valley-asset-pack-v2/demon-swordsman/spritesheets/1x/demon-swordsman-dead-falling.png","Resources","370","未被正式场景、预设、构建配置或动态加载路径引用"
"Assets/Resources/pixramen-valley-asset-pack-v2/pixramen-valley-asset-pack-v2/demon-swordsman/spritesheets/1x/demon-swordsman-dead-grounded.png","Resources","601","未被正式场景、预设、构建配置或动态加载路径引用"
"Assets/Resources/pixramen-valley-asset-pack-v2/pixramen-valley-asset-pack-v2/demon-swordsman/spritesheets/1x/demon-swordsman-falling.png","Resources","418","未被正式场景、预设、构建配置或动态加载路径引用"
"Assets/Resources/pixramen-valley-asset-pack-v2/pixramen-valley-asset-pack-v2/demon-swordsman/spritesheets/1x/demon-swordsman-fall-recovery.png","Resources","525","未被正式场景、预设、构建配置或动态加载路径引用"
"Assets/Resources/pixramen-valley-asset-pack-v2/pixramen-valley-asset-pack-v2/demon-swordsman/spritesheets/1x/demon-swordsman-idle.png","Resources","544","未被正式场景、预设、构建配置或动态加载路径引用"
"Assets/Resources/pixramen-valley-asset-pack-v2/pixramen-valley-asset-pack-v2/demon-swordsman/spritesheets/1x/demon-swordsman-jumping.png","Resources","416","未被正式场景、预设、构建配置或动态加载路径引用"
"Assets/Resources/pixramen-valley-asset-pack-v2/pixramen-valley-asset-pack-v2/demon-swordsman/spritesheets/1x/demon-swordsman-knockback.png","Resources","392","未被正式场景、预设、构建配置或动态加载路径引用"
"Assets/Resources/pixramen-valley-asset-pack-v2/pixramen-valley-asset-pack-v2/demon-swordsman/spritesheets/1x/demon-swordsman-moving.png","Resources","1156","未被正式场景、预设、构建配置或动态加载路径引用"
"Assets/Resources/pixramen-valley-asset-pack-v2/pixramen-valley-asset-pack-v2/demon-swordsman/spritesheets/1x/demon-swordsman-prepare-jump.png","Resources","700","未被正式场景、预设、构建配置或动态加载路径引用"
"Assets/Resources/pixramen-valley-asset-pack-v2/pixramen-valley-asset-pack-v2/demon-swordsman/spritesheets/2x/demon-swordsman-attack-landed.png","Resources","2211","未被正式场景、预设、构建配置或动态加载路径引用"
"Assets/Resources/pixramen-valley-asset-pack-v2/pixramen-valley-asset-pack-v2/demon-swordsman/spritesheets/2x/demon-swordsman-attack-leap.png","Resources","714","未被正式场景、预设、构建配置或动态加载路径引用"
"Assets/Resources/pixramen-valley-asset-pack-v2/pixramen-valley-asset-pack-v2/demon-swordsman/spritesheets/2x/demon-swordsman-attack-leap-effect.png","Resources","367","未被正式场景、预设、构建配置或动态加载路径引用"
"Assets/Resources/pixramen-valley-asset-pack-v2/pixramen-valley-asset-pack-v2/demon-swordsman/spritesheets/2x/demon-swordsman-attack-prepare-leap.png","Resources","943","未被正式场景、预设、构建配置或动态加载路径引用"
"Assets/Resources/pixramen-valley-asset-pack-v2/pixramen-valley-asset-pack-v2/demon-swordsman/spritesheets/2x/demon-swordsman-charge-stab.png","Resources","2819","未被正式场景、预设、构建配置或动态加载路径引用"
"Assets/Resources/pixramen-valley-asset-pack-v2/pixramen-valley-asset-pack-v2/demon-swordsman/spritesheets/2x/demon-swordsman-dead-falling.png","Resources","498","未被正式场景、预设、构建配置或动态加载路径引用"
"Assets/Resources/pixramen-valley-asset-pack-v2/pixramen-valley-asset-pack-v2/demon-swordsman/spritesheets/2x/demon-swordsman-dead-grounded.png","Resources","945","未被正式场景、预设、构建配置或动态加载路径引用"
"Assets/Resources/pixramen-valley-asset-pack-v2/pixramen-valley-asset-pack-v2/demon-swordsman/spritesheets/2x/demon-swordsman-falling.png","Resources","562","未被正式场景、预设、构建配置或动态加载路径引用"
"Assets/Resources/pixramen-valley-asset-pack-v2/pixramen-valley-asset-pack-v2/demon-swordsman/spritesheets/2x/demon-swordsman-fall-recovery.png","Resources","697","未被正式场景、预设、构建配置或动态加载路径引用"
"Assets/Resources/pixramen-valley-asset-pack-v2/pixramen-valley-asset-pack-v2/demon-swordsman/spritesheets/2x/demon-swordsman-idle.png","Resources","754","未被正式场景、预设、构建配置或动态加载路径引用"
"Assets/Resources/pixramen-valley-asset-pack-v2/pixramen-valley-asset-pack-v2/demon-swordsman/spritesheets/2x/demon-swordsman-jumping.png","Resources","561","未被正式场景、预设、构建配置或动态加载路径引用"
"Assets/Resources/pixramen-valley-asset-pack-v2/pixramen-valley-asset-pack-v2/demon-swordsman/spritesheets/2x/demon-swordsman-knockback.png","Resources","544","未被正式场景、预设、构建配置或动态加载路径引用"
"Assets/Resources/pixramen-valley-asset-pack-v2/pixramen-valley-asset-pack-v2/demon-swordsman/spritesheets/2x/demon-swordsman-moving.png","Resources","1640","未被正式场景、预设、构建配置或动态加载路径引用"
"Assets/Resources/pixramen-valley-asset-pack-v2/pixramen-valley-asset-pack-v2/demon-swordsman/spritesheets/2x/demon-swordsman-prepare-jump.png","Resources","915","未被正式场景、预设、构建配置或动态加载路径引用"
"Assets/Resources/pixramen-valley-asset-pack-v2/pixramen-valley-asset-pack-v2/demon-swordsman/spritesheets/3x/demon-swordsman-attack-landed.png","Resources","3047","未被正式场景、预设、构建配置或动态加载路径引用"
"Assets/Resources/pixramen-valley-asset-pack-v2/pixramen-valley-asset-pack-v2/demon-swordsman/spritesheets/3x/demon-swordsman-attack-leap.png","Resources","917","未被正式场景、预设、构建配置或动态加载路径引用"
"Assets/Resources/pixramen-valley-asset-pack-v2/pixramen-valley-asset-pack-v2/demon-swordsman/spritesheets/3x/demon-swordsman-attack-leap-effect.png","Resources","546","未被正式场景、预设、构建配置或动态加载路径引用"
"Assets/Resources/pixramen-valley-asset-pack-v2/pixramen-valley-asset-pack-v2/demon-swordsman/spritesheets/3x/demon-swordsman-attack-prepare-leap.png","Resources","1308","未被正式场景、预设、构建配置或动态加载路径引用"
"Assets/Resources/pixramen-valley-asset-pack-v2/pixramen-valley-asset-pack-v2/demon-swordsman/spritesheets/3x/demon-swordsman-charge-stab.png","Resources","4294","未被正式场景、预设、构建配置或动态加载路径引用"
"Assets/Resources/pixramen-valley-asset-pack-v2/pixramen-valley-asset-pack-v2/demon-swordsman/spritesheets/3x/demon-swordsman-dead-falling.png","Resources","614","未被正式场景、预设、构建配置或动态加载路径引用"
"Assets/Resources/pixramen-valley-asset-pack-v2/pixramen-valley-asset-pack-v2/demon-swordsman/spritesheets/3x/demon-swordsman-dead-grounded.png","Resources","1477","未被正式场景、预设、构建配置或动态加载路径引用"
"Assets/Resources/pixramen-valley-asset-pack-v2/pixramen-valley-asset-pack-v2/demon-swordsman/spritesheets/3x/demon-swordsman-falling.png","Resources","683","未被正式场景、预设、构建配置或动态加载路径引用"
"Assets/Resources/pixramen-valley-asset-pack-v2/pixramen-valley-asset-pack-v2/demon-swordsman/spritesheets/3x/demon-swordsman-fall-recovery.png","Resources","900","未被正式场景、预设、构建配置或动态加载路径引用"
"Assets/Resources/pixramen-valley-asset-pack-v2/pixramen-valley-asset-pack-v2/demon-swordsman/spritesheets/3x/demon-swordsman-idle.png","Resources","959","未被正式场景、预设、构建配置或动态加载路径引用"
"Assets/Resources/pixramen-valley-asset-pack-v2/pixramen-valley-asset-pack-v2/demon-swordsman/spritesheets/3x/demon-swordsman-jumping.png","Resources","682","未被正式场景、预设、构建配置或动态加载路径引用"
"Assets/Resources/pixramen-valley-asset-pack-v2/pixramen-valley-asset-pack-v2/demon-swordsman/spritesheets/3x/demon-swordsman-knockback.png","Resources","666","未被正式场景、预设、构建配置或动态加载路径引用"
"Assets/Resources/pixramen-valley-asset-pack-v2/pixramen-valley-asset-pack-v2/demon-swordsman/spritesheets/3x/demon-swordsman-moving.png","Resources","2398","未被正式场景、预设、构建配置或动态加载路径引用"
"Assets/Resources/pixramen-valley-asset-pack-v2/pixramen-valley-asset-pack-v2/demon-swordsman/spritesheets/3x/demon-swordsman-prepare-jump.png","Resources","1220","未被正式场景、预设、构建配置或动态加载路径引用"
"Assets/Resources/pixramen-valley-asset-pack-v2/pixramen-valley-asset-pack-v2/demon-swordsman/spritesheets/4x/demon-swordsman-attack-landed.png","Resources","4047","未被正式场景、预设、构建配置或动态加载路径引用"
"Assets/Resources/pixramen-valley-asset-pack-v2/pixramen-valley-asset-pack-v2/demon-swordsman/spritesheets/4x/demon-swordsman-attack-leap.png","Resources","1217","未被正式场景、预设、构建配置或动态加载路径引用"
"Assets/Resources/pixramen-valley-asset-pack-v2/pixramen-valley-asset-pack-v2/demon-swordsman/spritesheets/4x/demon-swordsman-attack-leap-effect.png","Resources","799","未被正式场景、预设、构建配置或动态加载路径引用"
"Assets/Resources/pixramen-valley-asset-pack-v2/pixramen-valley-asset-pack-v2/demon-swordsman/spritesheets/4x/demon-swordsman-attack-prepare-leap.png","Resources","1876","未被正式场景、预设、构建配置或动态加载路径引用"
"Assets/Resources/pixramen-valley-asset-pack-v2/pixramen-valley-asset-pack-v2/demon-swordsman/spritesheets/4x/demon-swordsman-charge-stab.png","Resources","6381","未被正式场景、预设、构建配置或动态加载路径引用"
"Assets/Resources/pixramen-valley-asset-pack-v2/pixramen-valley-asset-pack-v2/demon-swordsman/spritesheets/4x/demon-swordsman-dead-falling.png","Resources","788","未被正式场景、预设、构建配置或动态加载路径引用"
"Assets/Resources/pixramen-valley-asset-pack-v2/pixramen-valley-asset-pack-v2/demon-swordsman/spritesheets/4x/demon-swordsman-dead-grounded.png","Resources","2207","未被正式场景、预设、构建配置或动态加载路径引用"
"Assets/Resources/pixramen-valley-asset-pack-v2/pixramen-valley-asset-pack-v2/demon-swordsman/spritesheets/4x/demon-swordsman-falling.png","Resources","857","未被正式场景、预设、构建配置或动态加载路径引用"
"Assets/Resources/pixramen-valley-asset-pack-v2/pixramen-valley-asset-pack-v2/demon-swordsman/spritesheets/4x/demon-swordsman-fall-recovery.png","Resources","1201","未被正式场景、预设、构建配置或动态加载路径引用"
"Assets/Resources/pixramen-valley-asset-pack-v2/pixramen-valley-asset-pack-v2/demon-swordsman/spritesheets/4x/demon-swordsman-idle.png","Resources","1266","未被正式场景、预设、构建配置或动态加载路径引用"
"Assets/Resources/pixramen-valley-asset-pack-v2/pixramen-valley-asset-pack-v2/demon-swordsman/spritesheets/4x/demon-swordsman-jumping.png","Resources","857","未被正式场景、预设、构建配置或动态加载路径引用"
"Assets/Resources/pixramen-valley-asset-pack-v2/pixramen-valley-asset-pack-v2/demon-swordsman/spritesheets/4x/demon-swordsman-knockback.png","Resources","843","未被正式场景、预设、构建配置或动态加载路径引用"
"Assets/Resources/pixramen-valley-asset-pack-v2/pixramen-valley-asset-pack-v2/demon-swordsman/spritesheets/4x/demon-swordsman-moving.png","Resources","3459","未被正式场景、预设、构建配置或动态加载路径引用"
"Assets/Resources/pixramen-valley-asset-pack-v2/pixramen-valley-asset-pack-v2/demon-swordsman/spritesheets/4x/demon-swordsman-prepare-jump.png","Resources","1719","未被正式场景、预设、构建配置或动态加载路径引用"
"Assets/Resources/pixramen-valley-asset-pack-v2/pixramen-valley-asset-pack-v2/demon-swordsman/spritesheets/5x/demon-swordsman-attack-landed.png","Resources","5578","未被正式场景、预设、构建配置或动态加载路径引用"
"Assets/Resources/pixramen-valley-asset-pack-v2/pixramen-valley-asset-pack-v2/demon-swordsman/spritesheets/5x/demon-swordsman-attack-leap.png","Resources","1588","未被正式场景、预设、构建配置或动态加载路径引用"
"Assets/Resources/pixramen-valley-asset-pack-v2/pixramen-valley-asset-pack-v2/demon-swordsman/spritesheets/5x/demon-swordsman-attack-leap-effect.png","Resources","1112","未被正式场景、预设、构建配置或动态加载路径引用"
"Assets/Resources/pixramen-valley-asset-pack-v2/pixramen-valley-asset-pack-v2/demon-swordsman/spritesheets/5x/demon-swordsman-attack-prepare-leap.png","Resources","2685","未被正式场景、预设、构建配置或动态加载路径引用"
"Assets/Resources/pixramen-valley-asset-pack-v2/pixramen-valley-asset-pack-v2/demon-swordsman/spritesheets/5x/demon-swordsman-charge-stab.png","Resources","8592","未被正式场景、预设、构建配置或动态加载路径引用"
"Assets/Resources/pixramen-valley-asset-pack-v2/pixramen-valley-asset-pack-v2/demon-swordsman/spritesheets/5x/demon-swordsman-dead-falling.png","Resources","962","未被正式场景、预设、构建配置或动态加载路径引用"
"Assets/Resources/pixramen-valley-asset-pack-v2/pixramen-valley-asset-pack-v2/demon-swordsman/spritesheets/5x/demon-swordsman-dead-grounded.png","Resources","3205","未被正式场景、预设、构建配置或动态加载路径引用"
"Assets/Resources/pixramen-valley-asset-pack-v2/pixramen-valley-asset-pack-v2/demon-swordsman/spritesheets/5x/demon-swordsman-falling.png","Resources","1055","未被正式场景、预设、构建配置或动态加载路径引用"
"Assets/Resources/pixramen-valley-asset-pack-v2/pixramen-valley-asset-pack-v2/demon-swordsman/spritesheets/5x/demon-swordsman-fall-recovery.png","Resources","1545","未被正式场景、预设、构建配置或动态加载路径引用"
"Assets/Resources/pixramen-valley-asset-pack-v2/pixramen-valley-asset-pack-v2/demon-swordsman/spritesheets/5x/demon-swordsman-idle.png","Resources","1639","未被正式场景、预设、构建配置或动态加载路径引用"
"Assets/Resources/pixramen-valley-asset-pack-v2/pixramen-valley-asset-pack-v2/demon-swordsman/spritesheets/5x/demon-swordsman-jumping.png","Resources","1057","未被正式场景、预设、构建配置或动态加载路径引用"
"Assets/Resources/pixramen-valley-asset-pack-v2/pixramen-valley-asset-pack-v2/demon-swordsman/spritesheets/5x/demon-swordsman-knockback.png","Resources","1028","未被正式场景、预设、构建配置或动态加载路径引用"
"Assets/Resources/pixramen-valley-asset-pack-v2/pixramen-valley-asset-pack-v2/demon-swordsman/spritesheets/5x/demon-swordsman-moving.png","Resources","5462","未被正式场景、预设、构建配置或动态加载路径引用"
"Assets/Resources/pixramen-valley-asset-pack-v2/pixramen-valley-asset-pack-v2/demon-swordsman/spritesheets/5x/demon-swordsman-prepare-jump.png","Resources","2246","未被正式场景、预设、构建配置或动态加载路径引用"
"Assets/Resources/pixramen-valley-asset-pack-v2/pixramen-valley-asset-pack-v2/door/aseprite_files/door-blue.aseprite","Resources","898","未被正式场景、预设、构建配置或动态加载路径引用"
"Assets/Resources/pixramen-valley-asset-pack-v2/pixramen-valley-asset-pack-v2/door/aseprite_files/door-green.aseprite","Resources","898","未被正式场景、预设、构建配置或动态加载路径引用"
"Assets/Resources/pixramen-valley-asset-pack-v2/pixramen-valley-asset-pack-v2/door/aseprite_files/door-red.aseprite","Resources","897","未被正式场景、预设、构建配置或动态加载路径引用"
"Assets/Resources/pixramen-valley-asset-pack-v2/pixramen-valley-asset-pack-v2/door/gif/1x/door-blue.gif","Resources","380","未被正式场景、预设、构建配置或动态加载路径引用"
"Assets/Resources/pixramen-valley-asset-pack-v2/pixramen-valley-asset-pack-v2/door/gif/1x/door-green.gif","Resources","380","未被正式场景、预设、构建配置或动态加载路径引用"
"Assets/Resources/pixramen-valley-asset-pack-v2/pixramen-valley-asset-pack-v2/door/gif/1x/door-red.gif","Resources","380","未被正式场景、预设、构建配置或动态加载路径引用"
"Assets/Resources/pixramen-valley-asset-pack-v2/pixramen-valley-asset-pack-v2/door/gif/2x/door-blue.gif","Resources","635","未被正式场景、预设、构建配置或动态加载路径引用"
"Assets/Resources/pixramen-valley-asset-pack-v2/pixramen-valley-asset-pack-v2/door/gif/2x/door-green.gif","Resources","635","未被正式场景、预设、构建配置或动态加载路径引用"
"Assets/Resources/pixramen-valley-asset-pack-v2/pixramen-valley-asset-pack-v2/door/gif/2x/door-red.gif","Resources","635","未被正式场景、预设、构建配置或动态加载路径引用"
"Assets/Resources/pixramen-valley-asset-pack-v2/pixramen-valley-asset-pack-v2/door/gif/3x/door-blue.gif","Resources","943","未被正式场景、预设、构建配置或动态加载路径引用"
"Assets/Resources/pixramen-valley-asset-pack-v2/pixramen-valley-asset-pack-v2/door/gif/3x/door-green.gif","Resources","943","未被正式场景、预设、构建配置或动态加载路径引用"
"Assets/Resources/pixramen-valley-asset-pack-v2/pixramen-valley-asset-pack-v2/door/gif/3x/door-red.gif","Resources","943","未被正式场景、预设、构建配置或动态加载路径引用"
"Assets/Resources/pixramen-valley-asset-pack-v2/pixramen-valley-asset-pack-v2/door/gif/4x/door-blue.gif","Resources","1267","未被正式场景、预设、构建配置或动态加载路径引用"
"Assets/Resources/pixramen-valley-asset-pack-v2/pixramen-valley-asset-pack-v2/door/gif/4x/door-green.gif","Resources","1267","未被正式场景、预设、构建配置或动态加载路径引用"
"Assets/Resources/pixramen-valley-asset-pack-v2/pixramen-valley-asset-pack-v2/door/gif/4x/door-red.gif","Resources","1267","未被正式场景、预设、构建配置或动态加载路径引用"
"Assets/Resources/pixramen-valley-asset-pack-v2/pixramen-valley-asset-pack-v2/door/gif/5x/door-blue.gif","Resources","1622","未被正式场景、预设、构建配置或动态加载路径引用"
"Assets/Resources/pixramen-valley-asset-pack-v2/pixramen-valley-asset-pack-v2/door/gif/5x/door-green.gif","Resources","1622","未被正式场景、预设、构建配置或动态加载路径引用"
"Assets/Resources/pixramen-valley-asset-pack-v2/pixramen-valley-asset-pack-v2/door/gif/5x/door-red.gif","Resources","1622","未被正式场景、预设、构建配置或动态加载路径引用"
"Assets/Resources/pixramen-valley-asset-pack-v2/pixramen-valley-asset-pack-v2/door/png/1x/door-blue/door-blue1.png","Resources","253","未被正式场景、预设、构建配置或动态加载路径引用"
"Assets/Resources/pixramen-valley-asset-pack-v2/pixramen-valley-asset-pack-v2/door/png/1x/door-blue/door-blue2.png","Resources","197","未被正式场景、预设、构建配置或动态加载路径引用"
"Assets/Resources/pixramen-valley-asset-pack-v2/pixramen-valley-asset-pack-v2/door/png/1x/door-blue/door-blue3.png","Resources","192","未被正式场景、预设、构建配置或动态加载路径引用"
"Assets/Resources/pixramen-valley-asset-pack-v2/pixramen-valley-asset-pack-v2/door/png/1x/door-blue/door-blue4.png","Resources","192","未被正式场景、预设、构建配置或动态加载路径引用"
"Assets/Resources/pixramen-valley-asset-pack-v2/pixramen-valley-asset-pack-v2/door/png/1x/door-green/door-green1.png","Resources","251","未被正式场景、预设、构建配置或动态加载路径引用"
"Assets/Resources/pixramen-valley-asset-pack-v2/pixramen-valley-asset-pack-v2/door/png/1x/door-green/door-green2.png","Resources","188","未被正式场景、预设、构建配置或动态加载路径引用"
"Assets/Resources/pixramen-valley-asset-pack-v2/pixramen-valley-asset-pack-v2/door/png/1x/door-green/door-green3.png","Resources","186","未被正式场景、预设、构建配置或动态加载路径引用"
"Assets/Resources/pixramen-valley-asset-pack-v2/pixramen-valley-asset-pack-v2/door/png/1x/door-green/door-green4.png","Resources","185","未被正式场景、预设、构建配置或动态加载路径引用"
"Assets/Resources/pixramen-valley-asset-pack-v2/pixramen-valley-asset-pack-v2/door/png/1x/door-red/door-red1.png","Resources","250","未被正式场景、预设、构建配置或动态加载路径引用"
"Assets/Resources/pixramen-valley-asset-pack-v2/pixramen-valley-asset-pack-v2/door/png/1x/door-red/door-red2.png","Resources","194","未被正式场景、预设、构建配置或动态加载路径引用"
"Assets/Resources/pixramen-valley-asset-pack-v2/pixramen-valley-asset-pack-v2/door/png/1x/door-red/door-red3.png","Resources","183","未被正式场景、预设、构建配置或动态加载路径引用"
"Assets/Resources/pixramen-valley-asset-pack-v2/pixramen-valley-asset-pack-v2/door/png/1x/door-red/door-red4.png","Resources","187","未被正式场景、预设、构建配置或动态加载路径引用"
"Assets/Resources/pixramen-valley-asset-pack-v2/pixramen-valley-asset-pack-v2/door/png/2x/door-blue/door-blue1.png","Resources","378","未被正式场景、预设、构建配置或动态加载路径引用"
"Assets/Resources/pixramen-valley-asset-pack-v2/pixramen-valley-asset-pack-v2/door/png/2x/door-blue/door-blue2.png","Resources","278","未被正式场景、预设、构建配置或动态加载路径引用"
"Assets/Resources/pixramen-valley-asset-pack-v2/pixramen-valley-asset-pack-v2/door/png/2x/door-blue/door-blue3.png","Resources","277","未被正式场景、预设、构建配置或动态加载路径引用"
"Assets/Resources/pixramen-valley-asset-pack-v2/pixramen-valley-asset-pack-v2/door/png/2x/door-blue/door-blue4.png","Resources","271","未被正式场景、预设、构建配置或动态加载路径引用"
"Assets/Resources/pixramen-valley-asset-pack-v2/pixramen-valley-asset-pack-v2/door/png/2x/door-green/door-green1.png","Resources","369","未被正式场景、预设、构建配置或动态加载路径引用"
"Assets/Resources/pixramen-valley-asset-pack-v2/pixramen-valley-asset-pack-v2/door/png/2x/door-green/door-green2.png","Resources","272","未被正式场景、预设、构建配置或动态加载路径引用"
"Assets/Resources/pixramen-valley-asset-pack-v2/pixramen-valley-asset-pack-v2/door/png/2x/door-green/door-green3.png","Resources","272","未被正式场景、预设、构建配置或动态加载路径引用"
"Assets/Resources/pixramen-valley-asset-pack-v2/pixramen-valley-asset-pack-v2/door/png/2x/door-green/door-green4.png","Resources","270","未被正式场景、预设、构建配置或动态加载路径引用"
"Assets/Resources/pixramen-valley-asset-pack-v2/pixramen-valley-asset-pack-v2/door/png/2x/door-red/door-red1.png","Resources","374","未被正式场景、预设、构建配置或动态加载路径引用"
"Assets/Resources/pixramen-valley-asset-pack-v2/pixramen-valley-asset-pack-v2/door/png/2x/door-red/door-red2.png","Resources","278","未被正式场景、预设、构建配置或动态加载路径引用"
"Assets/Resources/pixramen-valley-asset-pack-v2/pixramen-valley-asset-pack-v2/door/png/2x/door-red/door-red3.png","Resources","274","未被正式场景、预设、构建配置或动态加载路径引用"
"Assets/Resources/pixramen-valley-asset-pack-v2/pixramen-valley-asset-pack-v2/door/png/2x/door-red/door-red4.png","Resources","275","未被正式场景、预设、构建配置或动态加载路径引用"
"Assets/Resources/pixramen-valley-asset-pack-v2/pixramen-valley-asset-pack-v2/door/png/3x/door-blue/door-blue1.png","Resources","443","未被正式场景、预设、构建配置或动态加载路径引用"
"Assets/Resources/pixramen-valley-asset-pack-v2/pixramen-valley-asset-pack-v2/door/png/3x/door-blue/door-blue2.png","Resources","328","未被正式场景、预设、构建配置或动态加载路径引用"
"Assets/Resources/pixramen-valley-asset-pack-v2/pixramen-valley-asset-pack-v2/door/png/3x/door-blue/door-blue3.png","Resources","327","未被正式场景、预设、构建配置或动态加载路径引用"
"Assets/Resources/pixramen-valley-asset-pack-v2/pixramen-valley-asset-pack-v2/door/png/3x/door-blue/door-blue4.png","Resources","322","未被正式场景、预设、构建配置或动态加载路径引用"
"Assets/Resources/pixramen-valley-asset-pack-v2/pixramen-valley-asset-pack-v2/door/png/3x/door-green/door-green1.png","Resources","432","未被正式场景、预设、构建配置或动态加载路径引用"
"Assets/Resources/pixramen-valley-asset-pack-v2/pixramen-valley-asset-pack-v2/door/png/3x/door-green/door-green2.png","Resources","322","未被正式场景、预设、构建配置或动态加载路径引用"
"Assets/Resources/pixramen-valley-asset-pack-v2/pixramen-valley-asset-pack-v2/door/png/3x/door-green/door-green3.png","Resources","323","未被正式场景、预设、构建配置或动态加载路径引用"
"Assets/Resources/pixramen-valley-asset-pack-v2/pixramen-valley-asset-pack-v2/door/png/3x/door-green/door-green4.png","Resources","321","未被正式场景、预设、构建配置或动态加载路径引用"
"Assets/Resources/pixramen-valley-asset-pack-v2/pixramen-valley-asset-pack-v2/door/png/3x/door-red/door-red1.png","Resources","443","未被正式场景、预设、构建配置或动态加载路径引用"
"Assets/Resources/pixramen-valley-asset-pack-v2/pixramen-valley-asset-pack-v2/door/png/3x/door-red/door-red2.png","Resources","328","未被正式场景、预设、构建配置或动态加载路径引用"
"Assets/Resources/pixramen-valley-asset-pack-v2/pixramen-valley-asset-pack-v2/door/png/3x/door-red/door-red3.png","Resources","323","未被正式场景、预设、构建配置或动态加载路径引用"
"Assets/Resources/pixramen-valley-asset-pack-v2/pixramen-valley-asset-pack-v2/door/png/3x/door-red/door-red4.png","Resources","324","未被正式场景、预设、构建配置或动态加载路径引用"
"Assets/Resources/pixramen-valley-asset-pack-v2/pixramen-valley-asset-pack-v2/door/png/4x/door-blue/door-blue1.png","Resources","501","未被正式场景、预设、构建配置或动态加载路径引用"
"Assets/Resources/pixramen-valley-asset-pack-v2/pixramen-valley-asset-pack-v2/door/png/4x/door-blue/door-blue2.png","Resources","382","未被正式场景、预设、构建配置或动态加载路径引用"
"Assets/Resources/pixramen-valley-asset-pack-v2/pixramen-valley-asset-pack-v2/door/png/4x/door-blue/door-blue3.png","Resources","382","未被正式场景、预设、构建配置或动态加载路径引用"
"Assets/Resources/pixramen-valley-asset-pack-v2/pixramen-valley-asset-pack-v2/door/png/4x/door-blue/door-blue4.png","Resources","369","未被正式场景、预设、构建配置或动态加载路径引用"
"Assets/Resources/pixramen-valley-asset-pack-v2/pixramen-valley-asset-pack-v2/door/png/4x/door-green/door-green1.png","Resources","491","未被正式场景、预设、构建配置或动态加载路径引用"
"Assets/Resources/pixramen-valley-asset-pack-v2/pixramen-valley-asset-pack-v2/door/png/4x/door-green/door-green2.png","Resources","377","未被正式场景、预设、构建配置或动态加载路径引用"
"Assets/Resources/pixramen-valley-asset-pack-v2/pixramen-valley-asset-pack-v2/door/png/4x/door-green/door-green3.png","Resources","377","未被正式场景、预设、构建配置或动态加载路径引用"
"Assets/Resources/pixramen-valley-asset-pack-v2/pixramen-valley-asset-pack-v2/door/png/4x/door-green/door-green4.png","Resources","367","未被正式场景、预设、构建配置或动态加载路径引用"
"Assets/Resources/pixramen-valley-asset-pack-v2/pixramen-valley-asset-pack-v2/door/png/4x/door-red/door-red1.png","Resources","501","未被正式场景、预设、构建配置或动态加载路径引用"
"Assets/Resources/pixramen-valley-asset-pack-v2/pixramen-valley-asset-pack-v2/door/png/4x/door-red/door-red2.png","Resources","382","未被正式场景、预设、构建配置或动态加载路径引用"
"Assets/Resources/pixramen-valley-asset-pack-v2/pixramen-valley-asset-pack-v2/door/png/4x/door-red/door-red3.png","Resources","380","未被正式场景、预设、构建配置或动态加载路径引用"
"Assets/Resources/pixramen-valley-asset-pack-v2/pixramen-valley-asset-pack-v2/door/png/4x/door-red/door-red4.png","Resources","371","未被正式场景、预设、构建配置或动态加载路径引用"
"Assets/Resources/pixramen-valley-asset-pack-v2/pixramen-valley-asset-pack-v2/door/png/5x/door-blue/door-blue1.png","Resources","574","未被正式场景、预设、构建配置或动态加载路径引用"
"Assets/Resources/pixramen-valley-asset-pack-v2/pixramen-valley-asset-pack-v2/door/png/5x/door-blue/door-blue2.png","Resources","433","未被正式场景、预设、构建配置或动态加载路径引用"
"Assets/Resources/pixramen-valley-asset-pack-v2/pixramen-valley-asset-pack-v2/door/png/5x/door-blue/door-blue3.png","Resources","434","未被正式场景、预设、构建配置或动态加载路径引用"
"Assets/Resources/pixramen-valley-asset-pack-v2/pixramen-valley-asset-pack-v2/door/png/5x/door-blue/door-blue4.png","Resources","425","未被正式场景、预设、构建配置或动态加载路径引用"
"Assets/Resources/pixramen-valley-asset-pack-v2/pixramen-valley-asset-pack-v2/door/png/5x/door-green/door-green1.png","Resources","568","未被正式场景、预设、构建配置或动态加载路径引用"
"Assets/Resources/pixramen-valley-asset-pack-v2/pixramen-valley-asset-pack-v2/door/png/5x/door-green/door-green2.png","Resources","428","未被正式场景、预设、构建配置或动态加载路径引用"
"Assets/Resources/pixramen-valley-asset-pack-v2/pixramen-valley-asset-pack-v2/door/png/5x/door-green/door-green3.png","Resources","427","未被正式场景、预设、构建配置或动态加载路径引用"
"Assets/Resources/pixramen-valley-asset-pack-v2/pixramen-valley-asset-pack-v2/door/png/5x/door-green/door-green4.png","Resources","422","未被正式场景、预设、构建配置或动态加载路径引用"
"Assets/Resources/pixramen-valley-asset-pack-v2/pixramen-valley-asset-pack-v2/door/png/5x/door-red/door-red1.png","Resources","573","未被正式场景、预设、构建配置或动态加载路径引用"
"Assets/Resources/pixramen-valley-asset-pack-v2/pixramen-valley-asset-pack-v2/door/png/5x/door-red/door-red2.png","Resources","438","未被正式场景、预设、构建配置或动态加载路径引用"
"Assets/Resources/pixramen-valley-asset-pack-v2/pixramen-valley-asset-pack-v2/door/png/5x/door-red/door-red3.png","Resources","431","未被正式场景、预设、构建配置或动态加载路径引用"
"Assets/Resources/pixramen-valley-asset-pack-v2/pixramen-valley-asset-pack-v2/door/png/5x/door-red/door-red4.png","Resources","426","未被正式场景、预设、构建配置或动态加载路径引用"
"Assets/Resources/pixramen-valley-asset-pack-v2/pixramen-valley-asset-pack-v2/door/spritesheets/1x/door-blue.png","Resources","463","未被正式场景、预设、构建配置或动态加载路径引用"
"Assets/Resources/pixramen-valley-asset-pack-v2/pixramen-valley-asset-pack-v2/door/spritesheets/1x/door-green.png","Resources","444","未被正式场景、预设、构建配置或动态加载路径引用"
"Assets/Resources/pixramen-valley-asset-pack-v2/pixramen-valley-asset-pack-v2/door/spritesheets/1x/door-red.png","Resources","449","未被正式场景、预设、构建配置或动态加载路径引用"
"Assets/Resources/pixramen-valley-asset-pack-v2/pixramen-valley-asset-pack-v2/door/spritesheets/2x/door-blue.png","Resources","631","未被正式场景、预设、构建配置或动态加载路径引用"
"Assets/Resources/pixramen-valley-asset-pack-v2/pixramen-valley-asset-pack-v2/door/spritesheets/2x/door-green.png","Resources","616","未被正式场景、预设、构建配置或动态加载路径引用"
"Assets/Resources/pixramen-valley-asset-pack-v2/pixramen-valley-asset-pack-v2/door/spritesheets/2x/door-red.png","Resources","629","未被正式场景、预设、构建配置或动态加载路径引用"
"Assets/Resources/pixramen-valley-asset-pack-v2/pixramen-valley-asset-pack-v2/door/spritesheets/3x/door-blue.png","Resources","724","未被正式场景、预设、构建配置或动态加载路径引用"
"Assets/Resources/pixramen-valley-asset-pack-v2/pixramen-valley-asset-pack-v2/door/spritesheets/3x/door-green.png","Resources","709","未被正式场景、预设、构建配置或动态加载路径引用"
"Assets/Resources/pixramen-valley-asset-pack-v2/pixramen-valley-asset-pack-v2/door/spritesheets/3x/door-red.png","Resources","719","未被正式场景、预设、构建配置或动态加载路径引用"
"Assets/Resources/pixramen-valley-asset-pack-v2/pixramen-valley-asset-pack-v2/door/spritesheets/4x/door-blue.png","Resources","826","未被正式场景、预设、构建配置或动态加载路径引用"
"Assets/Resources/pixramen-valley-asset-pack-v2/pixramen-valley-asset-pack-v2/door/spritesheets/4x/door-green.png","Resources","809","未被正式场景、预设、构建配置或动态加载路径引用"
"Assets/Resources/pixramen-valley-asset-pack-v2/pixramen-valley-asset-pack-v2/door/spritesheets/4x/door-red.png","Resources","818","未被正式场景、预设、构建配置或动态加载路径引用"
"Assets/Resources/pixramen-valley-asset-pack-v2/pixramen-valley-asset-pack-v2/door/spritesheets/5x/door-blue.png","Resources","940","未被正式场景、预设、构建配置或动态加载路径引用"
"Assets/Resources/pixramen-valley-asset-pack-v2/pixramen-valley-asset-pack-v2/door/spritesheets/5x/door-green.png","Resources","926","未被正式场景、预设、构建配置或动态加载路径引用"
"Assets/Resources/pixramen-valley-asset-pack-v2/pixramen-valley-asset-pack-v2/door/spritesheets/5x/door-red.png","Resources","934","未被正式场景、预设、构建配置或动态加载路径引用"
"Assets/Resources/pixramen-valley-asset-pack-v2/pixramen-valley-asset-pack-v2/hp_energy_bar/aseprite_files/energy-bar.aseprite","Resources","564","未被正式场景、预设、构建配置或动态加载路径引用"
"Assets/Resources/pixramen-valley-asset-pack-v2/pixramen-valley-asset-pack-v2/hp_energy_bar/aseprite_files/energy-icon.aseprite","Resources","577","未被正式场景、预设、构建配置或动态加载路径引用"
"Assets/Resources/pixramen-valley-asset-pack-v2/pixramen-valley-asset-pack-v2/hp_energy_bar/aseprite_files/hp-bar.aseprite","Resources","564","未被正式场景、预设、构建配置或动态加载路径引用"
"Assets/Resources/pixramen-valley-asset-pack-v2/pixramen-valley-asset-pack-v2/hp_energy_bar/aseprite_files/hp-icon.aseprite","Resources","588","未被正式场景、预设、构建配置或动态加载路径引用"
"Assets/Resources/pixramen-valley-asset-pack-v2/pixramen-valley-asset-pack-v2/hp_energy_bar/aseprite_files/one-bar-container.aseprite","Resources","646","未被正式场景、预设、构建配置或动态加载路径引用"
"Assets/Resources/pixramen-valley-asset-pack-v2/pixramen-valley-asset-pack-v2/hp_energy_bar/aseprite_files/preview/preview-hp-energy-bar.aseprite","Resources","860","未被正式场景、预设、构建配置或动态加载路径引用"
"Assets/Resources/pixramen-valley-asset-pack-v2/pixramen-valley-asset-pack-v2/hp_energy_bar/aseprite_files/two-bar-container.aseprite","Resources","690","未被正式场景、预设、构建配置或动态加载路径引用"
"Assets/Resources/pixramen-valley-asset-pack-v2/pixramen-valley-asset-pack-v2/hp_energy_bar/gif/1x/energy-bar.gif","Resources","70","未被正式场景、预设、构建配置或动态加载路径引用"
"Assets/Resources/pixramen-valley-asset-pack-v2/pixramen-valley-asset-pack-v2/hp_energy_bar/gif/1x/energy-icon.gif","Resources","79","未被正式场景、预设、构建配置或动态加载路径引用"
"Assets/Resources/pixramen-valley-asset-pack-v2/pixramen-valley-asset-pack-v2/hp_energy_bar/gif/1x/hp-bar.gif","Resources","70","未被正式场景、预设、构建配置或动态加载路径引用"
"Assets/Resources/pixramen-valley-asset-pack-v2/pixramen-valley-asset-pack-v2/hp_energy_bar/gif/1x/hp-icon.gif","Resources","93","未被正式场景、预设、构建配置或动态加载路径引用"
"Assets/Resources/pixramen-valley-asset-pack-v2/pixramen-valley-asset-pack-v2/hp_energy_bar/gif/1x/one-bar-container.gif","Resources","199","未被正式场景、预设、构建配置或动态加载路径引用"
"Assets/Resources/pixramen-valley-asset-pack-v2/pixramen-valley-asset-pack-v2/hp_energy_bar/gif/1x/two-bar-container.gif","Resources","271","未被正式场景、预设、构建配置或动态加载路径引用"
"Assets/Resources/pixramen-valley-asset-pack-v2/pixramen-valley-asset-pack-v2/hp_energy_bar/gif/2x/energy-bar.gif","Resources","77","未被正式场景、预设、构建配置或动态加载路径引用"
"Assets/Resources/pixramen-valley-asset-pack-v2/pixramen-valley-asset-pack-v2/hp_energy_bar/gif/2x/energy-icon.gif","Resources","98","未被正式场景、预设、构建配置或动态加载路径引用"
"Assets/Resources/pixramen-valley-asset-pack-v2/pixramen-valley-asset-pack-v2/hp_energy_bar/gif/2x/hp-bar.gif","Resources","77","未被正式场景、预设、构建配置或动态加载路径引用"
"Assets/Resources/pixramen-valley-asset-pack-v2/pixramen-valley-asset-pack-v2/hp_energy_bar/gif/2x/hp-icon.gif","Resources","132","未被正式场景、预设、构建配置或动态加载路径引用"
"Assets/Resources/pixramen-valley-asset-pack-v2/pixramen-valley-asset-pack-v2/hp_energy_bar/gif/2x/one-bar-container.gif","Resources","387","未被正式场景、预设、构建配置或动态加载路径引用"
"Assets/Resources/pixramen-valley-asset-pack-v2/pixramen-valley-asset-pack-v2/hp_energy_bar/gif/2x/two-bar-container.gif","Resources","580","未被正式场景、预设、构建配置或动态加载路径引用"
"Assets/Resources/pixramen-valley-asset-pack-v2/pixramen-valley-asset-pack-v2/hp_energy_bar/gif/3x/energy-bar.gif","Resources","86","未被正式场景、预设、构建配置或动态加载路径引用"
"Assets/Resources/pixramen-valley-asset-pack-v2/pixramen-valley-asset-pack-v2/hp_energy_bar/gif/3x/energy-icon.gif","Resources","123","未被正式场景、预设、构建配置或动态加载路径引用"
"Assets/Resources/pixramen-valley-asset-pack-v2/pixramen-valley-asset-pack-v2/hp_energy_bar/gif/3x/hp-bar.gif","Resources","86","未被正式场景、预设、构建配置或动态加载路径引用"
"Assets/Resources/pixramen-valley-asset-pack-v2/pixramen-valley-asset-pack-v2/hp_energy_bar/gif/3x/hp-icon.gif","Resources","174","未被正式场景、预设、构建配置或动态加载路径引用"
"Assets/Resources/pixramen-valley-asset-pack-v2/pixramen-valley-asset-pack-v2/hp_energy_bar/gif/3x/one-bar-container.gif","Resources","587","未被正式场景、预设、构建配置或动态加载路径引用"
"Assets/Resources/pixramen-valley-asset-pack-v2/pixramen-valley-asset-pack-v2/hp_energy_bar/gif/3x/two-bar-container.gif","Resources","920","未被正式场景、预设、构建配置或动态加载路径引用"
"Assets/Resources/pixramen-valley-asset-pack-v2/pixramen-valley-asset-pack-v2/hp_energy_bar/gif/4x/energy-bar.gif","Resources","97","未被正式场景、预设、构建配置或动态加载路径引用"
"Assets/Resources/pixramen-valley-asset-pack-v2/pixramen-valley-asset-pack-v2/hp_energy_bar/gif/4x/energy-icon.gif","Resources","147","未被正式场景、预设、构建配置或动态加载路径引用"
"Assets/Resources/pixramen-valley-asset-pack-v2/pixramen-valley-asset-pack-v2/hp_energy_bar/gif/4x/hp-bar.gif","Resources","97","未被正式场景、预设、构建配置或动态加载路径引用"
"Assets/Resources/pixramen-valley-asset-pack-v2/pixramen-valley-asset-pack-v2/hp_energy_bar/gif/4x/hp-icon.gif","Resources","223","未被正式场景、预设、构建配置或动态加载路径引用"
"Assets/Resources/pixramen-valley-asset-pack-v2/pixramen-valley-asset-pack-v2/hp_energy_bar/gif/4x/one-bar-container.gif","Resources","814","未被正式场景、预设、构建配置或动态加载路径引用"
"Assets/Resources/pixramen-valley-asset-pack-v2/pixramen-valley-asset-pack-v2/hp_energy_bar/gif/4x/two-bar-container.gif","Resources","1260","未被正式场景、预设、构建配置或动态加载路径引用"
"Assets/Resources/pixramen-valley-asset-pack-v2/pixramen-valley-asset-pack-v2/hp_energy_bar/gif/5x/energy-bar.gif","Resources","110","未被正式场景、预设、构建配置或动态加载路径引用"
"Assets/Resources/pixramen-valley-asset-pack-v2/pixramen-valley-asset-pack-v2/hp_energy_bar/gif/5x/energy-icon.gif","Resources","172","未被正式场景、预设、构建配置或动态加载路径引用"
"Assets/Resources/pixramen-valley-asset-pack-v2/pixramen-valley-asset-pack-v2/hp_energy_bar/gif/5x/hp-bar.gif","Resources","110","未被正式场景、预设、构建配置或动态加载路径引用"
"Assets/Resources/pixramen-valley-asset-pack-v2/pixramen-valley-asset-pack-v2/hp_energy_bar/gif/5x/hp-icon.gif","Resources","272","未被正式场景、预设、构建配置或动态加载路径引用"
"Assets/Resources/pixramen-valley-asset-pack-v2/pixramen-valley-asset-pack-v2/hp_energy_bar/gif/5x/one-bar-container.gif","Resources","1036","未被正式场景、预设、构建配置或动态加载路径引用"
"Assets/Resources/pixramen-valley-asset-pack-v2/pixramen-valley-asset-pack-v2/hp_energy_bar/gif/5x/two-bar-container.gif","Resources","1656","未被正式场景、预设、构建配置或动态加载路径引用"
"Assets/Resources/pixramen-valley-asset-pack-v2/pixramen-valley-asset-pack-v2/hp_energy_bar/png/1x/energy-bar/energy-bar.png","Resources","93","未被正式场景、预设、构建配置或动态加载路径引用"
"Assets/Resources/pixramen-valley-asset-pack-v2/pixramen-valley-asset-pack-v2/hp_energy_bar/png/1x/energy-icon/energy-icon.png","Resources","209","未被正式场景、预设、构建配置或动态加载路径引用"
"Assets/Resources/pixramen-valley-asset-pack-v2/pixramen-valley-asset-pack-v2/hp_energy_bar/png/1x/hp-bar/hp-bar.png","Resources","93","未被正式场景、预设、构建配置或动态加载路径引用"
"Assets/Resources/pixramen-valley-asset-pack-v2/pixramen-valley-asset-pack-v2/hp_energy_bar/png/1x/hp-icon/hp-icon.png","Resources","199","未被正式场景、预设、构建配置或动态加载路径引用"
"Assets/Resources/pixramen-valley-asset-pack-v2/pixramen-valley-asset-pack-v2/hp_energy_bar/png/1x/one-bar-container/one-bar-container.png","Resources","276","未被正式场景、预设、构建配置或动态加载路径引用"
"Assets/Resources/pixramen-valley-asset-pack-v2/pixramen-valley-asset-pack-v2/hp_energy_bar/png/1x/two-bar-container/two-bar-container.png","Resources","378","未被正式场景、预设、构建配置或动态加载路径引用"
"Assets/Resources/pixramen-valley-asset-pack-v2/pixramen-valley-asset-pack-v2/hp_energy_bar/png/2x/energy-bar/energy-bar.png","Resources","101","未被正式场景、预设、构建配置或动态加载路径引用"
"Assets/Resources/pixramen-valley-asset-pack-v2/pixramen-valley-asset-pack-v2/hp_energy_bar/png/2x/energy-icon/energy-icon.png","Resources","227","未被正式场景、预设、构建配置或动态加载路径引用"
"Assets/Resources/pixramen-valley-asset-pack-v2/pixramen-valley-asset-pack-v2/hp_energy_bar/png/2x/hp-bar/hp-bar.png","Resources","101","未被正式场景、预设、构建配置或动态加载路径引用"
"Assets/Resources/pixramen-valley-asset-pack-v2/pixramen-valley-asset-pack-v2/hp_energy_bar/png/2x/hp-icon/hp-icon.png","Resources","240","未被正式场景、预设、构建配置或动态加载路径引用"
"Assets/Resources/pixramen-valley-asset-pack-v2/pixramen-valley-asset-pack-v2/hp_energy_bar/png/2x/one-bar-container/one-bar-container.png","Resources","351","未被正式场景、预设、构建配置或动态加载路径引用"
"Assets/Resources/pixramen-valley-asset-pack-v2/pixramen-valley-asset-pack-v2/hp_energy_bar/png/2x/two-bar-container/two-bar-container.png","Resources","507","未被正式场景、预设、构建配置或动态加载路径引用"
"Assets/Resources/pixramen-valley-asset-pack-v2/pixramen-valley-asset-pack-v2/hp_energy_bar/png/3x/energy-bar/energy-bar.png","Resources","100","未被正式场景、预设、构建配置或动态加载路径引用"
"Assets/Resources/pixramen-valley-asset-pack-v2/pixramen-valley-asset-pack-v2/hp_energy_bar/png/3x/energy-icon/energy-icon.png","Resources","233","未被正式场景、预设、构建配置或动态加载路径引用"
"Assets/Resources/pixramen-valley-asset-pack-v2/pixramen-valley-asset-pack-v2/hp_energy_bar/png/3x/hp-bar/hp-bar.png","Resources","100","未被正式场景、预设、构建配置或动态加载路径引用"
"Assets/Resources/pixramen-valley-asset-pack-v2/pixramen-valley-asset-pack-v2/hp_energy_bar/png/3x/hp-icon/hp-icon.png","Resources","276","未被正式场景、预设、构建配置或动态加载路径引用"
"Assets/Resources/pixramen-valley-asset-pack-v2/pixramen-valley-asset-pack-v2/hp_energy_bar/png/3x/one-bar-container/one-bar-container.png","Resources","421","未被正式场景、预设、构建配置或动态加载路径引用"
"Assets/Resources/pixramen-valley-asset-pack-v2/pixramen-valley-asset-pack-v2/hp_energy_bar/png/3x/two-bar-container/two-bar-container.png","Resources","646","未被正式场景、预设、构建配置或动态加载路径引用"
"Assets/Resources/pixramen-valley-asset-pack-v2/pixramen-valley-asset-pack-v2/hp_energy_bar/png/4x/energy-bar/energy-bar.png","Resources","102","未被正式场景、预设、构建配置或动态加载路径引用"
"Assets/Resources/pixramen-valley-asset-pack-v2/pixramen-valley-asset-pack-v2/hp_energy_bar/png/4x/energy-icon/energy-icon.png","Resources","257","未被正式场景、预设、构建配置或动态加载路径引用"
"Assets/Resources/pixramen-valley-asset-pack-v2/pixramen-valley-asset-pack-v2/hp_energy_bar/png/4x/hp-bar/hp-bar.png","Resources","102","未被正式场景、预设、构建配置或动态加载路径引用"
"Assets/Resources/pixramen-valley-asset-pack-v2/pixramen-valley-asset-pack-v2/hp_energy_bar/png/4x/hp-icon/hp-icon.png","Resources","303","未被正式场景、预设、构建配置或动态加载路径引用"
"Assets/Resources/pixramen-valley-asset-pack-v2/pixramen-valley-asset-pack-v2/hp_energy_bar/png/4x/one-bar-container/one-bar-container.png","Resources","542","未被正式场景、预设、构建配置或动态加载路径引用"
"Assets/Resources/pixramen-valley-asset-pack-v2/pixramen-valley-asset-pack-v2/hp_energy_bar/png/4x/two-bar-container/two-bar-container.png","Resources","832","未被正式场景、预设、构建配置或动态加载路径引用"
"Assets/Resources/pixramen-valley-asset-pack-v2/pixramen-valley-asset-pack-v2/hp_energy_bar/png/5x/energy-bar/energy-bar.png","Resources","108","未被正式场景、预设、构建配置或动态加载路径引用"
"Assets/Resources/pixramen-valley-asset-pack-v2/pixramen-valley-asset-pack-v2/hp_energy_bar/png/5x/energy-icon/energy-icon.png","Resources","292","未被正式场景、预设、构建配置或动态加载路径引用"
"Assets/Resources/pixramen-valley-asset-pack-v2/pixramen-valley-asset-pack-v2/hp_energy_bar/png/5x/hp-bar/hp-bar.png","Resources","108","未被正式场景、预设、构建配置或动态加载路径引用"
"Assets/Resources/pixramen-valley-asset-pack-v2/pixramen-valley-asset-pack-v2/hp_energy_bar/png/5x/hp-icon/hp-icon.png","Resources","324","未被正式场景、预设、构建配置或动态加载路径引用"
"Assets/Resources/pixramen-valley-asset-pack-v2/pixramen-valley-asset-pack-v2/hp_energy_bar/png/5x/one-bar-container/one-bar-container.png","Resources","630","未被正式场景、预设、构建配置或动态加载路径引用"
"Assets/Resources/pixramen-valley-asset-pack-v2/pixramen-valley-asset-pack-v2/hp_energy_bar/png/5x/two-bar-container/two-bar-container.png","Resources","981","未被正式场景、预设、构建配置或动态加载路径引用"
"Assets/Resources/pixramen-valley-asset-pack-v2/pixramen-valley-asset-pack-v2/hp_energy_bar/spritesheets/1x/energy-bar.png","Resources","93","未被正式场景、预设、构建配置或动态加载路径引用"
"Assets/Resources/pixramen-valley-asset-pack-v2/pixramen-valley-asset-pack-v2/hp_energy_bar/spritesheets/1x/energy-icon.png","Resources","209","未被正式场景、预设、构建配置或动态加载路径引用"
"Assets/Resources/pixramen-valley-asset-pack-v2/pixramen-valley-asset-pack-v2/hp_energy_bar/spritesheets/1x/hp-bar.png","Resources","93","未被正式场景、预设、构建配置或动态加载路径引用"
"Assets/Resources/pixramen-valley-asset-pack-v2/pixramen-valley-asset-pack-v2/hp_energy_bar/spritesheets/1x/hp-icon.png","Resources","199","未被正式场景、预设、构建配置或动态加载路径引用"
"Assets/Resources/pixramen-valley-asset-pack-v2/pixramen-valley-asset-pack-v2/hp_energy_bar/spritesheets/1x/one-bar-container.png","Resources","276","未被正式场景、预设、构建配置或动态加载路径引用"
"Assets/Resources/pixramen-valley-asset-pack-v2/pixramen-valley-asset-pack-v2/hp_energy_bar/spritesheets/1x/two-bar-container.png","Resources","378","未被正式场景、预设、构建配置或动态加载路径引用"
"Assets/Resources/pixramen-valley-asset-pack-v2/pixramen-valley-asset-pack-v2/hp_energy_bar/spritesheets/2x/energy-bar.png","Resources","101","未被正式场景、预设、构建配置或动态加载路径引用"
"Assets/Resources/pixramen-valley-asset-pack-v2/pixramen-valley-asset-pack-v2/hp_energy_bar/spritesheets/2x/energy-icon.png","Resources","227","未被正式场景、预设、构建配置或动态加载路径引用"
"Assets/Resources/pixramen-valley-asset-pack-v2/pixramen-valley-asset-pack-v2/hp_energy_bar/spritesheets/2x/hp-bar.png","Resources","101","未被正式场景、预设、构建配置或动态加载路径引用"
"Assets/Resources/pixramen-valley-asset-pack-v2/pixramen-valley-asset-pack-v2/hp_energy_bar/spritesheets/2x/hp-icon.png","Resources","240","未被正式场景、预设、构建配置或动态加载路径引用"
"Assets/Resources/pixramen-valley-asset-pack-v2/pixramen-valley-asset-pack-v2/hp_energy_bar/spritesheets/2x/one-bar-container.png","Resources","351","未被正式场景、预设、构建配置或动态加载路径引用"
"Assets/Resources/pixramen-valley-asset-pack-v2/pixramen-valley-asset-pack-v2/hp_energy_bar/spritesheets/2x/two-bar-container.png","Resources","507","未被正式场景、预设、构建配置或动态加载路径引用"
"Assets/Resources/pixramen-valley-asset-pack-v2/pixramen-valley-asset-pack-v2/hp_energy_bar/spritesheets/3x/energy-bar.png","Resources","100","未被正式场景、预设、构建配置或动态加载路径引用"
"Assets/Resources/pixramen-valley-asset-pack-v2/pixramen-valley-asset-pack-v2/hp_energy_bar/spritesheets/3x/energy-icon.png","Resources","233","未被正式场景、预设、构建配置或动态加载路径引用"
"Assets/Resources/pixramen-valley-asset-pack-v2/pixramen-valley-asset-pack-v2/hp_energy_bar/spritesheets/3x/hp-bar.png","Resources","100","未被正式场景、预设、构建配置或动态加载路径引用"
"Assets/Resources/pixramen-valley-asset-pack-v2/pixramen-valley-asset-pack-v2/hp_energy_bar/spritesheets/3x/hp-icon.png","Resources","276","未被正式场景、预设、构建配置或动态加载路径引用"
"Assets/Resources/pixramen-valley-asset-pack-v2/pixramen-valley-asset-pack-v2/hp_energy_bar/spritesheets/3x/one-bar-container.png","Resources","421","未被正式场景、预设、构建配置或动态加载路径引用"
"Assets/Resources/pixramen-valley-asset-pack-v2/pixramen-valley-asset-pack-v2/hp_energy_bar/spritesheets/3x/two-bar-container.png","Resources","646","未被正式场景、预设、构建配置或动态加载路径引用"
"Assets/Resources/pixramen-valley-asset-pack-v2/pixramen-valley-asset-pack-v2/hp_energy_bar/spritesheets/4x/energy-bar.png","Resources","102","未被正式场景、预设、构建配置或动态加载路径引用"
"Assets/Resources/pixramen-valley-asset-pack-v2/pixramen-valley-asset-pack-v2/hp_energy_bar/spritesheets/4x/energy-icon.png","Resources","257","未被正式场景、预设、构建配置或动态加载路径引用"
"Assets/Resources/pixramen-valley-asset-pack-v2/pixramen-valley-asset-pack-v2/hp_energy_bar/spritesheets/4x/hp-bar.png","Resources","102","未被正式场景、预设、构建配置或动态加载路径引用"
"Assets/Resources/pixramen-valley-asset-pack-v2/pixramen-valley-asset-pack-v2/hp_energy_bar/spritesheets/4x/hp-icon.png","Resources","303","未被正式场景、预设、构建配置或动态加载路径引用"
"Assets/Resources/pixramen-valley-asset-pack-v2/pixramen-valley-asset-pack-v2/hp_energy_bar/spritesheets/4x/one-bar-container.png","Resources","542","未被正式场景、预设、构建配置或动态加载路径引用"
"Assets/Resources/pixramen-valley-asset-pack-v2/pixramen-valley-asset-pack-v2/hp_energy_bar/spritesheets/4x/two-bar-container.png","Resources","832","未被正式场景、预设、构建配置或动态加载路径引用"
"Assets/Resources/pixramen-valley-asset-pack-v2/pixramen-valley-asset-pack-v2/hp_energy_bar/spritesheets/5x/energy-bar.png","Resources","108","未被正式场景、预设、构建配置或动态加载路径引用"
"Assets/Resources/pixramen-valley-asset-pack-v2/pixramen-valley-asset-pack-v2/hp_energy_bar/spritesheets/5x/energy-icon.png","Resources","292","未被正式场景、预设、构建配置或动态加载路径引用"
"Assets/Resources/pixramen-valley-asset-pack-v2/pixramen-valley-asset-pack-v2/hp_energy_bar/spritesheets/5x/hp-bar.png","Resources","108","未被正式场景、预设、构建配置或动态加载路径引用"
"Assets/Resources/pixramen-valley-asset-pack-v2/pixramen-valley-asset-pack-v2/hp_energy_bar/spritesheets/5x/hp-icon.png","Resources","324","未被正式场景、预设、构建配置或动态加载路径引用"
"Assets/Resources/pixramen-valley-asset-pack-v2/pixramen-valley-asset-pack-v2/hp_energy_bar/spritesheets/5x/one-bar-container.png","Resources","630","未被正式场景、预设、构建配置或动态加载路径引用"
"Assets/Resources/pixramen-valley-asset-pack-v2/pixramen-valley-asset-pack-v2/hp_energy_bar/spritesheets/5x/two-bar-container.png","Resources","981","未被正式场景、预设、构建配置或动态加载路径引用"
"Assets/Resources/pixramen-valley-asset-pack-v2/pixramen-valley-asset-pack-v2/key/aseprite_files/key-blue.aseprite","Resources","608","未被正式场景、预设、构建配置或动态加载路径引用"
"Assets/Resources/pixramen-valley-asset-pack-v2/pixramen-valley-asset-pack-v2/key/aseprite_files/key-green.aseprite","Resources","608","未被正式场景、预设、构建配置或动态加载路径引用"
"Assets/Resources/pixramen-valley-asset-pack-v2/pixramen-valley-asset-pack-v2/key/aseprite_files/key-red.aseprite","Resources","608","未被正式场景、预设、构建配置或动态加载路径引用"
"Assets/Resources/pixramen-valley-asset-pack-v2/pixramen-valley-asset-pack-v2/key/gif/1x/key-blue.gif","Resources","92","未被正式场景、预设、构建配置或动态加载路径引用"
"Assets/Resources/pixramen-valley-asset-pack-v2/pixramen-valley-asset-pack-v2/key/gif/1x/key-green.gif","Resources","92","未被正式场景、预设、构建配置或动态加载路径引用"
"Assets/Resources/pixramen-valley-asset-pack-v2/pixramen-valley-asset-pack-v2/key/gif/1x/key-red.gif","Resources","92","未被正式场景、预设、构建配置或动态加载路径引用"
"Assets/Resources/pixramen-valley-asset-pack-v2/pixramen-valley-asset-pack-v2/key/gif/2x/key-blue.gif","Resources","136","未被正式场景、预设、构建配置或动态加载路径引用"
"Assets/Resources/pixramen-valley-asset-pack-v2/pixramen-valley-asset-pack-v2/key/gif/2x/key-green.gif","Resources","136","未被正式场景、预设、构建配置或动态加载路径引用"
"Assets/Resources/pixramen-valley-asset-pack-v2/pixramen-valley-asset-pack-v2/key/gif/2x/key-red.gif","Resources","136","未被正式场景、预设、构建配置或动态加载路径引用"
"Assets/Resources/pixramen-valley-asset-pack-v2/pixramen-valley-asset-pack-v2/key/gif/3x/key-blue.gif","Resources","186","未被正式场景、预设、构建配置或动态加载路径引用"
"Assets/Resources/pixramen-valley-asset-pack-v2/pixramen-valley-asset-pack-v2/key/gif/3x/key-green.gif","Resources","186","未被正式场景、预设、构建配置或动态加载路径引用"
"Assets/Resources/pixramen-valley-asset-pack-v2/pixramen-valley-asset-pack-v2/key/gif/3x/key-red.gif","Resources","186","未被正式场景、预设、构建配置或动态加载路径引用"
"Assets/Resources/pixramen-valley-asset-pack-v2/pixramen-valley-asset-pack-v2/key/gif/4x/key-blue.gif","Resources","233","未被正式场景、预设、构建配置或动态加载路径引用"
"Assets/Resources/pixramen-valley-asset-pack-v2/pixramen-valley-asset-pack-v2/key/gif/4x/key-green.gif","Resources","233","未被正式场景、预设、构建配置或动态加载路径引用"
"Assets/Resources/pixramen-valley-asset-pack-v2/pixramen-valley-asset-pack-v2/key/gif/4x/key-red.gif","Resources","233","未被正式场景、预设、构建配置或动态加载路径引用"
"Assets/Resources/pixramen-valley-asset-pack-v2/pixramen-valley-asset-pack-v2/key/gif/5x/key-blue.gif","Resources","288","未被正式场景、预设、构建配置或动态加载路径引用"
"Assets/Resources/pixramen-valley-asset-pack-v2/pixramen-valley-asset-pack-v2/key/gif/5x/key-green.gif","Resources","288","未被正式场景、预设、构建配置或动态加载路径引用"
"Assets/Resources/pixramen-valley-asset-pack-v2/pixramen-valley-asset-pack-v2/key/gif/5x/key-red.gif","Resources","288","未被正式场景、预设、构建配置或动态加载路径引用"
"Assets/Resources/pixramen-valley-asset-pack-v2/pixramen-valley-asset-pack-v2/key/png/1x/key-blue/key-blue.png","Resources","226","未被正式场景、预设、构建配置或动态加载路径引用"
"Assets/Resources/pixramen-valley-asset-pack-v2/pixramen-valley-asset-pack-v2/key/png/1x/key-green/key-green.png","Resources","219","未被正式场景、预设、构建配置或动态加载路径引用"
"Assets/Resources/pixramen-valley-asset-pack-v2/pixramen-valley-asset-pack-v2/key/png/1x/key-red/key-red.png","Resources","218","未被正式场景、预设、构建配置或动态加载路径引用"
"Assets/Resources/pixramen-valley-asset-pack-v2/pixramen-valley-asset-pack-v2/key/png/2x/key-blue/key-blue.png","Resources","248","未被正式场景、预设、构建配置或动态加载路径引用"
"Assets/Resources/pixramen-valley-asset-pack-v2/pixramen-valley-asset-pack-v2/key/png/2x/key-green/key-green.png","Resources","245","未被正式场景、预设、构建配置或动态加载路径引用"
"Assets/Resources/pixramen-valley-asset-pack-v2/pixramen-valley-asset-pack-v2/key/png/2x/key-red/key-red.png","Resources","241","未被正式场景、预设、构建配置或动态加载路径引用"
"Assets/Resources/pixramen-valley-asset-pack-v2/pixramen-valley-asset-pack-v2/key/png/3x/key-blue/key-blue.png","Resources","269","未被正式场景、预设、构建配置或动态加载路径引用"
"Assets/Resources/pixramen-valley-asset-pack-v2/pixramen-valley-asset-pack-v2/key/png/3x/key-green/key-green.png","Resources","261","未被正式场景、预设、构建配置或动态加载路径引用"
"Assets/Resources/pixramen-valley-asset-pack-v2/pixramen-valley-asset-pack-v2/key/png/3x/key-red/key-red.png","Resources","262","未被正式场景、预设、构建配置或动态加载路径引用"
"Assets/Resources/pixramen-valley-asset-pack-v2/pixramen-valley-asset-pack-v2/key/png/4x/key-blue/key-blue.png","Resources","290","未被正式场景、预设、构建配置或动态加载路径引用"
"Assets/Resources/pixramen-valley-asset-pack-v2/pixramen-valley-asset-pack-v2/key/png/4x/key-green/key-green.png","Resources","283","未被正式场景、预设、构建配置或动态加载路径引用"
"Assets/Resources/pixramen-valley-asset-pack-v2/pixramen-valley-asset-pack-v2/key/png/4x/key-red/key-red.png","Resources","282","未被正式场景、预设、构建配置或动态加载路径引用"
"Assets/Resources/pixramen-valley-asset-pack-v2/pixramen-valley-asset-pack-v2/key/png/5x/key-blue/key-blue.png","Resources","335","未被正式场景、预设、构建配置或动态加载路径引用"
"Assets/Resources/pixramen-valley-asset-pack-v2/pixramen-valley-asset-pack-v2/key/png/5x/key-green/key-green.png","Resources","328","未被正式场景、预设、构建配置或动态加载路径引用"
"Assets/Resources/pixramen-valley-asset-pack-v2/pixramen-valley-asset-pack-v2/key/png/5x/key-red/key-red.png","Resources","327","未被正式场景、预设、构建配置或动态加载路径引用"
"Assets/Resources/pixramen-valley-asset-pack-v2/pixramen-valley-asset-pack-v2/key/spritesheets/1x/key-blue.png","Resources","226","未被正式场景、预设、构建配置或动态加载路径引用"
"Assets/Resources/pixramen-valley-asset-pack-v2/pixramen-valley-asset-pack-v2/key/spritesheets/1x/key-green.png","Resources","219","未被正式场景、预设、构建配置或动态加载路径引用"
"Assets/Resources/pixramen-valley-asset-pack-v2/pixramen-valley-asset-pack-v2/key/spritesheets/1x/key-red.png","Resources","218","未被正式场景、预设、构建配置或动态加载路径引用"
"Assets/Resources/pixramen-valley-asset-pack-v2/pixramen-valley-asset-pack-v2/key/spritesheets/2x/key-blue.png","Resources","248","未被正式场景、预设、构建配置或动态加载路径引用"
"Assets/Resources/pixramen-valley-asset-pack-v2/pixramen-valley-asset-pack-v2/key/spritesheets/2x/key-green.png","Resources","245","未被正式场景、预设、构建配置或动态加载路径引用"
"Assets/Resources/pixramen-valley-asset-pack-v2/pixramen-valley-asset-pack-v2/key/spritesheets/2x/key-red.png","Resources","241","未被正式场景、预设、构建配置或动态加载路径引用"
"Assets/Resources/pixramen-valley-asset-pack-v2/pixramen-valley-asset-pack-v2/key/spritesheets/3x/key-blue.png","Resources","269","未被正式场景、预设、构建配置或动态加载路径引用"
"Assets/Resources/pixramen-valley-asset-pack-v2/pixramen-valley-asset-pack-v2/key/spritesheets/3x/key-green.png","Resources","261","未被正式场景、预设、构建配置或动态加载路径引用"
"Assets/Resources/pixramen-valley-asset-pack-v2/pixramen-valley-asset-pack-v2/key/spritesheets/3x/key-red.png","Resources","262","未被正式场景、预设、构建配置或动态加载路径引用"
"Assets/Resources/pixramen-valley-asset-pack-v2/pixramen-valley-asset-pack-v2/key/spritesheets/4x/key-blue.png","Resources","290","未被正式场景、预设、构建配置或动态加载路径引用"
"Assets/Resources/pixramen-valley-asset-pack-v2/pixramen-valley-asset-pack-v2/key/spritesheets/4x/key-green.png","Resources","283","未被正式场景、预设、构建配置或动态加载路径引用"
"Assets/Resources/pixramen-valley-asset-pack-v2/pixramen-valley-asset-pack-v2/key/spritesheets/4x/key-red.png","Resources","282","未被正式场景、预设、构建配置或动态加载路径引用"
"Assets/Resources/pixramen-valley-asset-pack-v2/pixramen-valley-asset-pack-v2/key/spritesheets/5x/key-blue.png","Resources","335","未被正式场景、预设、构建配置或动态加载路径引用"
"Assets/Resources/pixramen-valley-asset-pack-v2/pixramen-valley-asset-pack-v2/key/spritesheets/5x/key-green.png","Resources","328","未被正式场景、预设、构建配置或动态加载路径引用"
"Assets/Resources/pixramen-valley-asset-pack-v2/pixramen-valley-asset-pack-v2/key/spritesheets/5x/key-red.png","Resources","327","未被正式场景、预设、构建配置或动态加载路径引用"
"Assets/Resources/pixramen-valley-asset-pack-v2/pixramen-valley-asset-pack-v2/large-potion/aseprite_files/blue-potion-large.aseprite","Resources","609","未被正式场景、预设、构建配置或动态加载路径引用"
"Assets/Resources/pixramen-valley-asset-pack-v2/pixramen-valley-asset-pack-v2/large-potion/aseprite_files/green-potion-large.aseprite","Resources","610","未被正式场景、预设、构建配置或动态加载路径引用"
"Assets/Resources/pixramen-valley-asset-pack-v2/pixramen-valley-asset-pack-v2/large-potion/aseprite_files/red-potion-large.aseprite","Resources","610","未被正式场景、预设、构建配置或动态加载路径引用"
"Assets/Resources/pixramen-valley-asset-pack-v2/pixramen-valley-asset-pack-v2/large-potion/gif/1x/blue-potion-large.gif","Resources","102","未被正式场景、预设、构建配置或动态加载路径引用"
"Assets/Resources/pixramen-valley-asset-pack-v2/pixramen-valley-asset-pack-v2/large-potion/gif/1x/green-potion-large.gif","Resources","102","未被正式场景、预设、构建配置或动态加载路径引用"
"Assets/Resources/pixramen-valley-asset-pack-v2/pixramen-valley-asset-pack-v2/large-potion/gif/1x/red-potion-large.gif","Resources","102","未被正式场景、预设、构建配置或动态加载路径引用"
"Assets/Resources/pixramen-valley-asset-pack-v2/pixramen-valley-asset-pack-v2/large-potion/gif/2x/blue-potion-large.gif","Resources","140","未被正式场景、预设、构建配置或动态加载路径引用"
"Assets/Resources/pixramen-valley-asset-pack-v2/pixramen-valley-asset-pack-v2/large-potion/gif/2x/green-potion-large.gif","Resources","140","未被正式场景、预设、构建配置或动态加载路径引用"
"Assets/Resources/pixramen-valley-asset-pack-v2/pixramen-valley-asset-pack-v2/large-potion/gif/2x/red-potion-large.gif","Resources","140","未被正式场景、预设、构建配置或动态加载路径引用"
"Assets/Resources/pixramen-valley-asset-pack-v2/pixramen-valley-asset-pack-v2/large-potion/gif/3x/blue-potion-large.gif","Resources","180","未被正式场景、预设、构建配置或动态加载路径引用"
"Assets/Resources/pixramen-valley-asset-pack-v2/pixramen-valley-asset-pack-v2/large-potion/gif/3x/green-potion-large.gif","Resources","180","未被正式场景、预设、构建配置或动态加载路径引用"
"Assets/Resources/pixramen-valley-asset-pack-v2/pixramen-valley-asset-pack-v2/large-potion/gif/3x/red-potion-large.gif","Resources","180","未被正式场景、预设、构建配置或动态加载路径引用"
"Assets/Resources/pixramen-valley-asset-pack-v2/pixramen-valley-asset-pack-v2/large-potion/gif/4x/blue-potion-large.gif","Resources","221","未被正式场景、预设、构建配置或动态加载路径引用"
"Assets/Resources/pixramen-valley-asset-pack-v2/pixramen-valley-asset-pack-v2/large-potion/gif/4x/green-potion-large.gif","Resources","221","未被正式场景、预设、构建配置或动态加载路径引用"
"Assets/Resources/pixramen-valley-asset-pack-v2/pixramen-valley-asset-pack-v2/large-potion/gif/4x/red-potion-large.gif","Resources","221","未被正式场景、预设、构建配置或动态加载路径引用"
"Assets/Resources/pixramen-valley-asset-pack-v2/pixramen-valley-asset-pack-v2/large-potion/gif/5x/blue-potion-large.gif","Resources","267","未被正式场景、预设、构建配置或动态加载路径引用"
"Assets/Resources/pixramen-valley-asset-pack-v2/pixramen-valley-asset-pack-v2/large-potion/gif/5x/green-potion-large.gif","Resources","267","未被正式场景、预设、构建配置或动态加载路径引用"
"Assets/Resources/pixramen-valley-asset-pack-v2/pixramen-valley-asset-pack-v2/large-potion/gif/5x/red-potion-large.gif","Resources","267","未被正式场景、预设、构建配置或动态加载路径引用"
"Assets/Resources/pixramen-valley-asset-pack-v2/pixramen-valley-asset-pack-v2/large-potion/png/1x/blue-potion-large/blue-potion-large.png","Resources","207","未被正式场景、预设、构建配置或动态加载路径引用"
"Assets/Resources/pixramen-valley-asset-pack-v2/pixramen-valley-asset-pack-v2/large-potion/png/1x/green-potion-large/green-potion-large.png","Resources","206","未被正式场景、预设、构建配置或动态加载路径引用"
"Assets/Resources/pixramen-valley-asset-pack-v2/pixramen-valley-asset-pack-v2/large-potion/png/2x/blue-potion-large/blue-potion-large.png","Resources","229","未被正式场景、预设、构建配置或动态加载路径引用"
"Assets/Resources/pixramen-valley-asset-pack-v2/pixramen-valley-asset-pack-v2/large-potion/png/2x/green-potion-large/green-potion-large.png","Resources","233","未被正式场景、预设、构建配置或动态加载路径引用"
"Assets/Resources/pixramen-valley-asset-pack-v2/pixramen-valley-asset-pack-v2/large-potion/png/2x/red-potion-large/red-potion-large.png","Resources","229","未被正式场景、预设、构建配置或动态加载路径引用"
"Assets/Resources/pixramen-valley-asset-pack-v2/pixramen-valley-asset-pack-v2/large-potion/png/3x/blue-potion-large/blue-potion-large.png","Resources","230","未被正式场景、预设、构建配置或动态加载路径引用"
"Assets/Resources/pixramen-valley-asset-pack-v2/pixramen-valley-asset-pack-v2/large-potion/png/3x/green-potion-large/green-potion-large.png","Resources","232","未被正式场景、预设、构建配置或动态加载路径引用"
"Assets/Resources/pixramen-valley-asset-pack-v2/pixramen-valley-asset-pack-v2/large-potion/png/3x/red-potion-large/red-potion-large.png","Resources","227","未被正式场景、预设、构建配置或动态加载路径引用"
"Assets/Resources/pixramen-valley-asset-pack-v2/pixramen-valley-asset-pack-v2/large-potion/png/4x/blue-potion-large/blue-potion-large.png","Resources","272","未被正式场景、预设、构建配置或动态加载路径引用"
"Assets/Resources/pixramen-valley-asset-pack-v2/pixramen-valley-asset-pack-v2/large-potion/png/4x/green-potion-large/green-potion-large.png","Resources","274","未被正式场景、预设、构建配置或动态加载路径引用"
"Assets/Resources/pixramen-valley-asset-pack-v2/pixramen-valley-asset-pack-v2/large-potion/png/4x/red-potion-large/red-potion-large.png","Resources","269","未被正式场景、预设、构建配置或动态加载路径引用"
"Assets/Resources/pixramen-valley-asset-pack-v2/pixramen-valley-asset-pack-v2/large-potion/png/5x/blue-potion-large/blue-potion-large.png","Resources","291","未被正式场景、预设、构建配置或动态加载路径引用"
"Assets/Resources/pixramen-valley-asset-pack-v2/pixramen-valley-asset-pack-v2/large-potion/png/5x/green-potion-large/green-potion-large.png","Resources","292","未被正式场景、预设、构建配置或动态加载路径引用"
"Assets/Resources/pixramen-valley-asset-pack-v2/pixramen-valley-asset-pack-v2/large-potion/png/5x/red-potion-large/red-potion-large.png","Resources","286","未被正式场景、预设、构建配置或动态加载路径引用"
"Assets/Resources/pixramen-valley-asset-pack-v2/pixramen-valley-asset-pack-v2/large-potion/spritesheets/1x/blue-potion-large.png","Resources","207","未被正式场景、预设、构建配置或动态加载路径引用"
"Assets/Resources/pixramen-valley-asset-pack-v2/pixramen-valley-asset-pack-v2/large-potion/spritesheets/1x/green-potion-large.png","Resources","206","未被正式场景、预设、构建配置或动态加载路径引用"
"Assets/Resources/pixramen-valley-asset-pack-v2/pixramen-valley-asset-pack-v2/large-potion/spritesheets/1x/red-potion-large.png","Resources","203","未被正式场景、预设、构建配置或动态加载路径引用"
"Assets/Resources/pixramen-valley-asset-pack-v2/pixramen-valley-asset-pack-v2/large-potion/spritesheets/2x/blue-potion-large.png","Resources","229","未被正式场景、预设、构建配置或动态加载路径引用"
"Assets/Resources/pixramen-valley-asset-pack-v2/pixramen-valley-asset-pack-v2/large-potion/spritesheets/2x/green-potion-large.png","Resources","233","未被正式场景、预设、构建配置或动态加载路径引用"
"Assets/Resources/pixramen-valley-asset-pack-v2/pixramen-valley-asset-pack-v2/large-potion/spritesheets/2x/red-potion-large.png","Resources","229","未被正式场景、预设、构建配置或动态加载路径引用"
"Assets/Resources/pixramen-valley-asset-pack-v2/pixramen-valley-asset-pack-v2/large-potion/spritesheets/3x/blue-potion-large.png","Resources","230","未被正式场景、预设、构建配置或动态加载路径引用"
"Assets/Resources/pixramen-valley-asset-pack-v2/pixramen-valley-asset-pack-v2/large-potion/spritesheets/3x/green-potion-large.png","Resources","232","未被正式场景、预设、构建配置或动态加载路径引用"
"Assets/Resources/pixramen-valley-asset-pack-v2/pixramen-valley-asset-pack-v2/large-potion/spritesheets/3x/red-potion-large.png","Resources","227","未被正式场景、预设、构建配置或动态加载路径引用"
"Assets/Resources/pixramen-valley-asset-pack-v2/pixramen-valley-asset-pack-v2/large-potion/spritesheets/4x/blue-potion-large.png","Resources","272","未被正式场景、预设、构建配置或动态加载路径引用"
"Assets/Resources/pixramen-valley-asset-pack-v2/pixramen-valley-asset-pack-v2/large-potion/spritesheets/4x/green-potion-large.png","Resources","274","未被正式场景、预设、构建配置或动态加载路径引用"
"Assets/Resources/pixramen-valley-asset-pack-v2/pixramen-valley-asset-pack-v2/large-potion/spritesheets/4x/red-potion-large.png","Resources","269","未被正式场景、预设、构建配置或动态加载路径引用"
"Assets/Resources/pixramen-valley-asset-pack-v2/pixramen-valley-asset-pack-v2/large-potion/spritesheets/5x/blue-potion-large.png","Resources","291","未被正式场景、预设、构建配置或动态加载路径引用"
"Assets/Resources/pixramen-valley-asset-pack-v2/pixramen-valley-asset-pack-v2/large-potion/spritesheets/5x/green-potion-large.png","Resources","292","未被正式场景、预设、构建配置或动态加载路径引用"
"Assets/Resources/pixramen-valley-asset-pack-v2/pixramen-valley-asset-pack-v2/large-potion/spritesheets/5x/red-potion-large.png","Resources","286","未被正式场景、预设、构建配置或动态加载路径引用"
"Assets/Resources/pixramen-valley-asset-pack-v2/pixramen-valley-asset-pack-v2/portal/aseprite_files/blue-portal.aseprite","Resources","4325","未被正式场景、预设、构建配置或动态加载路径引用"
"Assets/Resources/pixramen-valley-asset-pack-v2/pixramen-valley-asset-pack-v2/portal/aseprite_files/green-portal.aseprite","Resources","4308","未被正式场景、预设、构建配置或动态加载路径引用"
"Assets/Resources/pixramen-valley-asset-pack-v2/pixramen-valley-asset-pack-v2/portal/aseprite_files/red-portal.aseprite","Resources","4295","未被正式场景、预设、构建配置或动态加载路径引用"
"Assets/Resources/pixramen-valley-asset-pack-v2/pixramen-valley-asset-pack-v2/portal/gif/1x/blue-portal.gif","Resources","1912","未被正式场景、预设、构建配置或动态加载路径引用"
"Assets/Resources/pixramen-valley-asset-pack-v2/pixramen-valley-asset-pack-v2/portal/gif/1x/green-portal.gif","Resources","1912","未被正式场景、预设、构建配置或动态加载路径引用"
"Assets/Resources/pixramen-valley-asset-pack-v2/pixramen-valley-asset-pack-v2/portal/gif/1x/red-portal.gif","Resources","1912","未被正式场景、预设、构建配置或动态加载路径引用"
"Assets/Resources/pixramen-valley-asset-pack-v2/pixramen-valley-asset-pack-v2/portal/gif/2x/blue-portal.gif","Resources","4287","未被正式场景、预设、构建配置或动态加载路径引用"
"Assets/Resources/pixramen-valley-asset-pack-v2/pixramen-valley-asset-pack-v2/portal/gif/2x/green-portal.gif","Resources","4287","未被正式场景、预设、构建配置或动态加载路径引用"
"Assets/Resources/pixramen-valley-asset-pack-v2/pixramen-valley-asset-pack-v2/portal/gif/2x/red-portal.gif","Resources","4287","未被正式场景、预设、构建配置或动态加载路径引用"
"Assets/Resources/pixramen-valley-asset-pack-v2/pixramen-valley-asset-pack-v2/portal/gif/3x/blue-portal.gif","Resources","6953","未被正式场景、预设、构建配置或动态加载路径引用"
"Assets/Resources/pixramen-valley-asset-pack-v2/pixramen-valley-asset-pack-v2/portal/gif/3x/green-portal.gif","Resources","6953","未被正式场景、预设、构建配置或动态加载路径引用"
"Assets/Resources/pixramen-valley-asset-pack-v2/pixramen-valley-asset-pack-v2/portal/gif/3x/red-portal.gif","Resources","6953","未被正式场景、预设、构建配置或动态加载路径引用"
"Assets/Resources/pixramen-valley-asset-pack-v2/pixramen-valley-asset-pack-v2/portal/gif/4x/blue-portal.gif","Resources","9867","未被正式场景、预设、构建配置或动态加载路径引用"
"Assets/Resources/pixramen-valley-asset-pack-v2/pixramen-valley-asset-pack-v2/portal/gif/4x/green-portal.gif","Resources","9867","未被正式场景、预设、构建配置或动态加载路径引用"
"Assets/Resources/pixramen-valley-asset-pack-v2/pixramen-valley-asset-pack-v2/portal/gif/4x/red-portal.gif","Resources","9867","未被正式场景、预设、构建配置或动态加载路径引用"
"Assets/Resources/pixramen-valley-asset-pack-v2/pixramen-valley-asset-pack-v2/portal/gif/5x/blue-portal.gif","Resources","12843","未被正式场景、预设、构建配置或动态加载路径引用"
"Assets/Resources/pixramen-valley-asset-pack-v2/pixramen-valley-asset-pack-v2/portal/gif/5x/green-portal.gif","Resources","12843","未被正式场景、预设、构建配置或动态加载路径引用"
"Assets/Resources/pixramen-valley-asset-pack-v2/pixramen-valley-asset-pack-v2/portal/gif/5x/red-portal.gif","Resources","12843","未被正式场景、预设、构建配置或动态加载路径引用"
"Assets/Resources/pixramen-valley-asset-pack-v2/pixramen-valley-asset-pack-v2/portal/png/1x/blue-portal/blue-portal1.png","Resources","611","未被正式场景、预设、构建配置或动态加载路径引用"
"Assets/Resources/pixramen-valley-asset-pack-v2/pixramen-valley-asset-pack-v2/portal/png/1x/blue-portal/blue-portal2.png","Resources","596","未被正式场景、预设、构建配置或动态加载路径引用"
"Assets/Resources/pixramen-valley-asset-pack-v2/pixramen-valley-asset-pack-v2/portal/png/1x/blue-portal/blue-portal3.png","Resources","617","未被正式场景、预设、构建配置或动态加载路径引用"
"Assets/Resources/pixramen-valley-asset-pack-v2/pixramen-valley-asset-pack-v2/portal/png/1x/blue-portal/blue-portal4.png","Resources","621","未被正式场景、预设、构建配置或动态加载路径引用"
"Assets/Resources/pixramen-valley-asset-pack-v2/pixramen-valley-asset-pack-v2/portal/png/1x/blue-portal/blue-portal5.png","Resources","602","未被正式场景、预设、构建配置或动态加载路径引用"
"Assets/Resources/pixramen-valley-asset-pack-v2/pixramen-valley-asset-pack-v2/portal/png/1x/blue-portal/blue-portal6.png","Resources","630","未被正式场景、预设、构建配置或动态加载路径引用"
"Assets/Resources/pixramen-valley-asset-pack-v2/pixramen-valley-asset-pack-v2/portal/png/1x/green-portal/green-portal1.png","Resources","613","未被正式场景、预设、构建配置或动态加载路径引用"
"Assets/Resources/pixramen-valley-asset-pack-v2/pixramen-valley-asset-pack-v2/portal/png/1x/green-portal/green-portal2.png","Resources","597","未被正式场景、预设、构建配置或动态加载路径引用"
"Assets/Resources/pixramen-valley-asset-pack-v2/pixramen-valley-asset-pack-v2/portal/png/1x/green-portal/green-portal3.png","Resources","617","未被正式场景、预设、构建配置或动态加载路径引用"
"Assets/Resources/pixramen-valley-asset-pack-v2/pixramen-valley-asset-pack-v2/portal/png/1x/green-portal/green-portal4.png","Resources","630","未被正式场景、预设、构建配置或动态加载路径引用"
"Assets/Resources/pixramen-valley-asset-pack-v2/pixramen-valley-asset-pack-v2/portal/png/1x/green-portal/green-portal5.png","Resources","600","未被正式场景、预设、构建配置或动态加载路径引用"
"Assets/Resources/pixramen-valley-asset-pack-v2/pixramen-valley-asset-pack-v2/portal/png/1x/green-portal/green-portal6.png","Resources","619","未被正式场景、预设、构建配置或动态加载路径引用"
"Assets/Resources/pixramen-valley-asset-pack-v2/pixramen-valley-asset-pack-v2/portal/png/1x/red-portal/red-portal1.png","Resources","606","未被正式场景、预设、构建配置或动态加载路径引用"
"Assets/Resources/pixramen-valley-asset-pack-v2/pixramen-valley-asset-pack-v2/portal/png/1x/red-portal/red-portal2.png","Resources","591","未被正式场景、预设、构建配置或动态加载路径引用"
"Assets/Resources/pixramen-valley-asset-pack-v2/pixramen-valley-asset-pack-v2/portal/png/1x/red-portal/red-portal3.png","Resources","611","未被正式场景、预设、构建配置或动态加载路径引用"
"Assets/Resources/pixramen-valley-asset-pack-v2/pixramen-valley-asset-pack-v2/portal/png/1x/red-portal/red-portal4.png","Resources","618","未被正式场景、预设、构建配置或动态加载路径引用"
"Assets/Resources/pixramen-valley-asset-pack-v2/pixramen-valley-asset-pack-v2/portal/png/1x/red-portal/red-portal5.png","Resources","591","未被正式场景、预设、构建配置或动态加载路径引用"
"Assets/Resources/pixramen-valley-asset-pack-v2/pixramen-valley-asset-pack-v2/portal/png/1x/red-portal/red-portal6.png","Resources","616","未被正式场景、预设、构建配置或动态加载路径引用"
"Assets/Resources/pixramen-valley-asset-pack-v2/pixramen-valley-asset-pack-v2/portal/png/2x/blue-portal/blue-portal1.png","Resources","824","未被正式场景、预设、构建配置或动态加载路径引用"
"Assets/Resources/pixramen-valley-asset-pack-v2/pixramen-valley-asset-pack-v2/portal/png/2x/blue-portal/blue-portal2.png","Resources","810","未被正式场景、预设、构建配置或动态加载路径引用"
"Assets/Resources/pixramen-valley-asset-pack-v2/pixramen-valley-asset-pack-v2/portal/png/2x/blue-portal/blue-portal3.png","Resources","824","未被正式场景、预设、构建配置或动态加载路径引用"
"Assets/Resources/pixramen-valley-asset-pack-v2/pixramen-valley-asset-pack-v2/portal/png/2x/blue-portal/blue-portal4.png","Resources","820","未被正式场景、预设、构建配置或动态加载路径引用"
"Assets/Resources/pixramen-valley-asset-pack-v2/pixramen-valley-asset-pack-v2/portal/png/2x/blue-portal/blue-portal5.png","Resources","813","未被正式场景、预设、构建配置或动态加载路径引用"
"Assets/Resources/pixramen-valley-asset-pack-v2/pixramen-valley-asset-pack-v2/portal/png/2x/blue-portal/blue-portal6.png","Resources","852","未被正式场景、预设、构建配置或动态加载路径引用"
"Assets/Resources/pixramen-valley-asset-pack-v2/pixramen-valley-asset-pack-v2/portal/png/2x/green-portal/green-portal1.png","Resources","825","未被正式场景、预设、构建配置或动态加载路径引用"
"Assets/Resources/pixramen-valley-asset-pack-v2/pixramen-valley-asset-pack-v2/portal/png/2x/green-portal/green-portal2.png","Resources","817","未被正式场景、预设、构建配置或动态加载路径引用"
"Assets/Resources/pixramen-valley-asset-pack-v2/pixramen-valley-asset-pack-v2/portal/png/2x/green-portal/green-portal3.png","Resources","831","未被正式场景、预设、构建配置或动态加载路径引用"
"Assets/Resources/pixramen-valley-asset-pack-v2/pixramen-valley-asset-pack-v2/portal/png/2x/green-portal/green-portal4.png","Resources","827","未被正式场景、预设、构建配置或动态加载路径引用"
"Assets/Resources/pixramen-valley-asset-pack-v2/pixramen-valley-asset-pack-v2/portal/png/2x/green-portal/green-portal5.png","Resources","813","未被正式场景、预设、构建配置或动态加载路径引用"
"Assets/Resources/pixramen-valley-asset-pack-v2/pixramen-valley-asset-pack-v2/portal/png/2x/green-portal/green-portal6.png","Resources","841","未被正式场景、预设、构建配置或动态加载路径引用"
"Assets/Resources/pixramen-valley-asset-pack-v2/pixramen-valley-asset-pack-v2/portal/png/2x/red-portal/red-portal1.png","Resources","819","未被正式场景、预设、构建配置或动态加载路径引用"
"Assets/Resources/pixramen-valley-asset-pack-v2/pixramen-valley-asset-pack-v2/portal/png/2x/red-portal/red-portal2.png","Resources","806","未被正式场景、预设、构建配置或动态加载路径引用"
"Assets/Resources/pixramen-valley-asset-pack-v2/pixramen-valley-asset-pack-v2/portal/png/2x/red-portal/red-portal3.png","Resources","820","未被正式场景、预设、构建配置或动态加载路径引用"
"Assets/Resources/pixramen-valley-asset-pack-v2/pixramen-valley-asset-pack-v2/portal/png/2x/red-portal/red-portal4.png","Resources","816","未被正式场景、预设、构建配置或动态加载路径引用"
"Assets/Resources/pixramen-valley-asset-pack-v2/pixramen-valley-asset-pack-v2/portal/png/2x/red-portal/red-portal5.png","Resources","800","未被正式场景、预设、构建配置或动态加载路径引用"
"Assets/Resources/pixramen-valley-asset-pack-v2/pixramen-valley-asset-pack-v2/portal/png/2x/red-portal/red-portal6.png","Resources","843","未被正式场景、预设、构建配置或动态加载路径引用"
"Assets/Resources/pixramen-valley-asset-pack-v2/pixramen-valley-asset-pack-v2/portal/png/3x/blue-portal/blue-portal1.png","Resources","1046","未被正式场景、预设、构建配置或动态加载路径引用"
"Assets/Resources/pixramen-valley-asset-pack-v2/pixramen-valley-asset-pack-v2/portal/png/3x/blue-portal/blue-portal2.png","Resources","1030","未被正式场景、预设、构建配置或动态加载路径引用"
"Assets/Resources/pixramen-valley-asset-pack-v2/pixramen-valley-asset-pack-v2/portal/png/3x/blue-portal/blue-portal3.png","Resources","1047","未被正式场景、预设、构建配置或动态加载路径引用"
"Assets/Resources/pixramen-valley-asset-pack-v2/pixramen-valley-asset-pack-v2/portal/png/3x/blue-portal/blue-portal4.png","Resources","1045","未被正式场景、预设、构建配置或动态加载路径引用"
"Assets/Resources/pixramen-valley-asset-pack-v2/pixramen-valley-asset-pack-v2/portal/png/3x/blue-portal/blue-portal5.png","Resources","1046","未被正式场景、预设、构建配置或动态加载路径引用"
"Assets/Resources/pixramen-valley-asset-pack-v2/pixramen-valley-asset-pack-v2/portal/png/3x/blue-portal/blue-portal6.png","Resources","1072","未被正式场景、预设、构建配置或动态加载路径引用"
"Assets/Resources/pixramen-valley-asset-pack-v2/pixramen-valley-asset-pack-v2/portal/png/3x/green-portal/green-portal1.png","Resources","1049","未被正式场景、预设、构建配置或动态加载路径引用"
"Assets/Resources/pixramen-valley-asset-pack-v2/pixramen-valley-asset-pack-v2/portal/png/3x/green-portal/green-portal2.png","Resources","1035","未被正式场景、预设、构建配置或动态加载路径引用"
"Assets/Resources/pixramen-valley-asset-pack-v2/pixramen-valley-asset-pack-v2/portal/png/3x/green-portal/green-portal3.png","Resources","1052","未被正式场景、预设、构建配置或动态加载路径引用"
"Assets/Resources/pixramen-valley-asset-pack-v2/pixramen-valley-asset-pack-v2/portal/png/3x/green-portal/green-portal4.png","Resources","1051","未被正式场景、预设、构建配置或动态加载路径引用"
"Assets/Resources/pixramen-valley-asset-pack-v2/pixramen-valley-asset-pack-v2/portal/png/3x/green-portal/green-portal5.png","Resources","1047","未被正式场景、预设、构建配置或动态加载路径引用"
"Assets/Resources/pixramen-valley-asset-pack-v2/pixramen-valley-asset-pack-v2/portal/png/3x/green-portal/green-portal6.png","Resources","1064","未被正式场景、预设、构建配置或动态加载路径引用"
"Assets/Resources/pixramen-valley-asset-pack-v2/pixramen-valley-asset-pack-v2/portal/png/3x/red-portal/red-portal1.png","Resources","1042","未被正式场景、预设、构建配置或动态加载路径引用"
"Assets/Resources/pixramen-valley-asset-pack-v2/pixramen-valley-asset-pack-v2/portal/png/3x/red-portal/red-portal2.png","Resources","1026","未被正式场景、预设、构建配置或动态加载路径引用"
"Assets/Resources/pixramen-valley-asset-pack-v2/pixramen-valley-asset-pack-v2/portal/png/3x/red-portal/red-portal3.png","Resources","1043","未被正式场景、预设、构建配置或动态加载路径引用"
"Assets/Resources/pixramen-valley-asset-pack-v2/pixramen-valley-asset-pack-v2/portal/png/3x/red-portal/red-portal4.png","Resources","1036","未被正式场景、预设、构建配置或动态加载路径引用"
"Assets/Resources/pixramen-valley-asset-pack-v2/pixramen-valley-asset-pack-v2/portal/png/3x/red-portal/red-portal5.png","Resources","1038","未被正式场景、预设、构建配置或动态加载路径引用"
"Assets/Resources/pixramen-valley-asset-pack-v2/pixramen-valley-asset-pack-v2/portal/png/3x/red-portal/red-portal6.png","Resources","1063","未被正式场景、预设、构建配置或动态加载路径引用"
"Assets/Resources/pixramen-valley-asset-pack-v2/pixramen-valley-asset-pack-v2/portal/png/4x/blue-portal/blue-portal1.png","Resources","1205","未被正式场景、预设、构建配置或动态加载路径引用"
"Assets/Resources/pixramen-valley-asset-pack-v2/pixramen-valley-asset-pack-v2/portal/png/4x/blue-portal/blue-portal2.png","Resources","1193","未被正式场景、预设、构建配置或动态加载路径引用"
"Assets/Resources/pixramen-valley-asset-pack-v2/pixramen-valley-asset-pack-v2/portal/png/4x/blue-portal/blue-portal3.png","Resources","1209","未被正式场景、预设、构建配置或动态加载路径引用"
"Assets/Resources/pixramen-valley-asset-pack-v2/pixramen-valley-asset-pack-v2/portal/png/4x/blue-portal/blue-portal4.png","Resources","1207","未被正式场景、预设、构建配置或动态加载路径引用"
"Assets/Resources/pixramen-valley-asset-pack-v2/pixramen-valley-asset-pack-v2/portal/png/4x/blue-portal/blue-portal5.png","Resources","1207","未被正式场景、预设、构建配置或动态加载路径引用"
"Assets/Resources/pixramen-valley-asset-pack-v2/pixramen-valley-asset-pack-v2/portal/png/4x/blue-portal/blue-portal6.png","Resources","1228","未被正式场景、预设、构建配置或动态加载路径引用"
"Assets/Resources/pixramen-valley-asset-pack-v2/pixramen-valley-asset-pack-v2/portal/png/4x/green-portal/green-portal1.png","Resources","1208","未被正式场景、预设、构建配置或动态加载路径引用"
"Assets/Resources/pixramen-valley-asset-pack-v2/pixramen-valley-asset-pack-v2/portal/png/4x/green-portal/green-portal2.png","Resources","1197","未被正式场景、预设、构建配置或动态加载路径引用"
"Assets/Resources/pixramen-valley-asset-pack-v2/pixramen-valley-asset-pack-v2/portal/png/4x/green-portal/green-portal3.png","Resources","1215","未被正式场景、预设、构建配置或动态加载路径引用"
"Assets/Resources/pixramen-valley-asset-pack-v2/pixramen-valley-asset-pack-v2/portal/png/4x/green-portal/green-portal4.png","Resources","1221","未被正式场景、预设、构建配置或动态加载路径引用"
"Assets/Resources/pixramen-valley-asset-pack-v2/pixramen-valley-asset-pack-v2/portal/png/4x/green-portal/green-portal5.png","Resources","1210","未被正式场景、预设、构建配置或动态加载路径引用"
"Assets/Resources/pixramen-valley-asset-pack-v2/pixramen-valley-asset-pack-v2/portal/png/4x/green-portal/green-portal6.png","Resources","1225","未被正式场景、预设、构建配置或动态加载路径引用"
"Assets/Resources/pixramen-valley-asset-pack-v2/pixramen-valley-asset-pack-v2/portal/png/4x/red-portal/red-portal1.png","Resources","1203","未被正式场景、预设、构建配置或动态加载路径引用"
"Assets/Resources/pixramen-valley-asset-pack-v2/pixramen-valley-asset-pack-v2/portal/png/4x/red-portal/red-portal2.png","Resources","1187","未被正式场景、预设、构建配置或动态加载路径引用"
"Assets/Resources/pixramen-valley-asset-pack-v2/pixramen-valley-asset-pack-v2/portal/png/4x/red-portal/red-portal3.png","Resources","1201","未被正式场景、预设、构建配置或动态加载路径引用"
"Assets/Resources/pixramen-valley-asset-pack-v2/pixramen-valley-asset-pack-v2/portal/png/4x/red-portal/red-portal4.png","Resources","1206","未被正式场景、预设、构建配置或动态加载路径引用"
"Assets/Resources/pixramen-valley-asset-pack-v2/pixramen-valley-asset-pack-v2/portal/png/4x/red-portal/red-portal5.png","Resources","1198","未被正式场景、预设、构建配置或动态加载路径引用"
"Assets/Resources/pixramen-valley-asset-pack-v2/pixramen-valley-asset-pack-v2/portal/png/4x/red-portal/red-portal6.png","Resources","1220","未被正式场景、预设、构建配置或动态加载路径引用"
"Assets/Resources/pixramen-valley-asset-pack-v2/pixramen-valley-asset-pack-v2/portal/png/5x/blue-portal/blue-portal1.png","Resources","1407","未被正式场景、预设、构建配置或动态加载路径引用"
"Assets/Resources/pixramen-valley-asset-pack-v2/pixramen-valley-asset-pack-v2/portal/png/5x/blue-portal/blue-portal2.png","Resources","1380","未被正式场景、预设、构建配置或动态加载路径引用"
"Assets/Resources/pixramen-valley-asset-pack-v2/pixramen-valley-asset-pack-v2/portal/png/5x/blue-portal/blue-portal3.png","Resources","1412","未被正式场景、预设、构建配置或动态加载路径引用"
"Assets/Resources/pixramen-valley-asset-pack-v2/pixramen-valley-asset-pack-v2/portal/png/5x/blue-portal/blue-portal4.png","Resources","1399","未被正式场景、预设、构建配置或动态加载路径引用"
"Assets/Resources/pixramen-valley-asset-pack-v2/pixramen-valley-asset-pack-v2/portal/png/5x/blue-portal/blue-portal5.png","Resources","1399","未被正式场景、预设、构建配置或动态加载路径引用"
"Assets/Resources/pixramen-valley-asset-pack-v2/pixramen-valley-asset-pack-v2/portal/png/5x/blue-portal/blue-portal6.png","Resources","1432","未被正式场景、预设、构建配置或动态加载路径引用"
"Assets/Resources/pixramen-valley-asset-pack-v2/pixramen-valley-asset-pack-v2/portal/png/5x/green-portal/green-portal1.png","Resources","1412","未被正式场景、预设、构建配置或动态加载路径引用"
"Assets/Resources/pixramen-valley-asset-pack-v2/pixramen-valley-asset-pack-v2/portal/png/5x/green-portal/green-portal2.png","Resources","1384","未被正式场景、预设、构建配置或动态加载路径引用"
"Assets/Resources/pixramen-valley-asset-pack-v2/pixramen-valley-asset-pack-v2/portal/png/5x/green-portal/green-portal3.png","Resources","1420","未被正式场景、预设、构建配置或动态加载路径引用"
"Assets/Resources/pixramen-valley-asset-pack-v2/pixramen-valley-asset-pack-v2/portal/png/5x/green-portal/green-portal4.png","Resources","1407","未被正式场景、预设、构建配置或动态加载路径引用"
"Assets/Resources/pixramen-valley-asset-pack-v2/pixramen-valley-asset-pack-v2/portal/png/5x/green-portal/green-portal5.png","Resources","1403","未被正式场景、预设、构建配置或动态加载路径引用"
"Assets/Resources/pixramen-valley-asset-pack-v2/pixramen-valley-asset-pack-v2/portal/png/5x/green-portal/green-portal6.png","Resources","1424","未被正式场景、预设、构建配置或动态加载路径引用"
"Assets/Resources/pixramen-valley-asset-pack-v2/pixramen-valley-asset-pack-v2/portal/png/5x/red-portal/red-portal1.png","Resources","1400","未被正式场景、预设、构建配置或动态加载路径引用"
"Assets/Resources/pixramen-valley-asset-pack-v2/pixramen-valley-asset-pack-v2/portal/png/5x/red-portal/red-portal2.png","Resources","1372","未被正式场景、预设、构建配置或动态加载路径引用"
"Assets/Resources/pixramen-valley-asset-pack-v2/pixramen-valley-asset-pack-v2/portal/png/5x/red-portal/red-portal3.png","Resources","1408","未被正式场景、预设、构建配置或动态加载路径引用"
"Assets/Resources/pixramen-valley-asset-pack-v2/pixramen-valley-asset-pack-v2/portal/png/5x/red-portal/red-portal4.png","Resources","1391","未被正式场景、预设、构建配置或动态加载路径引用"
"Assets/Resources/pixramen-valley-asset-pack-v2/pixramen-valley-asset-pack-v2/portal/png/5x/red-portal/red-portal5.png","Resources","1394","未被正式场景、预设、构建配置或动态加载路径引用"
"Assets/Resources/pixramen-valley-asset-pack-v2/pixramen-valley-asset-pack-v2/portal/png/5x/red-portal/red-portal6.png","Resources","1425","未被正式场景、预设、构建配置或动态加载路径引用"
"Assets/Resources/pixramen-valley-asset-pack-v2/pixramen-valley-asset-pack-v2/portal/spritesheets/1x/blue-portal.png","Resources","1615","未被正式场景、预设、构建配置或动态加载路径引用"
"Assets/Resources/pixramen-valley-asset-pack-v2/pixramen-valley-asset-pack-v2/portal/spritesheets/1x/green-portal.png","Resources","1645","未被正式场景、预设、构建配置或动态加载路径引用"
"Assets/Resources/pixramen-valley-asset-pack-v2/pixramen-valley-asset-pack-v2/portal/spritesheets/1x/red-portal.png","Resources","1605","未被正式场景、预设、构建配置或动态加载路径引用"
"Assets/Resources/pixramen-valley-asset-pack-v2/pixramen-valley-asset-pack-v2/portal/spritesheets/2x/blue-portal.png","Resources","2295","未被正式场景、预设、构建配置或动态加载路径引用"
"Assets/Resources/pixramen-valley-asset-pack-v2/pixramen-valley-asset-pack-v2/portal/spritesheets/2x/green-portal.png","Resources","2358","未被正式场景、预设、构建配置或动态加载路径引用"
"Assets/Resources/pixramen-valley-asset-pack-v2/pixramen-valley-asset-pack-v2/portal/spritesheets/2x/red-portal.png","Resources","2307","未被正式场景、预设、构建配置或动态加载路径引用"
"Assets/Resources/pixramen-valley-asset-pack-v2/pixramen-valley-asset-pack-v2/portal/spritesheets/3x/blue-portal.png","Resources","3047","未被正式场景、预设、构建配置或动态加载路径引用"
"Assets/Resources/pixramen-valley-asset-pack-v2/pixramen-valley-asset-pack-v2/portal/spritesheets/3x/green-portal.png","Resources","3115","未被正式场景、预设、构建配置或动态加载路径引用"
"Assets/Resources/pixramen-valley-asset-pack-v2/pixramen-valley-asset-pack-v2/portal/spritesheets/3x/red-portal.png","Resources","3060","未被正式场景、预设、构建配置或动态加载路径引用"
"Assets/Resources/pixramen-valley-asset-pack-v2/pixramen-valley-asset-pack-v2/portal/spritesheets/4x/blue-portal.png","Resources","3618","未被正式场景、预设、构建配置或动态加载路径引用"
"Assets/Resources/pixramen-valley-asset-pack-v2/pixramen-valley-asset-pack-v2/portal/spritesheets/4x/green-portal.png","Resources","3708","未被正式场景、预设、构建配置或动态加载路径引用"
"Assets/Resources/pixramen-valley-asset-pack-v2/pixramen-valley-asset-pack-v2/portal/spritesheets/4x/red-portal.png","Resources","3628","未被正式场景、预设、构建配置或动态加载路径引用"
"Assets/Resources/pixramen-valley-asset-pack-v2/pixramen-valley-asset-pack-v2/portal/spritesheets/5x/blue-portal.png","Resources","4517","未被正式场景、预设、构建配置或动态加载路径引用"
"Assets/Resources/pixramen-valley-asset-pack-v2/pixramen-valley-asset-pack-v2/portal/spritesheets/5x/green-portal.png","Resources","4656","未被正式场景、预设、构建配置或动态加载路径引用"
"Assets/Resources/pixramen-valley-asset-pack-v2/pixramen-valley-asset-pack-v2/portal/spritesheets/5x/red-portal.png","Resources","4536","未被正式场景、预设、构建配置或动态加载路径引用"
"Assets/Resources/pixramen-valley-asset-pack-v2/pixramen-valley-asset-pack-v2/rune-tablet/aseprite_files/blue-rune-tablet.aseprite","Resources","618","未被正式场景、预设、构建配置或动态加载路径引用"
"Assets/Resources/pixramen-valley-asset-pack-v2/pixramen-valley-asset-pack-v2/rune-tablet/aseprite_files/green-rune-tablet.aseprite","Resources","618","未被正式场景、预设、构建配置或动态加载路径引用"
"Assets/Resources/pixramen-valley-asset-pack-v2/pixramen-valley-asset-pack-v2/rune-tablet/aseprite_files/red-rune-tablet.aseprite","Resources","618","未被正式场景、预设、构建配置或动态加载路径引用"
"Assets/Resources/pixramen-valley-asset-pack-v2/pixramen-valley-asset-pack-v2/rune-tablet/gif/1x/blue-rune-tablet.gif","Resources","104","未被正式场景、预设、构建配置或动态加载路径引用"
"Assets/Resources/pixramen-valley-asset-pack-v2/pixramen-valley-asset-pack-v2/rune-tablet/gif/1x/green-rune-tablet.gif","Resources","104","未被正式场景、预设、构建配置或动态加载路径引用"
"Assets/Resources/pixramen-valley-asset-pack-v2/pixramen-valley-asset-pack-v2/rune-tablet/gif/1x/red-rune-tablet.gif","Resources","104","未被正式场景、预设、构建配置或动态加载路径引用"
"Assets/Resources/pixramen-valley-asset-pack-v2/pixramen-valley-asset-pack-v2/rune-tablet/gif/2x/blue-rune-tablet.gif","Resources","166","未被正式场景、预设、构建配置或动态加载路径引用"
"Assets/Resources/pixramen-valley-asset-pack-v2/pixramen-valley-asset-pack-v2/rune-tablet/gif/2x/green-rune-tablet.gif","Resources","166","未被正式场景、预设、构建配置或动态加载路径引用"
"Assets/Resources/pixramen-valley-asset-pack-v2/pixramen-valley-asset-pack-v2/rune-tablet/gif/2x/red-rune-tablet.gif","Resources","166","未被正式场景、预设、构建配置或动态加载路径引用"
"Assets/Resources/pixramen-valley-asset-pack-v2/pixramen-valley-asset-pack-v2/rune-tablet/gif/3x/blue-rune-tablet.gif","Resources","233","未被正式场景、预设、构建配置或动态加载路径引用"
"Assets/Resources/pixramen-valley-asset-pack-v2/pixramen-valley-asset-pack-v2/rune-tablet/gif/3x/green-rune-tablet.gif","Resources","233","未被正式场景、预设、构建配置或动态加载路径引用"
"Assets/Resources/pixramen-valley-asset-pack-v2/pixramen-valley-asset-pack-v2/rune-tablet/gif/3x/red-rune-tablet.gif","Resources","233","未被正式场景、预设、构建配置或动态加载路径引用"
"Assets/Resources/pixramen-valley-asset-pack-v2/pixramen-valley-asset-pack-v2/rune-tablet/gif/4x/blue-rune-tablet.gif","Resources","310","未被正式场景、预设、构建配置或动态加载路径引用"
"Assets/Resources/pixramen-valley-asset-pack-v2/pixramen-valley-asset-pack-v2/rune-tablet/gif/4x/green-rune-tablet.gif","Resources","310","未被正式场景、预设、构建配置或动态加载路径引用"
"Assets/Resources/pixramen-valley-asset-pack-v2/pixramen-valley-asset-pack-v2/rune-tablet/gif/4x/red-rune-tablet.gif","Resources","310","未被正式场景、预设、构建配置或动态加载路径引用"
"Assets/Resources/pixramen-valley-asset-pack-v2/pixramen-valley-asset-pack-v2/rune-tablet/gif/5x/blue-rune-tablet.gif","Resources","392","未被正式场景、预设、构建配置或动态加载路径引用"
"Assets/Resources/pixramen-valley-asset-pack-v2/pixramen-valley-asset-pack-v2/rune-tablet/gif/5x/green-rune-tablet.gif","Resources","392","未被正式场景、预设、构建配置或动态加载路径引用"
"Assets/Resources/pixramen-valley-asset-pack-v2/pixramen-valley-asset-pack-v2/rune-tablet/gif/5x/red-rune-tablet.gif","Resources","392","未被正式场景、预设、构建配置或动态加载路径引用"
"Assets/Resources/pixramen-valley-asset-pack-v2/pixramen-valley-asset-pack-v2/rune-tablet/png/1x/blue-rune-tablet/blue-rune-tablet.png","Resources","214","未被正式场景、预设、构建配置或动态加载路径引用"
"Assets/Resources/pixramen-valley-asset-pack-v2/pixramen-valley-asset-pack-v2/rune-tablet/png/1x/green-rune-tablet/green-rune-tablet.png","Resources","212","未被正式场景、预设、构建配置或动态加载路径引用"
"Assets/Resources/pixramen-valley-asset-pack-v2/pixramen-valley-asset-pack-v2/rune-tablet/png/1x/red-rune-tablet/red-rune-tablet.png","Resources","207","未被正式场景、预设、构建配置或动态加载路径引用"
"Assets/Resources/pixramen-valley-asset-pack-v2/pixramen-valley-asset-pack-v2/rune-tablet/png/2x/blue-rune-tablet/blue-rune-tablet.png","Resources","238","未被正式场景、预设、构建配置或动态加载路径引用"
"Assets/Resources/pixramen-valley-asset-pack-v2/pixramen-valley-asset-pack-v2/rune-tablet/png/2x/green-rune-tablet/green-rune-tablet.png","Resources","236","未被正式场景、预设、构建配置或动态加载路径引用"
"Assets/Resources/pixramen-valley-asset-pack-v2/pixramen-valley-asset-pack-v2/rune-tablet/png/2x/red-rune-tablet/red-rune-tablet.png","Resources","235","未被正式场景、预设、构建配置或动态加载路径引用"
"Assets/Resources/pixramen-valley-asset-pack-v2/pixramen-valley-asset-pack-v2/rune-tablet/png/3x/blue-rune-tablet/blue-rune-tablet.png","Resources","292","未被正式场景、预设、构建配置或动态加载路径引用"
"Assets/Resources/pixramen-valley-asset-pack-v2/pixramen-valley-asset-pack-v2/rune-tablet/png/3x/green-rune-tablet/green-rune-tablet.png","Resources","292","未被正式场景、预设、构建配置或动态加载路径引用"
"Assets/Resources/pixramen-valley-asset-pack-v2/pixramen-valley-asset-pack-v2/rune-tablet/png/3x/red-rune-tablet/red-rune-tablet.png","Resources","289","未被正式场景、预设、构建配置或动态加载路径引用"
"Assets/Resources/pixramen-valley-asset-pack-v2/pixramen-valley-asset-pack-v2/rune-tablet/png/4x/blue-rune-tablet/blue-rune-tablet.png","Resources","313","未被正式场景、预设、构建配置或动态加载路径引用"
"Assets/Resources/pixramen-valley-asset-pack-v2/pixramen-valley-asset-pack-v2/rune-tablet/png/4x/green-rune-tablet/green-rune-tablet.png","Resources","313","未被正式场景、预设、构建配置或动态加载路径引用"
"Assets/Resources/pixramen-valley-asset-pack-v2/pixramen-valley-asset-pack-v2/rune-tablet/png/4x/red-rune-tablet/red-rune-tablet.png","Resources","310","未被正式场景、预设、构建配置或动态加载路径引用"
"Assets/Resources/pixramen-valley-asset-pack-v2/pixramen-valley-asset-pack-v2/rune-tablet/png/5x/blue-rune-tablet/blue-rune-tablet.png","Resources","347","未被正式场景、预设、构建配置或动态加载路径引用"
"Assets/Resources/pixramen-valley-asset-pack-v2/pixramen-valley-asset-pack-v2/rune-tablet/png/5x/green-rune-tablet/green-rune-tablet.png","Resources","346","未被正式场景、预设、构建配置或动态加载路径引用"
"Assets/Resources/pixramen-valley-asset-pack-v2/pixramen-valley-asset-pack-v2/rune-tablet/png/5x/red-rune-tablet/red-rune-tablet.png","Resources","344","未被正式场景、预设、构建配置或动态加载路径引用"
"Assets/Resources/pixramen-valley-asset-pack-v2/pixramen-valley-asset-pack-v2/rune-tablet/spritesheets/1x/blue-rune-tablet.png","Resources","214","未被正式场景、预设、构建配置或动态加载路径引用"
"Assets/Resources/pixramen-valley-asset-pack-v2/pixramen-valley-asset-pack-v2/rune-tablet/spritesheets/1x/green-rune-tablet.png","Resources","212","未被正式场景、预设、构建配置或动态加载路径引用"
"Assets/Resources/pixramen-valley-asset-pack-v2/pixramen-valley-asset-pack-v2/rune-tablet/spritesheets/1x/red-rune-tablet.png","Resources","207","未被正式场景、预设、构建配置或动态加载路径引用"
"Assets/Resources/pixramen-valley-asset-pack-v2/pixramen-valley-asset-pack-v2/rune-tablet/spritesheets/2x/blue-rune-tablet.png","Resources","238","未被正式场景、预设、构建配置或动态加载路径引用"
"Assets/Resources/pixramen-valley-asset-pack-v2/pixramen-valley-asset-pack-v2/rune-tablet/spritesheets/2x/green-rune-tablet.png","Resources","236","未被正式场景、预设、构建配置或动态加载路径引用"
"Assets/Resources/pixramen-valley-asset-pack-v2/pixramen-valley-asset-pack-v2/rune-tablet/spritesheets/2x/red-rune-tablet.png","Resources","235","未被正式场景、预设、构建配置或动态加载路径引用"
"Assets/Resources/pixramen-valley-asset-pack-v2/pixramen-valley-asset-pack-v2/rune-tablet/spritesheets/3x/blue-rune-tablet.png","Resources","292","未被正式场景、预设、构建配置或动态加载路径引用"
"Assets/Resources/pixramen-valley-asset-pack-v2/pixramen-valley-asset-pack-v2/rune-tablet/spritesheets/3x/green-rune-tablet.png","Resources","292","未被正式场景、预设、构建配置或动态加载路径引用"
"Assets/Resources/pixramen-valley-asset-pack-v2/pixramen-valley-asset-pack-v2/rune-tablet/spritesheets/3x/red-rune-tablet.png","Resources","289","未被正式场景、预设、构建配置或动态加载路径引用"
"Assets/Resources/pixramen-valley-asset-pack-v2/pixramen-valley-asset-pack-v2/rune-tablet/spritesheets/4x/blue-rune-tablet.png","Resources","313","未被正式场景、预设、构建配置或动态加载路径引用"
"Assets/Resources/pixramen-valley-asset-pack-v2/pixramen-valley-asset-pack-v2/rune-tablet/spritesheets/4x/green-rune-tablet.png","Resources","313","未被正式场景、预设、构建配置或动态加载路径引用"
"Assets/Resources/pixramen-valley-asset-pack-v2/pixramen-valley-asset-pack-v2/rune-tablet/spritesheets/4x/red-rune-tablet.png","Resources","310","未被正式场景、预设、构建配置或动态加载路径引用"
"Assets/Resources/pixramen-valley-asset-pack-v2/pixramen-valley-asset-pack-v2/rune-tablet/spritesheets/5x/blue-rune-tablet.png","Resources","347","未被正式场景、预设、构建配置或动态加载路径引用"
"Assets/Resources/pixramen-valley-asset-pack-v2/pixramen-valley-asset-pack-v2/rune-tablet/spritesheets/5x/green-rune-tablet.png","Resources","346","未被正式场景、预设、构建配置或动态加载路径引用"
"Assets/Resources/pixramen-valley-asset-pack-v2/pixramen-valley-asset-pack-v2/rune-tablet/spritesheets/5x/red-rune-tablet.png","Resources","344","未被正式场景、预设、构建配置或动态加载路径引用"
"Assets/Resources/pixramen-valley-asset-pack-v2/pixramen-valley-asset-pack-v2/small-potion/aseprite_files/blue-potion-small.aseprite","Resources","596","未被正式场景、预设、构建配置或动态加载路径引用"
"Assets/Resources/pixramen-valley-asset-pack-v2/pixramen-valley-asset-pack-v2/small-potion/aseprite_files/green-potion-small.aseprite","Resources","596","未被正式场景、预设、构建配置或动态加载路径引用"
"Assets/Resources/pixramen-valley-asset-pack-v2/pixramen-valley-asset-pack-v2/small-potion/aseprite_files/red-potion-small.aseprite","Resources","597","未被正式场景、预设、构建配置或动态加载路径引用"
"Assets/Resources/pixramen-valley-asset-pack-v2/pixramen-valley-asset-pack-v2/small-potion/gif/1x/blue-potion-small.gif","Resources","94","未被正式场景、预设、构建配置或动态加载路径引用"
"Assets/Resources/pixramen-valley-asset-pack-v2/pixramen-valley-asset-pack-v2/small-potion/gif/1x/green-potion-small.gif","Resources","94","未被正式场景、预设、构建配置或动态加载路径引用"
"Assets/Resources/pixramen-valley-asset-pack-v2/pixramen-valley-asset-pack-v2/small-potion/gif/1x/red-potion-small.gif","Resources","94","未被正式场景、预设、构建配置或动态加载路径引用"
"Assets/Resources/pixramen-valley-asset-pack-v2/pixramen-valley-asset-pack-v2/small-potion/gif/2x/blue-potion-small.gif","Resources","121","未被正式场景、预设、构建配置或动态加载路径引用"
"Assets/Resources/pixramen-valley-asset-pack-v2/pixramen-valley-asset-pack-v2/small-potion/gif/2x/green-potion-small.gif","Resources","121","未被正式场景、预设、构建配置或动态加载路径引用"
"Assets/Resources/pixramen-valley-asset-pack-v2/pixramen-valley-asset-pack-v2/small-potion/gif/2x/red-potion-small.gif","Resources","121","未被正式场景、预设、构建配置或动态加载路径引用"
"Assets/Resources/pixramen-valley-asset-pack-v2/pixramen-valley-asset-pack-v2/small-potion/gif/3x/blue-potion-small.gif","Resources","150","未被正式场景、预设、构建配置或动态加载路径引用"
"Assets/Resources/pixramen-valley-asset-pack-v2/pixramen-valley-asset-pack-v2/small-potion/gif/3x/green-potion-small.gif","Resources","150","未被正式场景、预设、构建配置或动态加载路径引用"
"Assets/Resources/pixramen-valley-asset-pack-v2/pixramen-valley-asset-pack-v2/small-potion/gif/3x/red-potion-small.gif","Resources","150","未被正式场景、预设、构建配置或动态加载路径引用"
"Assets/Resources/pixramen-valley-asset-pack-v2/pixramen-valley-asset-pack-v2/small-potion/gif/4x/blue-potion-small.gif","Resources","179","未被正式场景、预设、构建配置或动态加载路径引用"
"Assets/Resources/pixramen-valley-asset-pack-v2/pixramen-valley-asset-pack-v2/small-potion/gif/4x/green-potion-small.gif","Resources","179","未被正式场景、预设、构建配置或动态加载路径引用"
"Assets/Resources/pixramen-valley-asset-pack-v2/pixramen-valley-asset-pack-v2/small-potion/gif/4x/red-potion-small.gif","Resources","179","未被正式场景、预设、构建配置或动态加载路径引用"
"Assets/Resources/pixramen-valley-asset-pack-v2/pixramen-valley-asset-pack-v2/small-potion/gif/5x/blue-potion-small.gif","Resources","209","未被正式场景、预设、构建配置或动态加载路径引用"
"Assets/Resources/pixramen-valley-asset-pack-v2/pixramen-valley-asset-pack-v2/small-potion/gif/5x/green-potion-small.gif","Resources","209","未被正式场景、预设、构建配置或动态加载路径引用"
"Assets/Resources/pixramen-valley-asset-pack-v2/pixramen-valley-asset-pack-v2/small-potion/gif/5x/red-potion-small.gif","Resources","209","未被正式场景、预设、构建配置或动态加载路径引用"
"Assets/Resources/pixramen-valley-asset-pack-v2/pixramen-valley-asset-pack-v2/small-potion/png/1x/blue-potion-small/blue-potion-small.png","Resources","150","未被正式场景、预设、构建配置或动态加载路径引用"
"Assets/Resources/pixramen-valley-asset-pack-v2/pixramen-valley-asset-pack-v2/small-potion/png/1x/green-potion-small/green-potion-small.png","Resources","152","未被正式场景、预设、构建配置或动态加载路径引用"
"Assets/Resources/pixramen-valley-asset-pack-v2/pixramen-valley-asset-pack-v2/small-potion/png/1x/red-potion-small/red-potion-small.png","Resources","148","未被正式场景、预设、构建配置或动态加载路径引用"
"Assets/Resources/pixramen-valley-asset-pack-v2/pixramen-valley-asset-pack-v2/small-potion/png/2x/blue-potion-small/blue-potion-small.png","Resources","171","未被正式场景、预设、构建配置或动态加载路径引用"
"Assets/Resources/pixramen-valley-asset-pack-v2/pixramen-valley-asset-pack-v2/small-potion/png/2x/green-potion-small/green-potion-small.png","Resources","176","未被正式场景、预设、构建配置或动态加载路径引用"
"Assets/Resources/pixramen-valley-asset-pack-v2/pixramen-valley-asset-pack-v2/small-potion/png/2x/red-potion-small/red-potion-small.png","Resources","174","未被正式场景、预设、构建配置或动态加载路径引用"
"Assets/Resources/pixramen-valley-asset-pack-v2/pixramen-valley-asset-pack-v2/small-potion/png/3x/blue-potion-small/blue-potion-small.png","Resources","175","未被正式场景、预设、构建配置或动态加载路径引用"
"Assets/Resources/pixramen-valley-asset-pack-v2/pixramen-valley-asset-pack-v2/small-potion/png/3x/green-potion-small/green-potion-small.png","Resources","175","未被正式场景、预设、构建配置或动态加载路径引用"
"Assets/Resources/pixramen-valley-asset-pack-v2/pixramen-valley-asset-pack-v2/small-potion/png/3x/red-potion-small/red-potion-small.png","Resources","173","未被正式场景、预设、构建配置或动态加载路径引用"
"Assets/Resources/pixramen-valley-asset-pack-v2/pixramen-valley-asset-pack-v2/small-potion/png/4x/blue-potion-small/blue-potion-small.png","Resources","198","未被正式场景、预设、构建配置或动态加载路径引用"
"Assets/Resources/pixramen-valley-asset-pack-v2/pixramen-valley-asset-pack-v2/small-potion/png/4x/green-potion-small/green-potion-small.png","Resources","201","未被正式场景、预设、构建配置或动态加载路径引用"
"Assets/Resources/pixramen-valley-asset-pack-v2/pixramen-valley-asset-pack-v2/small-potion/png/4x/red-potion-small/red-potion-small.png","Resources","198","未被正式场景、预设、构建配置或动态加载路径引用"
"Assets/Resources/pixramen-valley-asset-pack-v2/pixramen-valley-asset-pack-v2/small-potion/png/5x/blue-potion-small/blue-potion-small.png","Resources","213","未被正式场景、预设、构建配置或动态加载路径引用"
"Assets/Resources/pixramen-valley-asset-pack-v2/pixramen-valley-asset-pack-v2/small-potion/png/5x/green-potion-small/green-potion-small.png","Resources","216","未被正式场景、预设、构建配置或动态加载路径引用"
"Assets/Resources/pixramen-valley-asset-pack-v2/pixramen-valley-asset-pack-v2/small-potion/png/5x/red-potion-small/red-potion-small.png","Resources","212","未被正式场景、预设、构建配置或动态加载路径引用"
"Assets/Resources/pixramen-valley-asset-pack-v2/pixramen-valley-asset-pack-v2/small-potion/spritesheets/1x/blue-potion-small.png","Resources","150","未被正式场景、预设、构建配置或动态加载路径引用"
"Assets/Resources/pixramen-valley-asset-pack-v2/pixramen-valley-asset-pack-v2/small-potion/spritesheets/1x/green-potion-small.png","Resources","152","未被正式场景、预设、构建配置或动态加载路径引用"
"Assets/Resources/pixramen-valley-asset-pack-v2/pixramen-valley-asset-pack-v2/small-potion/spritesheets/1x/red-potion-small.png","Resources","148","未被正式场景、预设、构建配置或动态加载路径引用"
"Assets/Resources/pixramen-valley-asset-pack-v2/pixramen-valley-asset-pack-v2/small-potion/spritesheets/2x/blue-potion-small.png","Resources","171","未被正式场景、预设、构建配置或动态加载路径引用"
"Assets/Resources/pixramen-valley-asset-pack-v2/pixramen-valley-asset-pack-v2/small-potion/spritesheets/2x/green-potion-small.png","Resources","176","未被正式场景、预设、构建配置或动态加载路径引用"
"Assets/Resources/pixramen-valley-asset-pack-v2/pixramen-valley-asset-pack-v2/small-potion/spritesheets/2x/red-potion-small.png","Resources","174","未被正式场景、预设、构建配置或动态加载路径引用"
"Assets/Resources/pixramen-valley-asset-pack-v2/pixramen-valley-asset-pack-v2/small-potion/spritesheets/3x/blue-potion-small.png","Resources","175","未被正式场景、预设、构建配置或动态加载路径引用"
"Assets/Resources/pixramen-valley-asset-pack-v2/pixramen-valley-asset-pack-v2/small-potion/spritesheets/3x/green-potion-small.png","Resources","175","未被正式场景、预设、构建配置或动态加载路径引用"
"Assets/Resources/pixramen-valley-asset-pack-v2/pixramen-valley-asset-pack-v2/small-potion/spritesheets/3x/red-potion-small.png","Resources","173","未被正式场景、预设、构建配置或动态加载路径引用"
"Assets/Resources/pixramen-valley-asset-pack-v2/pixramen-valley-asset-pack-v2/small-potion/spritesheets/4x/blue-potion-small.png","Resources","198","未被正式场景、预设、构建配置或动态加载路径引用"
"Assets/Resources/pixramen-valley-asset-pack-v2/pixramen-valley-asset-pack-v2/small-potion/spritesheets/4x/green-potion-small.png","Resources","201","未被正式场景、预设、构建配置或动态加载路径引用"
"Assets/Resources/pixramen-valley-asset-pack-v2/pixramen-valley-asset-pack-v2/small-potion/spritesheets/4x/red-potion-small.png","Resources","198","未被正式场景、预设、构建配置或动态加载路径引用"
"Assets/Resources/pixramen-valley-asset-pack-v2/pixramen-valley-asset-pack-v2/small-potion/spritesheets/5x/blue-potion-small.png","Resources","213","未被正式场景、预设、构建配置或动态加载路径引用"
"Assets/Resources/pixramen-valley-asset-pack-v2/pixramen-valley-asset-pack-v2/small-potion/spritesheets/5x/green-potion-small.png","Resources","216","未被正式场景、预设、构建配置或动态加载路径引用"
"Assets/Resources/pixramen-valley-asset-pack-v2/pixramen-valley-asset-pack-v2/small-potion/spritesheets/5x/red-potion-small.png","Resources","212","未被正式场景、预设、构建配置或动态加载路径引用"
"Assets/Resources/pixramen-valley-asset-pack-v2/pixramen-valley-asset-pack-v2/tilesheet/aseprite_files/tilesheet.aseprite","Resources","4288","未被正式场景、预设、构建配置或动态加载路径引用"
"Assets/Resources/pixramen-valley-asset-pack-v2/pixramen-valley-asset-pack-v2/tilesheet/gif/1x/tilesheet.gif","Resources","2529","未被正式场景、预设、构建配置或动态加载路径引用"
"Assets/Resources/pixramen-valley-asset-pack-v2/pixramen-valley-asset-pack-v2/tilesheet/gif/2x/tilesheet.gif","Resources","5950","未被正式场景、预设、构建配置或动态加载路径引用"
"Assets/Resources/pixramen-valley-asset-pack-v2/pixramen-valley-asset-pack-v2/tilesheet/gif/3x/tilesheet.gif","Resources","9709","未被正式场景、预设、构建配置或动态加载路径引用"
"Assets/Resources/pixramen-valley-asset-pack-v2/pixramen-valley-asset-pack-v2/tilesheet/gif/4x/tilesheet.gif","Resources","14545","未被正式场景、预设、构建配置或动态加载路径引用"
"Assets/Resources/pixramen-valley-asset-pack-v2/pixramen-valley-asset-pack-v2/tilesheet/gif/5x/tilesheet.gif","Resources","19229","未被正式场景、预设、构建配置或动态加载路径引用"
"Assets/Resources/pixramen-valley-asset-pack-v2/pixramen-valley-asset-pack-v2/tilesheet/png/1x/tilesheet/tilesheet.png","Resources","7075","未被正式场景、预设、构建配置或动态加载路径引用"
"Assets/Resources/pixramen-valley-asset-pack-v2/pixramen-valley-asset-pack-v2/tilesheet/png/2x/tilesheet/tilesheet.png","Resources","9350","未被正式场景、预设、构建配置或动态加载路径引用"
"Assets/Resources/pixramen-valley-asset-pack-v2/pixramen-valley-asset-pack-v2/tilesheet/png/3x/tilesheet/tilesheet.png","Resources","12008","未被正式场景、预设、构建配置或动态加载路径引用"
"Assets/Resources/pixramen-valley-asset-pack-v2/pixramen-valley-asset-pack-v2/tilesheet/png/4x/tilesheet/tilesheet.png","Resources","13805","未被正式场景、预设、构建配置或动态加载路径引用"
"Assets/Resources/pixramen-valley-asset-pack-v2/pixramen-valley-asset-pack-v2/tilesheet/png/5x/tilesheet/tilesheet.png","Resources","16544","未被正式场景、预设、构建配置或动态加载路径引用"
"Assets/Resources/pixramen-valley-asset-pack-v2/pixramen-valley-asset-pack-v2/tilesheet/spritesheets/1x/tilesheet.png","Resources","7075","未被正式场景、预设、构建配置或动态加载路径引用"
"Assets/Resources/pixramen-valley-asset-pack-v2/pixramen-valley-asset-pack-v2/tilesheet/spritesheets/2x/tilesheet.png","Resources","9350","未被正式场景、预设、构建配置或动态加载路径引用"
"Assets/Resources/pixramen-valley-asset-pack-v2/pixramen-valley-asset-pack-v2/tilesheet/spritesheets/3x/tilesheet.png","Resources","12008","未被正式场景、预设、构建配置或动态加载路径引用"
"Assets/Resources/pixramen-valley-asset-pack-v2/pixramen-valley-asset-pack-v2/tilesheet/spritesheets/4x/tilesheet.png","Resources","13805","未被正式场景、预设、构建配置或动态加载路径引用"
"Assets/Resources/pixramen-valley-asset-pack-v2/pixramen-valley-asset-pack-v2/tilesheet/spritesheets/5x/tilesheet.png","Resources","16544","未被正式场景、预设、构建配置或动态加载路径引用"
"Assets/Resources/WeaponsAsset16x16/Weapons Asset 16x16/Weapons Asset 16x16/001.png","Resources","332","未被正式场景、预设、构建配置或动态加载路径引用"
"Assets/Resources/WeaponsAsset16x16/Weapons Asset 16x16/Weapons Asset 16x16/002.png","Resources","357","未被正式场景、预设、构建配置或动态加载路径引用"
"Assets/Resources/WeaponsAsset16x16/Weapons Asset 16x16/Weapons Asset 16x16/003.png","Resources","307","未被正式场景、预设、构建配置或动态加载路径引用"
"Assets/Resources/WeaponsAsset16x16/Weapons Asset 16x16/Weapons Asset 16x16/004.png","Resources","297","未被正式场景、预设、构建配置或动态加载路径引用"
"Assets/Resources/WeaponsAsset16x16/Weapons Asset 16x16/Weapons Asset 16x16/005.png","Resources","299","未被正式场景、预设、构建配置或动态加载路径引用"
"Assets/Resources/WeaponsAsset16x16/Weapons Asset 16x16/Weapons Asset 16x16/006.png","Resources","355","未被正式场景、预设、构建配置或动态加载路径引用"
"Assets/Resources/WeaponsAsset16x16/Weapons Asset 16x16/Weapons Asset 16x16/007.png","Resources","411","未被正式场景、预设、构建配置或动态加载路径引用"
"Assets/Resources/WeaponsAsset16x16/Weapons Asset 16x16/Weapons Asset 16x16/008.png","Resources","313","未被正式场景、预设、构建配置或动态加载路径引用"
"Assets/Resources/WeaponsAsset16x16/Weapons Asset 16x16/Weapons Asset 16x16/009.png","Resources","317","未被正式场景、预设、构建配置或动态加载路径引用"
"Assets/Resources/WeaponsAsset16x16/Weapons Asset 16x16/Weapons Asset 16x16/010.png","Resources","309","未被正式场景、预设、构建配置或动态加载路径引用"
"Assets/Resources/WeaponsAsset16x16/Weapons Asset 16x16/Weapons Asset 16x16/011.png","Resources","316","未被正式场景、预设、构建配置或动态加载路径引用"
"Assets/Resources/WeaponsAsset16x16/Weapons Asset 16x16/Weapons Asset 16x16/012.png","Resources","372","未被正式场景、预设、构建配置或动态加载路径引用"
"Assets/Resources/WeaponsAsset16x16/Weapons Asset 16x16/Weapons Asset 16x16/013.png","Resources","331","未被正式场景、预设、构建配置或动态加载路径引用"
"Assets/Resources/WeaponsAsset16x16/Weapons Asset 16x16/Weapons Asset 16x16/014.png","Resources","334","未被正式场景、预设、构建配置或动态加载路径引用"
"Assets/Resources/WeaponsAsset16x16/Weapons Asset 16x16/Weapons Asset 16x16/015.png","Resources","382","未被正式场景、预设、构建配置或动态加载路径引用"
"Assets/Resources/WeaponsAsset16x16/Weapons Asset 16x16/Weapons Asset 16x16/016.png","Resources","248","未被正式场景、预设、构建配置或动态加载路径引用"
"Assets/Resources/WeaponsAsset16x16/Weapons Asset 16x16/Weapons Asset 16x16/017.png","Resources","275","未被正式场景、预设、构建配置或动态加载路径引用"
"Assets/Resources/WeaponsAsset16x16/Weapons Asset 16x16/Weapons Asset 16x16/018.png","Resources","244","未被正式场景、预设、构建配置或动态加载路径引用"
"Assets/Resources/WeaponsAsset16x16/Weapons Asset 16x16/Weapons Asset 16x16/019.png","Resources","260","未被正式场景、预设、构建配置或动态加载路径引用"
"Assets/Resources/WeaponsAsset16x16/Weapons Asset 16x16/Weapons Asset 16x16/020.png","Resources","282","未被正式场景、预设、构建配置或动态加载路径引用"
"Assets/Resources/WeaponsAsset16x16/Weapons Asset 16x16/Weapons Asset 16x16/021.png","Resources","197","未被正式场景、预设、构建配置或动态加载路径引用"
"Assets/Resources/WeaponsAsset16x16/Weapons Asset 16x16/Weapons Asset 16x16/022.png","Resources","215","未被正式场景、预设、构建配置或动态加载路径引用"
"Assets/Resources/WeaponsAsset16x16/Weapons Asset 16x16/Weapons Asset 16x16/023.png","Resources","268","未被正式场景、预设、构建配置或动态加载路径引用"
"Assets/Resources/WeaponsAsset16x16/Weapons Asset 16x16/Weapons Asset 16x16/024.png","Resources","274","未被正式场景、预设、构建配置或动态加载路径引用"
"Assets/Resources/WeaponsAsset16x16/Weapons Asset 16x16/Weapons Asset 16x16/025.png","Resources","326","未被正式场景、预设、构建配置或动态加载路径引用"
"Assets/Resources/WeaponsAsset16x16/Weapons Asset 16x16/Weapons Asset 16x16/026.png","Resources","340","未被正式场景、预设、构建配置或动态加载路径引用"
"Assets/Resources/WeaponsAsset16x16/Weapons Asset 16x16/Weapons Asset 16x16/027.png","Resources","372","未被正式场景、预设、构建配置或动态加载路径引用"
"Assets/Resources/WeaponsAsset16x16/Weapons Asset 16x16/Weapons Asset 16x16/028.png","Resources","411","未被正式场景、预设、构建配置或动态加载路径引用"
"Assets/Resources/WeaponsAsset16x16/Weapons Asset 16x16/Weapons Asset 16x16/029.png","Resources","377","未被正式场景、预设、构建配置或动态加载路径引用"
"Assets/Resources/WeaponsAsset16x16/Weapons Asset 16x16/Weapons Asset 16x16/030.png","Resources","369","未被正式场景、预设、构建配置或动态加载路径引用"
"Assets/Resources/WeaponsAsset16x16/Weapons Asset 16x16/Weapons Asset 16x16/031.png","Resources","348","未被正式场景、预设、构建配置或动态加载路径引用"
"Assets/Resources/WeaponsAsset16x16/Weapons Asset 16x16/Weapons Asset 16x16/032.png","Resources","352","未被正式场景、预设、构建配置或动态加载路径引用"
"Assets/Resources/WeaponsAsset16x16/Weapons Asset 16x16/Weapons Asset 16x16/033.png","Resources","405","未被正式场景、预设、构建配置或动态加载路径引用"
"Assets/Resources/WeaponsAsset16x16/Weapons Asset 16x16/Weapons Asset 16x16/034.png","Resources","406","未被正式场景、预设、构建配置或动态加载路径引用"
"Assets/Resources/WeaponsAsset16x16/Weapons Asset 16x16/Weapons Asset 16x16/035.png","Resources","414","未被正式场景、预设、构建配置或动态加载路径引用"
"Assets/Resources/WeaponsAsset16x16/Weapons Asset 16x16/Weapons Asset 16x16/036.png","Resources","443","未被正式场景、预设、构建配置或动态加载路径引用"
"Assets/Resources/WeaponsAsset16x16/Weapons Asset 16x16/Weapons Asset 16x16/037.png","Resources","507","未被正式场景、预设、构建配置或动态加载路径引用"
"Assets/Resources/WeaponsAsset16x16/Weapons Asset 16x16/Weapons Asset 16x16/038.png","Resources","493","未被正式场景、预设、构建配置或动态加载路径引用"
"Assets/Resources/WeaponsAsset16x16/Weapons Asset 16x16/Weapons Asset 16x16/039.png","Resources","416","未被正式场景、预设、构建配置或动态加载路径引用"
"Assets/Resources/WeaponsAsset16x16/Weapons Asset 16x16/Weapons Asset 16x16/040.png","Resources","405","未被正式场景、预设、构建配置或动态加载路径引用"
"Assets/Resources/WeaponsAsset16x16/Weapons Asset 16x16/Weapons Asset 16x16/041.png","Resources","164","未被正式场景、预设、构建配置或动态加载路径引用"
"Assets/Resources/WeaponsAsset16x16/Weapons Asset 16x16/Weapons Asset 16x16/042.png","Resources","201","未被正式场景、预设、构建配置或动态加载路径引用"
"Assets/Resources/WeaponsAsset16x16/Weapons Asset 16x16/Weapons Asset 16x16/043.png","Resources","200","未被正式场景、预设、构建配置或动态加载路径引用"
"Assets/Resources/WeaponsAsset16x16/Weapons Asset 16x16/Weapons Asset 16x16/044.png","Resources","231","未被正式场景、预设、构建配置或动态加载路径引用"
"Assets/Resources/WeaponsAsset16x16/Weapons Asset 16x16/Weapons Asset 16x16/045.png","Resources","273","未被正式场景、预设、构建配置或动态加载路径引用"
"Assets/Resources/WeaponsAsset16x16/Weapons Asset 16x16/Weapons Asset 16x16/046.png","Resources","218","未被正式场景、预设、构建配置或动态加载路径引用"
"Assets/Resources/WeaponsAsset16x16/Weapons Asset 16x16/Weapons Asset 16x16/047.png","Resources","261","未被正式场景、预设、构建配置或动态加载路径引用"
"Assets/Resources/WeaponsAsset16x16/Weapons Asset 16x16/Weapons Asset 16x16/048.png","Resources","301","未被正式场景、预设、构建配置或动态加载路径引用"
"Assets/Resources/WeaponsAsset16x16/Weapons Asset 16x16/Weapons Asset 16x16/049.png","Resources","278","未被正式场景、预设、构建配置或动态加载路径引用"
"Assets/Resources/WeaponsAsset16x16/Weapons Asset 16x16/Weapons Asset 16x16/050.png","Resources","268","未被正式场景、预设、构建配置或动态加载路径引用"
"Assets/Resources/WeaponsAsset16x16/Weapons Asset 16x16/Weapons Asset 16x16/051.png","Resources","235","未被正式场景、预设、构建配置或动态加载路径引用"
"Assets/Resources/WeaponsAsset16x16/Weapons Asset 16x16/Weapons Asset 16x16/052.png","Resources","270","未被正式场景、预设、构建配置或动态加载路径引用"
"Assets/Resources/WeaponsAsset16x16/Weapons Asset 16x16/Weapons Asset 16x16/053.png","Resources","311","未被正式场景、预设、构建配置或动态加载路径引用"
"Assets/Resources/WeaponsAsset16x16/Weapons Asset 16x16/Weapons Asset 16x16/054.png","Resources","310","未被正式场景、预设、构建配置或动态加载路径引用"
"Assets/Resources/WeaponsAsset16x16/Weapons Asset 16x16/Weapons Asset 16x16/055.png","Resources","317","未被正式场景、预设、构建配置或动态加载路径引用"
"Assets/Resources/WeaponsAsset16x16/Weapons Asset 16x16/Weapons Asset 16x16/056.png","Resources","322","未被正式场景、预设、构建配置或动态加载路径引用"
"Assets/Resources/WeaponsAsset16x16/Weapons Asset 16x16/Weapons Asset 16x16/057.png","Resources","389","未被正式场景、预设、构建配置或动态加载路径引用"
"Assets/Resources/WeaponsAsset16x16/Weapons Asset 16x16/Weapons Asset 16x16/058.png","Resources","347","未被正式场景、预设、构建配置或动态加载路径引用"
"Assets/Resources/WeaponsAsset16x16/Weapons Asset 16x16/Weapons Asset 16x16/059.png","Resources","426","未被正式场景、预设、构建配置或动态加载路径引用"
"Assets/Resources/WeaponsAsset16x16/Weapons Asset 16x16/Weapons Asset 16x16/060.png","Resources","451","未被正式场景、预设、构建配置或动态加载路径引用"
"Assets/Resources/WeaponsAsset16x16/Weapons Asset 16x16/Weapons Asset 16x16/061.png","Resources","345","未被正式场景、预设、构建配置或动态加载路径引用"
"Assets/Resources/WeaponsAsset16x16/Weapons Asset 16x16/Weapons Asset 16x16/062.png","Resources","352","未被正式场景、预设、构建配置或动态加载路径引用"
"Assets/Resources/WeaponsAsset16x16/Weapons Asset 16x16/Weapons Asset 16x16/063.png","Resources","368","未被正式场景、预设、构建配置或动态加载路径引用"
"Assets/Resources/WeaponsAsset16x16/Weapons Asset 16x16/Weapons Asset 16x16/064.png","Resources","356","未被正式场景、预设、构建配置或动态加载路径引用"
"Assets/Resources/WeaponsAsset16x16/Weapons Asset 16x16/Weapons Asset 16x16/065.png","Resources","351","未被正式场景、预设、构建配置或动态加载路径引用"
"Assets/Resources/WeaponsAsset16x16/Weapons Asset 16x16/Weapons Asset 16x16/066.png","Resources","251","未被正式场景、预设、构建配置或动态加载路径引用"
"Assets/Resources/WeaponsAsset16x16/Weapons Asset 16x16/Weapons Asset 16x16/067.png","Resources","273","未被正式场景、预设、构建配置或动态加载路径引用"
"Assets/Resources/WeaponsAsset16x16/Weapons Asset 16x16/Weapons Asset 16x16/068.png","Resources","245","未被正式场景、预设、构建配置或动态加载路径引用"
"Assets/Resources/WeaponsAsset16x16/Weapons Asset 16x16/Weapons Asset 16x16/069.png","Resources","326","未被正式场景、预设、构建配置或动态加载路径引用"
"Assets/Resources/WeaponsAsset16x16/Weapons Asset 16x16/Weapons Asset 16x16/070.png","Resources","359","未被正式场景、预设、构建配置或动态加载路径引用"
"Assets/Resources/WeaponsAsset16x16/Weapons Asset 16x16/Weapons Asset 16x16/071.png","Resources","298","未被正式场景、预设、构建配置或动态加载路径引用"
"Assets/Resources/WeaponsAsset16x16/Weapons Asset 16x16/Weapons Asset 16x16/072.png","Resources","336","未被正式场景、预设、构建配置或动态加载路径引用"
"Assets/Resources/WeaponsAsset16x16/Weapons Asset 16x16/Weapons Asset 16x16/073.png","Resources","347","未被正式场景、预设、构建配置或动态加载路径引用"
"Assets/Resources/WeaponsAsset16x16/Weapons Asset 16x16/Weapons Asset 16x16/074.png","Resources","309","未被正式场景、预设、构建配置或动态加载路径引用"
"Assets/Resources/WeaponsAsset16x16/Weapons Asset 16x16/Weapons Asset 16x16/075.png","Resources","330","未被正式场景、预设、构建配置或动态加载路径引用"
"Assets/Resources/WeaponsAsset16x16/Weapons Asset 16x16/Weapons Asset 16x16/076.png","Resources","366","未被正式场景、预设、构建配置或动态加载路径引用"
"Assets/Resources/WeaponsAsset16x16/Weapons Asset 16x16/Weapons Asset 16x16/077.png","Resources","405","未被正式场景、预设、构建配置或动态加载路径引用"
"Assets/Resources/WeaponsAsset16x16/Weapons Asset 16x16/Weapons Asset 16x16/078.png","Resources","420","未被正式场景、预设、构建配置或动态加载路径引用"
"Assets/Resources/WeaponsAsset16x16/Weapons Asset 16x16/Weapons Asset 16x16/079.png","Resources","407","未被正式场景、预设、构建配置或动态加载路径引用"
"Assets/Resources/WeaponsAsset16x16/Weapons Asset 16x16/Weapons Asset 16x16/080.png","Resources","404","未被正式场景、预设、构建配置或动态加载路径引用"
"Assets/Resources/WeaponsAsset16x16/Weapons Asset 16x16/Weapons Asset 16x16/081.png","Resources","332","未被正式场景、预设、构建配置或动态加载路径引用"
"Assets/Resources/WeaponsAsset16x16/Weapons Asset 16x16/Weapons Asset 16x16/082.png","Resources","254","未被正式场景、预设、构建配置或动态加载路径引用"
"Assets/Resources/WeaponsAsset16x16/Weapons Asset 16x16/Weapons Asset 16x16/083.png","Resources","243","未被正式场景、预设、构建配置或动态加载路径引用"
"Assets/Resources/WeaponsAsset16x16/Weapons Asset 16x16/Weapons Asset 16x16/084.png","Resources","269","未被正式场景、预设、构建配置或动态加载路径引用"
"Assets/Resources/WeaponsAsset16x16/Weapons Asset 16x16/Weapons Asset 16x16/085.png","Resources","333","未被正式场景、预设、构建配置或动态加载路径引用"
"Assets/Resources/WeaponsAsset16x16/Weapons Asset 16x16/Weapons Asset 16x16/086.png","Resources","288","未被正式场景、预设、构建配置或动态加载路径引用"
"Assets/Resources/WeaponsAsset16x16/Weapons Asset 16x16/Weapons Asset 16x16/087.png","Resources","284","未被正式场景、预设、构建配置或动态加载路径引用"
"Assets/Resources/WeaponsAsset16x16/Weapons Asset 16x16/Weapons Asset 16x16/088.png","Resources","268","未被正式场景、预设、构建配置或动态加载路径引用"
"Assets/Resources/WeaponsAsset16x16/Weapons Asset 16x16/Weapons Asset 16x16/089.png","Resources","295","未被正式场景、预设、构建配置或动态加载路径引用"
"Assets/Resources/WeaponsAsset16x16/Weapons Asset 16x16/Weapons Asset 16x16/090.png","Resources","274","未被正式场景、预设、构建配置或动态加载路径引用"
"Assets/Resources/WeaponsAsset16x16/Weapons Asset 16x16/Weapons Asset 16x16/091.png","Resources","294","未被正式场景、预设、构建配置或动态加载路径引用"
"Assets/Resources/WeaponsAsset16x16/Weapons Asset 16x16/Weapons Asset 16x16/092.png","Resources","309","未被正式场景、预设、构建配置或动态加载路径引用"
"Assets/Resources/WeaponsAsset16x16/Weapons Asset 16x16/Weapons Asset 16x16/093.png","Resources","352","未被正式场景、预设、构建配置或动态加载路径引用"
"Assets/Resources/WeaponsAsset16x16/Weapons Asset 16x16/Weapons Asset 16x16/094.png","Resources","303","未被正式场景、预设、构建配置或动态加载路径引用"
"Assets/Resources/WeaponsAsset16x16/Weapons Asset 16x16/Weapons Asset 16x16/095.png","Resources","328","未被正式场景、预设、构建配置或动态加载路径引用"
"Assets/Resources/WeaponsAsset16x16/Weapons Asset 16x16/Weapons Asset 16x16/096.png","Resources","221","未被正式场景、预设、构建配置或动态加载路径引用"
"Assets/Resources/WeaponsAsset16x16/Weapons Asset 16x16/Weapons Asset 16x16/097.png","Resources","217","未被正式场景、预设、构建配置或动态加载路径引用"
"Assets/Resources/WeaponsAsset16x16/Weapons Asset 16x16/Weapons Asset 16x16/098.png","Resources","208","未被正式场景、预设、构建配置或动态加载路径引用"
"Assets/Resources/WeaponsAsset16x16/Weapons Asset 16x16/Weapons Asset 16x16/099.png","Resources","211","未被正式场景、预设、构建配置或动态加载路径引用"
"Assets/Resources/WeaponsAsset16x16/Weapons Asset 16x16/Weapons Asset 16x16/100.png","Resources","262","未被正式场景、预设、构建配置或动态加载路径引用"
"Assets/Resources/WeaponsAsset16x16/Weapons Asset 16x16/Weapons Asset 16x16/101.png","Resources","258","未被正式场景、预设、构建配置或动态加载路径引用"
"Assets/Resources/WeaponsAsset16x16/Weapons Asset 16x16/Weapons Asset 16x16/102.png","Resources","248","未被正式场景、预设、构建配置或动态加载路径引用"
"Assets/Resources/WeaponsAsset16x16/Weapons Asset 16x16/Weapons Asset 16x16/103.png","Resources","261","未被正式场景、预设、构建配置或动态加载路径引用"
"Assets/Resources/WeaponsAsset16x16/Weapons Asset 16x16/Weapons Asset 16x16/104.png","Resources","336","未被正式场景、预设、构建配置或动态加载路径引用"
"Assets/Resources/WeaponsAsset16x16/Weapons Asset 16x16/Weapons Asset 16x16/105.png","Resources","300","未被正式场景、预设、构建配置或动态加载路径引用"
"Assets/Resources/WeaponsAsset16x16/Weapons Asset 16x16/Weapons Asset 16x16/106.png","Resources","533","未被正式场景、预设、构建配置或动态加载路径引用"
"Assets/Resources/WeaponsAsset16x16/Weapons Asset 16x16/Weapons Asset 16x16/107.png","Resources","504","未被正式场景、预设、构建配置或动态加载路径引用"
"Assets/Resources/WeaponsAsset16x16/Weapons Asset 16x16/Weapons Asset 16x16/108.png","Resources","511","未被正式场景、预设、构建配置或动态加载路径引用"
"Assets/Resources/WeaponsAsset16x16/Weapons Asset 16x16/Weapons Asset 16x16/109.png","Resources","303","未被正式场景、预设、构建配置或动态加载路径引用"
"Assets/Resources/WeaponsAsset16x16/Weapons Asset 16x16/Weapons Asset 16x16/110.png","Resources","524","未被正式场景、预设、构建配置或动态加载路径引用"
"Assets/Resources/WeaponsAsset16x16/Weapons Asset 16x16/Weapons Asset 16x16/111.png","Resources","502","未被正式场景、预设、构建配置或动态加载路径引用"
"Assets/Resources/WeaponsAsset16x16/Weapons Asset 16x16/Weapons Asset 16x16/112.png","Resources","509","未被正式场景、预设、构建配置或动态加载路径引用"
"Assets/Resources/WeaponsAsset16x16/Weapons Asset 16x16/Weapons Asset 16x16/113.png","Resources","303","未被正式场景、预设、构建配置或动态加载路径引用"
"Assets/Resources/WeaponsAsset16x16/Weapons Asset 16x16/Weapons Asset 16x16/114.png","Resources","526","未被正式场景、预设、构建配置或动态加载路径引用"
"Assets/Resources/WeaponsAsset16x16/Weapons Asset 16x16/Weapons Asset 16x16/115.png","Resources","496","未被正式场景、预设、构建配置或动态加载路径引用"
"Assets/Resources/WeaponsAsset16x16/Weapons Asset 16x16/Weapons Asset 16x16/116.png","Resources","505","未被正式场景、预设、构建配置或动态加载路径引用"
"Assets/Resources/WeaponsAsset16x16/Weapons Asset 16x16/Weapons Asset 16x16/117.png","Resources","303","未被正式场景、预设、构建配置或动态加载路径引用"
"Assets/Resources/WeaponsAsset16x16/Weapons Asset 16x16/Weapons Asset 16x16/118.png","Resources","526","未被正式场景、预设、构建配置或动态加载路径引用"
"Assets/Resources/WeaponsAsset16x16/Weapons Asset 16x16/Weapons Asset 16x16/119.png","Resources","495","未被正式场景、预设、构建配置或动态加载路径引用"
"Assets/Resources/WeaponsAsset16x16/Weapons Asset 16x16/Weapons Asset 16x16/120.png","Resources","513","未被正式场景、预设、构建配置或动态加载路径引用"
"Assets/Resources/WeaponsAsset16x16/Weapons Asset 16x16/Weapons Asset 16x16/Full Sheet.png","Resources","15174","未被正式场景、预设、构建配置或动态加载路径引用"
"Assets/Resources/WeaponsAsset16x16/Weapons Asset 16x16/Weapons Asset 16x16/Selected Version/001.png","Resources","375","未被正式场景、预设、构建配置或动态加载路径引用"
"Assets/Resources/WeaponsAsset16x16/Weapons Asset 16x16/Weapons Asset 16x16/Selected Version/002.png","Resources","372","未被正式场景、预设、构建配置或动态加载路径引用"
"Assets/Resources/WeaponsAsset16x16/Weapons Asset 16x16/Weapons Asset 16x16/Selected Version/003.png","Resources","345","未被正式场景、预设、构建配置或动态加载路径引用"
"Assets/Resources/WeaponsAsset16x16/Weapons Asset 16x16/Weapons Asset 16x16/Selected Version/004.png","Resources","313","未被正式场景、预设、构建配置或动态加载路径引用"
"Assets/Resources/WeaponsAsset16x16/Weapons Asset 16x16/Weapons Asset 16x16/Selected Version/005.png","Resources","324","未被正式场景、预设、构建配置或动态加载路径引用"
"Assets/Resources/WeaponsAsset16x16/Weapons Asset 16x16/Weapons Asset 16x16/Selected Version/006.png","Resources","376","未被正式场景、预设、构建配置或动态加载路径引用"
"Assets/Resources/WeaponsAsset16x16/Weapons Asset 16x16/Weapons Asset 16x16/Selected Version/007.png","Resources","425","未被正式场景、预设、构建配置或动态加载路径引用"
"Assets/Resources/WeaponsAsset16x16/Weapons Asset 16x16/Weapons Asset 16x16/Selected Version/008.png","Resources","349","未被正式场景、预设、构建配置或动态加载路径引用"
"Assets/Resources/WeaponsAsset16x16/Weapons Asset 16x16/Weapons Asset 16x16/Selected Version/009.png","Resources","345","未被正式场景、预设、构建配置或动态加载路径引用"
"Assets/Resources/WeaponsAsset16x16/Weapons Asset 16x16/Weapons Asset 16x16/Selected Version/010.png","Resources","332","未被正式场景、预设、构建配置或动态加载路径引用"
"Assets/Resources/WeaponsAsset16x16/Weapons Asset 16x16/Weapons Asset 16x16/Selected Version/011.png","Resources","354","未被正式场景、预设、构建配置或动态加载路径引用"
"Assets/Resources/WeaponsAsset16x16/Weapons Asset 16x16/Weapons Asset 16x16/Selected Version/012.png","Resources","402","未被正式场景、预设、构建配置或动态加载路径引用"
"Assets/Resources/WeaponsAsset16x16/Weapons Asset 16x16/Weapons Asset 16x16/Selected Version/013.png","Resources","385","未被正式场景、预设、构建配置或动态加载路径引用"
"Assets/Resources/WeaponsAsset16x16/Weapons Asset 16x16/Weapons Asset 16x16/Selected Version/014.png","Resources","374","未被正式场景、预设、构建配置或动态加载路径引用"
"Assets/Resources/WeaponsAsset16x16/Weapons Asset 16x16/Weapons Asset 16x16/Selected Version/015.png","Resources","408","未被正式场景、预设、构建配置或动态加载路径引用"
"Assets/Resources/WeaponsAsset16x16/Weapons Asset 16x16/Weapons Asset 16x16/Selected Version/016.png","Resources","280","未被正式场景、预设、构建配置或动态加载路径引用"
"Assets/Resources/WeaponsAsset16x16/Weapons Asset 16x16/Weapons Asset 16x16/Selected Version/017.png","Resources","312","未被正式场景、预设、构建配置或动态加载路径引用"
"Assets/Resources/WeaponsAsset16x16/Weapons Asset 16x16/Weapons Asset 16x16/Selected Version/018.png","Resources","277","未被正式场景、预设、构建配置或动态加载路径引用"
"Assets/Resources/WeaponsAsset16x16/Weapons Asset 16x16/Weapons Asset 16x16/Selected Version/019.png","Resources","285","未被正式场景、预设、构建配置或动态加载路径引用"
"Assets/Resources/WeaponsAsset16x16/Weapons Asset 16x16/Weapons Asset 16x16/Selected Version/020.png","Resources","299","未被正式场景、预设、构建配置或动态加载路径引用"
"Assets/Resources/WeaponsAsset16x16/Weapons Asset 16x16/Weapons Asset 16x16/Selected Version/021.png","Resources","236","未被正式场景、预设、构建配置或动态加载路径引用"
"Assets/Resources/WeaponsAsset16x16/Weapons Asset 16x16/Weapons Asset 16x16/Selected Version/022.png","Resources","246","未被正式场景、预设、构建配置或动态加载路径引用"
"Assets/Resources/WeaponsAsset16x16/Weapons Asset 16x16/Weapons Asset 16x16/Selected Version/023.png","Resources","320","未被正式场景、预设、构建配置或动态加载路径引用"
"Assets/Resources/WeaponsAsset16x16/Weapons Asset 16x16/Weapons Asset 16x16/Selected Version/024.png","Resources","330","未被正式场景、预设、构建配置或动态加载路径引用"
"Assets/Resources/WeaponsAsset16x16/Weapons Asset 16x16/Weapons Asset 16x16/Selected Version/025.png","Resources","374","未被正式场景、预设、构建配置或动态加载路径引用"
"Assets/Resources/WeaponsAsset16x16/Weapons Asset 16x16/Weapons Asset 16x16/Selected Version/026.png","Resources","402","未被正式场景、预设、构建配置或动态加载路径引用"
"Assets/Resources/WeaponsAsset16x16/Weapons Asset 16x16/Weapons Asset 16x16/Selected Version/027.png","Resources","430","未被正式场景、预设、构建配置或动态加载路径引用"
"Assets/Resources/WeaponsAsset16x16/Weapons Asset 16x16/Weapons Asset 16x16/Selected Version/028.png","Resources","455","未被正式场景、预设、构建配置或动态加载路径引用"
"Assets/Resources/WeaponsAsset16x16/Weapons Asset 16x16/Weapons Asset 16x16/Selected Version/029.png","Resources","442","未被正式场景、预设、构建配置或动态加载路径引用"
"Assets/Resources/WeaponsAsset16x16/Weapons Asset 16x16/Weapons Asset 16x16/Selected Version/030.png","Resources","428","未被正式场景、预设、构建配置或动态加载路径引用"
"Assets/Resources/WeaponsAsset16x16/Weapons Asset 16x16/Weapons Asset 16x16/Selected Version/031.png","Resources","356","未被正式场景、预设、构建配置或动态加载路径引用"
"Assets/Resources/WeaponsAsset16x16/Weapons Asset 16x16/Weapons Asset 16x16/Selected Version/032.png","Resources","389","未被正式场景、预设、构建配置或动态加载路径引用"
"Assets/Resources/WeaponsAsset16x16/Weapons Asset 16x16/Weapons Asset 16x16/Selected Version/033.png","Resources","431","未被正式场景、预设、构建配置或动态加载路径引用"
"Assets/Resources/WeaponsAsset16x16/Weapons Asset 16x16/Weapons Asset 16x16/Selected Version/034.png","Resources","435","未被正式场景、预设、构建配置或动态加载路径引用"
"Assets/Resources/WeaponsAsset16x16/Weapons Asset 16x16/Weapons Asset 16x16/Selected Version/035.png","Resources","436","未被正式场景、预设、构建配置或动态加载路径引用"
"Assets/Resources/WeaponsAsset16x16/Weapons Asset 16x16/Weapons Asset 16x16/Selected Version/036.png","Resources","485","未被正式场景、预设、构建配置或动态加载路径引用"
"Assets/Resources/WeaponsAsset16x16/Weapons Asset 16x16/Weapons Asset 16x16/Selected Version/037.png","Resources","534","未被正式场景、预设、构建配置或动态加载路径引用"
"Assets/Resources/WeaponsAsset16x16/Weapons Asset 16x16/Weapons Asset 16x16/Selected Version/038.png","Resources","515","未被正式场景、预设、构建配置或动态加载路径引用"
"Assets/Resources/WeaponsAsset16x16/Weapons Asset 16x16/Weapons Asset 16x16/Selected Version/039.png","Resources","429","未被正式场景、预设、构建配置或动态加载路径引用"
"Assets/Resources/WeaponsAsset16x16/Weapons Asset 16x16/Weapons Asset 16x16/Selected Version/040.png","Resources","416","未被正式场景、预设、构建配置或动态加载路径引用"
"Assets/Resources/WeaponsAsset16x16/Weapons Asset 16x16/Weapons Asset 16x16/Selected Version/041.png","Resources","196","未被正式场景、预设、构建配置或动态加载路径引用"
"Assets/Resources/WeaponsAsset16x16/Weapons Asset 16x16/Weapons Asset 16x16/Selected Version/042.png","Resources","237","未被正式场景、预设、构建配置或动态加载路径引用"
"Assets/Resources/WeaponsAsset16x16/Weapons Asset 16x16/Weapons Asset 16x16/Selected Version/043.png","Resources","244","未被正式场景、预设、构建配置或动态加载路径引用"
"Assets/Resources/WeaponsAsset16x16/Weapons Asset 16x16/Weapons Asset 16x16/Selected Version/044.png","Resources","282","未被正式场景、预设、构建配置或动态加载路径引用"
"Assets/Resources/WeaponsAsset16x16/Weapons Asset 16x16/Weapons Asset 16x16/Selected Version/045.png","Resources","317","未被正式场景、预设、构建配置或动态加载路径引用"
"Assets/Resources/WeaponsAsset16x16/Weapons Asset 16x16/Weapons Asset 16x16/Selected Version/046.png","Resources","262","未被正式场景、预设、构建配置或动态加载路径引用"
"Assets/Resources/WeaponsAsset16x16/Weapons Asset 16x16/Weapons Asset 16x16/Selected Version/047.png","Resources","308","未被正式场景、预设、构建配置或动态加载路径引用"
"Assets/Resources/WeaponsAsset16x16/Weapons Asset 16x16/Weapons Asset 16x16/Selected Version/048.png","Resources","340","未被正式场景、预设、构建配置或动态加载路径引用"
"Assets/Resources/WeaponsAsset16x16/Weapons Asset 16x16/Weapons Asset 16x16/Selected Version/049.png","Resources","344","未被正式场景、预设、构建配置或动态加载路径引用"
"Assets/Resources/WeaponsAsset16x16/Weapons Asset 16x16/Weapons Asset 16x16/Selected Version/050.png","Resources","328","未被正式场景、预设、构建配置或动态加载路径引用"
"Assets/Resources/WeaponsAsset16x16/Weapons Asset 16x16/Weapons Asset 16x16/Selected Version/051.png","Resources","268","未被正式场景、预设、构建配置或动态加载路径引用"
"Assets/Resources/WeaponsAsset16x16/Weapons Asset 16x16/Weapons Asset 16x16/Selected Version/052.png","Resources","306","未被正式场景、预设、构建配置或动态加载路径引用"
"Assets/Resources/WeaponsAsset16x16/Weapons Asset 16x16/Weapons Asset 16x16/Selected Version/053.png","Resources","325","未被正式场景、预设、构建配置或动态加载路径引用"
"Assets/Resources/WeaponsAsset16x16/Weapons Asset 16x16/Weapons Asset 16x16/Selected Version/054.png","Resources","353","未被正式场景、预设、构建配置或动态加载路径引用"
"Assets/Resources/WeaponsAsset16x16/Weapons Asset 16x16/Weapons Asset 16x16/Selected Version/055.png","Resources","356","未被正式场景、预设、构建配置或动态加载路径引用"
"Assets/Resources/WeaponsAsset16x16/Weapons Asset 16x16/Weapons Asset 16x16/Selected Version/056.png","Resources","339","未被正式场景、预设、构建配置或动态加载路径引用"
"Assets/Resources/WeaponsAsset16x16/Weapons Asset 16x16/Weapons Asset 16x16/Selected Version/057.png","Resources","423","未被正式场景、预设、构建配置或动态加载路径引用"
"Assets/Resources/WeaponsAsset16x16/Weapons Asset 16x16/Weapons Asset 16x16/Selected Version/058.png","Resources","398","未被正式场景、预设、构建配置或动态加载路径引用"
"Assets/Resources/WeaponsAsset16x16/Weapons Asset 16x16/Weapons Asset 16x16/Selected Version/059.png","Resources","437","未被正式场景、预设、构建配置或动态加载路径引用"
"Assets/Resources/WeaponsAsset16x16/Weapons Asset 16x16/Weapons Asset 16x16/Selected Version/060.png","Resources","441","未被正式场景、预设、构建配置或动态加载路径引用"
"Assets/Resources/WeaponsAsset16x16/Weapons Asset 16x16/Weapons Asset 16x16/Selected Version/061.png","Resources","394","未被正式场景、预设、构建配置或动态加载路径引用"
"Assets/Resources/WeaponsAsset16x16/Weapons Asset 16x16/Weapons Asset 16x16/Selected Version/062.png","Resources","398","未被正式场景、预设、构建配置或动态加载路径引用"
"Assets/Resources/WeaponsAsset16x16/Weapons Asset 16x16/Weapons Asset 16x16/Selected Version/063.png","Resources","408","未被正式场景、预设、构建配置或动态加载路径引用"
"Assets/Resources/WeaponsAsset16x16/Weapons Asset 16x16/Weapons Asset 16x16/Selected Version/064.png","Resources","400","未被正式场景、预设、构建配置或动态加载路径引用"
"Assets/Resources/WeaponsAsset16x16/Weapons Asset 16x16/Weapons Asset 16x16/Selected Version/065.png","Resources","402","未被正式场景、预设、构建配置或动态加载路径引用"
"Assets/Resources/WeaponsAsset16x16/Weapons Asset 16x16/Weapons Asset 16x16/Selected Version/066.png","Resources","287","未被正式场景、预设、构建配置或动态加载路径引用"
"Assets/Resources/WeaponsAsset16x16/Weapons Asset 16x16/Weapons Asset 16x16/Selected Version/067.png","Resources","303","未被正式场景、预设、构建配置或动态加载路径引用"
"Assets/Resources/WeaponsAsset16x16/Weapons Asset 16x16/Weapons Asset 16x16/Selected Version/068.png","Resources","243","未被正式场景、预设、构建配置或动态加载路径引用"
"Assets/Resources/WeaponsAsset16x16/Weapons Asset 16x16/Weapons Asset 16x16/Selected Version/069.png","Resources","358","未被正式场景、预设、构建配置或动态加载路径引用"
"Assets/Resources/WeaponsAsset16x16/Weapons Asset 16x16/Weapons Asset 16x16/Selected Version/070.png","Resources","407","未被正式场景、预设、构建配置或动态加载路径引用"
"Assets/Resources/WeaponsAsset16x16/Weapons Asset 16x16/Weapons Asset 16x16/Selected Version/071.png","Resources","361","未被正式场景、预设、构建配置或动态加载路径引用"
"Assets/Resources/WeaponsAsset16x16/Weapons Asset 16x16/Weapons Asset 16x16/Selected Version/072.png","Resources","371","未被正式场景、预设、构建配置或动态加载路径引用"
"Assets/Resources/WeaponsAsset16x16/Weapons Asset 16x16/Weapons Asset 16x16/Selected Version/073.png","Resources","382","未被正式场景、预设、构建配置或动态加载路径引用"
"Assets/Resources/WeaponsAsset16x16/Weapons Asset 16x16/Weapons Asset 16x16/Selected Version/074.png","Resources","352","未被正式场景、预设、构建配置或动态加载路径引用"
"Assets/Resources/WeaponsAsset16x16/Weapons Asset 16x16/Weapons Asset 16x16/Selected Version/075.png","Resources","362","未被正式场景、预设、构建配置或动态加载路径引用"
"Assets/Resources/WeaponsAsset16x16/Weapons Asset 16x16/Weapons Asset 16x16/Selected Version/076.png","Resources","391","未被正式场景、预设、构建配置或动态加载路径引用"
"Assets/Resources/WeaponsAsset16x16/Weapons Asset 16x16/Weapons Asset 16x16/Selected Version/077.png","Resources","423","未被正式场景、预设、构建配置或动态加载路径引用"
"Assets/Resources/WeaponsAsset16x16/Weapons Asset 16x16/Weapons Asset 16x16/Selected Version/078.png","Resources","452","未被正式场景、预设、构建配置或动态加载路径引用"
"Assets/Resources/WeaponsAsset16x16/Weapons Asset 16x16/Weapons Asset 16x16/Selected Version/079.png","Resources","433","未被正式场景、预设、构建配置或动态加载路径引用"
"Assets/Resources/WeaponsAsset16x16/Weapons Asset 16x16/Weapons Asset 16x16/Selected Version/080.png","Resources","434","未被正式场景、预设、构建配置或动态加载路径引用"
"Assets/Resources/WeaponsAsset16x16/Weapons Asset 16x16/Weapons Asset 16x16/Selected Version/081.png","Resources","353","未被正式场景、预设、构建配置或动态加载路径引用"
"Assets/Resources/WeaponsAsset16x16/Weapons Asset 16x16/Weapons Asset 16x16/Selected Version/082.png","Resources","284","未被正式场景、预设、构建配置或动态加载路径引用"
"Assets/Resources/WeaponsAsset16x16/Weapons Asset 16x16/Weapons Asset 16x16/Selected Version/083.png","Resources","265","未被正式场景、预设、构建配置或动态加载路径引用"
"Assets/Resources/WeaponsAsset16x16/Weapons Asset 16x16/Weapons Asset 16x16/Selected Version/084.png","Resources","305","未被正式场景、预设、构建配置或动态加载路径引用"
"Assets/Resources/WeaponsAsset16x16/Weapons Asset 16x16/Weapons Asset 16x16/Selected Version/085.png","Resources","370","未被正式场景、预设、构建配置或动态加载路径引用"
"Assets/Resources/WeaponsAsset16x16/Weapons Asset 16x16/Weapons Asset 16x16/Selected Version/086.png","Resources","315","未被正式场景、预设、构建配置或动态加载路径引用"
"Assets/Resources/WeaponsAsset16x16/Weapons Asset 16x16/Weapons Asset 16x16/Selected Version/087.png","Resources","312","未被正式场景、预设、构建配置或动态加载路径引用"
"Assets/Resources/WeaponsAsset16x16/Weapons Asset 16x16/Weapons Asset 16x16/Selected Version/088.png","Resources","289","未被正式场景、预设、构建配置或动态加载路径引用"
"Assets/Resources/WeaponsAsset16x16/Weapons Asset 16x16/Weapons Asset 16x16/Selected Version/089.png","Resources","333","未被正式场景、预设、构建配置或动态加载路径引用"
"Assets/Resources/WeaponsAsset16x16/Weapons Asset 16x16/Weapons Asset 16x16/Selected Version/090.png","Resources","305","未被正式场景、预设、构建配置或动态加载路径引用"
"Assets/Resources/WeaponsAsset16x16/Weapons Asset 16x16/Weapons Asset 16x16/Selected Version/091.png","Resources","325","未被正式场景、预设、构建配置或动态加载路径引用"
"Assets/Resources/WeaponsAsset16x16/Weapons Asset 16x16/Weapons Asset 16x16/Selected Version/092.png","Resources","355","未被正式场景、预设、构建配置或动态加载路径引用"
"Assets/Resources/WeaponsAsset16x16/Weapons Asset 16x16/Weapons Asset 16x16/Selected Version/093.png","Resources","390","未被正式场景、预设、构建配置或动态加载路径引用"
"Assets/Resources/WeaponsAsset16x16/Weapons Asset 16x16/Weapons Asset 16x16/Selected Version/094.png","Resources","342","未被正式场景、预设、构建配置或动态加载路径引用"
"Assets/Resources/WeaponsAsset16x16/Weapons Asset 16x16/Weapons Asset 16x16/Selected Version/095.png","Resources","356","未被正式场景、预设、构建配置或动态加载路径引用"
"Assets/Resources/WeaponsAsset16x16/Weapons Asset 16x16/Weapons Asset 16x16/Selected Version/096.png","Resources","245","未被正式场景、预设、构建配置或动态加载路径引用"
"Assets/Resources/WeaponsAsset16x16/Weapons Asset 16x16/Weapons Asset 16x16/Selected Version/097.png","Resources","245","未被正式场景、预设、构建配置或动态加载路径引用"
"Assets/Resources/WeaponsAsset16x16/Weapons Asset 16x16/Weapons Asset 16x16/Selected Version/098.png","Resources","228","未被正式场景、预设、构建配置或动态加载路径引用"
"Assets/Resources/WeaponsAsset16x16/Weapons Asset 16x16/Weapons Asset 16x16/Selected Version/099.png","Resources","222","未被正式场景、预设、构建配置或动态加载路径引用"
"Assets/Resources/WeaponsAsset16x16/Weapons Asset 16x16/Weapons Asset 16x16/Selected Version/100.png","Resources","307","未被正式场景、预设、构建配置或动态加载路径引用"
"Assets/Resources/WeaponsAsset16x16/Weapons Asset 16x16/Weapons Asset 16x16/Selected Version/101.png","Resources","300","未被正式场景、预设、构建配置或动态加载路径引用"
"Assets/Resources/WeaponsAsset16x16/Weapons Asset 16x16/Weapons Asset 16x16/Selected Version/102.png","Resources","277","未被正式场景、预设、构建配置或动态加载路径引用"
"Assets/Resources/WeaponsAsset16x16/Weapons Asset 16x16/Weapons Asset 16x16/Selected Version/103.png","Resources","287","未被正式场景、预设、构建配置或动态加载路径引用"
"Assets/Resources/WeaponsAsset16x16/Weapons Asset 16x16/Weapons Asset 16x16/Selected Version/104.png","Resources","389","未被正式场景、预设、构建配置或动态加载路径引用"
"Assets/Resources/WeaponsAsset16x16/Weapons Asset 16x16/Weapons Asset 16x16/Selected Version/105.png","Resources","331","未被正式场景、预设、构建配置或动态加载路径引用"
"Assets/Resources/WeaponsAsset16x16/Weapons Asset 16x16/Weapons Asset 16x16/Selected Version/106.png","Resources","544","未被正式场景、预设、构建配置或动态加载路径引用"
"Assets/Resources/WeaponsAsset16x16/Weapons Asset 16x16/Weapons Asset 16x16/Selected Version/107.png","Resources","520","未被正式场景、预设、构建配置或动态加载路径引用"
"Assets/Resources/WeaponsAsset16x16/Weapons Asset 16x16/Weapons Asset 16x16/Selected Version/108.png","Resources","524","未被正式场景、预设、构建配置或动态加载路径引用"
"Assets/Resources/WeaponsAsset16x16/Weapons Asset 16x16/Weapons Asset 16x16/Selected Version/109.png","Resources","327","未被正式场景、预设、构建配置或动态加载路径引用"
"Assets/Resources/WeaponsAsset16x16/Weapons Asset 16x16/Weapons Asset 16x16/Selected Version/110.png","Resources","542","未被正式场景、预设、构建配置或动态加载路径引用"
"Assets/Resources/WeaponsAsset16x16/Weapons Asset 16x16/Weapons Asset 16x16/Selected Version/111.png","Resources","519","未被正式场景、预设、构建配置或动态加载路径引用"
"Assets/Resources/WeaponsAsset16x16/Weapons Asset 16x16/Weapons Asset 16x16/Selected Version/112.png","Resources","516","未被正式场景、预设、构建配置或动态加载路径引用"
"Assets/Resources/WeaponsAsset16x16/Weapons Asset 16x16/Weapons Asset 16x16/Selected Version/113.png","Resources","327","未被正式场景、预设、构建配置或动态加载路径引用"
"Assets/Resources/WeaponsAsset16x16/Weapons Asset 16x16/Weapons Asset 16x16/Selected Version/114.png","Resources","538","未被正式场景、预设、构建配置或动态加载路径引用"
"Assets/Resources/WeaponsAsset16x16/Weapons Asset 16x16/Weapons Asset 16x16/Selected Version/115.png","Resources","522","未被正式场景、预设、构建配置或动态加载路径引用"
"Assets/Resources/WeaponsAsset16x16/Weapons Asset 16x16/Weapons Asset 16x16/Selected Version/116.png","Resources","512","未被正式场景、预设、构建配置或动态加载路径引用"
"Assets/Resources/WeaponsAsset16x16/Weapons Asset 16x16/Weapons Asset 16x16/Selected Version/117.png","Resources","325","未被正式场景、预设、构建配置或动态加载路径引用"
"Assets/Resources/WeaponsAsset16x16/Weapons Asset 16x16/Weapons Asset 16x16/Selected Version/118.png","Resources","538","未被正式场景、预设、构建配置或动态加载路径引用"
"Assets/Resources/WeaponsAsset16x16/Weapons Asset 16x16/Weapons Asset 16x16/Selected Version/119.png","Resources","521","未被正式场景、预设、构建配置或动态加载路径引用"
"Assets/Resources/WeaponsAsset16x16/Weapons Asset 16x16/Weapons Asset 16x16/Selected Version/120.png","Resources","514","未被正式场景、预设、构建配置或动态加载路径引用"
"Assets/Resources/WeaponsAsset16x16/Weapons Asset 16x16/Weapons Asset 16x16/Selected Version/Full Sheet.png","Resources","16574","未被正式场景、预设、构建配置或动态加载路径引用"
"Assets/Scenes/GameScene_Backup.unity","Scenes","1119613","未被正式场景、预设、构建配置或动态加载路径引用"
"Assets/Scenes/GameScene_BeforeOpenRoute_20260929.unity","Scenes","519751","未被正式场景、预设、构建配置或动态加载路径引用"
"Assets/Scenes/GameScene_BeforeRedesign_20260929.unity","Scenes","22429","未被正式场景、预设、构建配置或动态加载路径引用"
"Assets/Scenes/GameScene_BeforeRoomRepair_20260929.unity","Scenes","1022934","未被正式场景、预设、构建配置或动态加载路径引用"
"Assets/Scenes/SampleScene.unity","Scenes","9820","未被正式场景、预设、构建配置或动态加载路径引用"
"Assets/Scripts/Enemies/EnemySpawner.cs","Scripts","1914","未被正式场景、预设、构建配置或动态加载路径引用"
"Assets/Scripts/Enemies/RoomEncounter.cs","Scripts","3871","未被正式场景、预设、构建配置或动态加载路径引用"
"Assets/Scripts/Enemies/SpawnPoint.cs","Scripts","300","未被正式场景、预设、构建配置或动态加载路径引用"
"Assets/Scripts/Enemies/WaveData.cs","Scripts","884","未被正式场景、预设、构建配置或动态加载路径引用"
"Assets/Settings/Lit2DSceneTemplate.scenetemplate","Settings","3942809","未被正式场景、预设、构建配置或动态加载路径引用"
"Assets/Settings/Scenes/URP2DSceneTemplate.unity","Settings","9881","未被正式场景、预设、构建配置或动态加载路径引用"
"Assets/SpriteShapes/RelicfallRedesign/CaveRoof.asset","SpriteShapes","1172","未被正式场景、预设、构建配置或动态加载路径引用"
"Assets/SpriteShapes/RelicfallRedesign/ForestCliff.asset","SpriteShapes","1175","未被正式场景、预设、构建配置或动态加载路径引用"
"Assets/Tiles/ReferenceRebuild/EarthBase.asset","Tiles","825","未被正式场景、预设、构建配置或动态加载路径引用"
"Assets/Tiles/ReferenceRebuild/EarthVeinA.asset","Tiles","835","未被正式场景、预设、构建配置或动态加载路径引用"
"Assets/Tiles/ReferenceRebuild/EarthVeinB.asset","Tiles","835","未被正式场景、预设、构建配置或动态加载路径引用"
"Assets/Tiles/ReferenceRebuild/Masonry0.asset","Tiles","833","未被正式场景、预设、构建配置或动态加载路径引用"
"Assets/Tiles/ReferenceRebuild/Masonry1.asset","Tiles","833","未被正式场景、预设、构建配置或动态加载路径引用"
"Assets/Tiles/ReferenceRebuild/Masonry2.asset","Tiles","833","未被正式场景、预设、构建配置或动态加载路径引用"
"Assets/Tiles/ReferenceRebuild/Masonry3.asset","Tiles","834","未被正式场景、预设、构建配置或动态加载路径引用"
"Assets/Tiles/ReferenceRebuild/Masonry4.asset","Tiles","834","未被正式场景、预设、构建配置或动态加载路径引用"
"Assets/Tiles/ReferenceRebuild/Masonry5.asset","Tiles","833","未被正式场景、预设、构建配置或动态加载路径引用"
"Assets/Tiles/ReferenceRebuild/Masonry6.asset","Tiles","833","未被正式场景、预设、构建配置或动态加载路径引用"
"Assets/Tiles/ReferenceRebuild/Masonry7.asset","Tiles","833","未被正式场景、预设、构建配置或动态加载路径引用"
"Assets/Tiles/ReferenceRebuild/Rock0.asset","Tiles","830","未被正式场景、预设、构建配置或动态加载路径引用"
"Assets/Tiles/ReferenceRebuild/Rock1.asset","Tiles","831","未被正式场景、预设、构建配置或动态加载路径引用"
"Assets/Tiles/ReferenceRebuild/Rock2.asset","Tiles","830","未被正式场景、预设、构建配置或动态加载路径引用"
"Assets/Tiles/ReferenceRebuild/Rock3.asset","Tiles","831","未被正式场景、预设、构建配置或动态加载路径引用"
"Assets/Tiles/ReferenceRebuild/Rock4.asset","Tiles","831","未被正式场景、预设、构建配置或动态加载路径引用"
"Assets/Tiles/ReferenceRebuild/Rock5.asset","Tiles","830","未被正式场景、预设、构建配置或动态加载路径引用"
"Assets/Tiles/ReferenceRebuild/Rock6.asset","Tiles","830","未被正式场景、预设、构建配置或动态加载路径引用"
"Assets/Tiles/ReferenceRebuild/Rock7.asset","Tiles","830","未被正式场景、预设、构建配置或动态加载路径引用"
"Assets/Tiles/RelicfallRedesign/ForestGround.asset","Tiles","1013","未被正式场景、预设、构建配置或动态加载路径引用"
"Assets/Tiles/RelicfallRedesign/ForestSoilVariation.asset","Tiles","824","未被正式场景、预设、构建配置或动态加载路径引用"
"Assets/Tiles/RelicfallRedesign/ForestStratum.asset","Tiles","818","未被正式场景、预设、构建配置或动态加载路径引用"
"Assets/Tiles/RelicfallRedesign/OpenCaveTop.asset","Tiles","816","未被正式场景、预设、构建配置或动态加载路径引用"
"Assets/Tiles/RelicfallRedesign/OpenCaveTopAlt.asset","Tiles","819","未被正式场景、预设、构建配置或动态加载路径引用"
"Assets/Tiles/RelicfallRedesign/OpenForestTop.asset","Tiles","818","未被正式场景、预设、构建配置或动态加载路径引用"
"Assets/Tiles/RelicfallRedesign/OpenMasonry.asset","Tiles","816","未被正式场景、预设、构建配置或动态加载路径引用"
"Assets/Tiles/RelicfallRedesign/OpenRuinTop.asset","Tiles","816","未被正式场景、预设、构建配置或动态加载路径引用"
"Assets/Tiles/RelicfallRedesign/OpenSkyFill.asset","Tiles","816","未被正式场景、预设、构建配置或动态加载路径引用"
"Assets/Tiles/RelicfallRedesign/OpenSolidRock.asset","Tiles","818","未被正式场景、预设、构建配置或动态加载路径引用"
"Assets/Tiles/RelicfallRedesign/RoomRockFill.asset","Tiles","817","未被正式场景、预设、构建配置或动态加载路径引用"
"Assets/Tiles/RelicfallRedesign/RoomRockFillAlt.asset","Tiles","820","未被正式场景、预设、构建配置或动态加载路径引用"
"Assets/Tiles/RelicfallRedesign/RoomRockSurface.asset","Tiles","820","未被正式场景、预设、构建配置或动态加载路径引用"
"Assets/Tiles/RelicfallRedesign/RoomRockSurfaceAlt.asset","Tiles","823","未被正式场景、预设、构建配置或动态加载路径引用"
"Assets/Tiles/RelicfallRedesign/RoomWallStone.asset","Tiles","818","未被正式场景、预设、构建配置或动态加载路径引用"
"Assets/Tiles/RelicfallRedesign/RuinsGround.asset","Tiles","1012","未被正式场景、预设、构建配置或动态加载路径引用"
"Assets/Tiles/RelicfallRedesign/RuinsInset.asset","Tiles","815","未被正式场景、预设、构建配置或动态加载路径引用"
"Assets/Tiles/RelicfallRedesign/RuinsStoneVariation.asset","Tiles","824","未被正式场景、预设、构建配置或动态加载路径引用"
"Assets/Tiles/RelicfallRedesign/RuinsWall.asset","Tiles","814","未被正式场景、预设、构建配置或动态加载路径引用"
"Docs/GeneratePhase12Music.py","Docs","1940","阶段生成的操作脚本、预览、核查记录或旧版本备份"
"Docs/Phase13_QA_Report.md","Docs","2932","阶段生成的操作脚本、预览、核查记录或旧版本备份"
"Docs/Phase9/DragonKnightFight.png","Docs","97223","阶段生成的操作脚本、预览、核查记录或旧版本备份"
"Docs/Phase9/DragonKnightVictory.png","Docs","90865","阶段生成的操作脚本、预览、核查记录或旧版本备份"
"Docs/SceneRedesign/InspectReferenceAssets.py","Docs","2268","阶段生成的操作脚本、预览、核查记录或旧版本备份"
"Docs/SceneRedesign/Phase1-2_Report.md","Docs","4715","阶段生成的操作脚本、预览、核查记录或旧版本备份"
"Docs/SceneRedesign/Play_Forest.png","Docs","257756","阶段生成的操作脚本、预览、核查记录或旧版本备份"
"Docs/SceneRedesign/Play_Gate.png","Docs","170741","阶段生成的操作脚本、预览、核查记录或旧版本备份"
"Docs/SceneRedesign/Play_Room_Combat.png","Docs","185381","阶段生成的操作脚本、预览、核查记录或旧版本备份"
"Docs/SceneRedesign/Play_Room_Entrance.png","Docs","187164","阶段生成的操作脚本、预览、核查记录或旧版本备份"
"Docs/SceneRedesign/Play_Room_Overview.png","Docs","166431","阶段生成的操作脚本、预览、核查记录或旧版本备份"
"Docs/SceneRedesign/Room_Combat.png","Docs","198199","阶段生成的操作脚本、预览、核查记录或旧版本备份"
"Docs/SceneRedesign/Room_Entrance.png","Docs","188582","阶段生成的操作脚本、预览、核查记录或旧版本备份"
"Docs/SceneRedesign/Room_Overview.png","Docs","169872","阶段生成的操作脚本、预览、核查记录或旧版本备份"
"Docs/SceneRedesign/RoomRepair_Report.md","Docs","3000","阶段生成的操作脚本、预览、核查记录或旧版本备份"
"Docs/SceneRedesign/Sample_Forest.png","Docs","246111","阶段生成的操作脚本、预览、核查记录或旧版本备份"
"Docs/SceneRedesign/Sample_Gate.png","Docs","144389","阶段生成的操作脚本、预览、核查记录或旧版本备份"
"Docs/SceneRedesign/Backups/RelicfallPhase8Builder_before_redesign.txt","Docs","24663","阶段生成的操作脚本、预览、核查记录或旧版本备份"
"Docs/SceneRedesign/Backups/RoomRepair/DemonGunner.prefab","Docs","8791","阶段生成的操作脚本、预览、核查记录或旧版本备份"
"Docs/SceneRedesign/Backups/RoomRepair/DemonSwordsman.prefab","Docs","8609","阶段生成的操作脚本、预览、核查记录或旧版本备份"
"Docs/SceneRedesign/Backups/RoomRepair/PlayerCombat.cs","Docs","3703","阶段生成的操作脚本、预览、核查记录或旧版本备份"
"Docs/SceneRedesign/Backups/RoomRepair/PlayerInputReader.cs","Docs","5458","阶段生成的操作脚本、预览、核查记录或旧版本备份"
"Docs/SceneRedesign/OpenLevel/Altar.png","Docs","81772","阶段生成的操作脚本、预览、核查记录或旧版本备份"
"Docs/SceneRedesign/OpenLevel/Cave.png","Docs","72267","阶段生成的操作脚本、预览、核查记录或旧版本备份"
"Docs/SceneRedesign/OpenLevel/DeepCave.png","Docs","81888","阶段生成的操作脚本、预览、核查记录或旧版本备份"
"Docs/SceneRedesign/OpenLevel/Forest.png","Docs","362554","阶段生成的操作脚本、预览、核查记录或旧版本备份"
"Docs/SceneRedesign/OpenLevel/Ruins.png","Docs","65927","阶段生成的操作脚本、预览、核查记录或旧版本备份"
"Docs/SceneRedesign/ReferenceRebuild/Altar.png","Docs","108868","阶段生成的操作脚本、预览、核查记录或旧版本备份"
"Docs/SceneRedesign/ReferenceRebuild/Castle.png","Docs","120997","阶段生成的操作脚本、预览、核查记录或旧版本备份"
"Docs/SceneRedesign/ReferenceRebuild/Crypt.png","Docs","90607","阶段生成的操作脚本、预览、核查记录或旧版本备份"
"Docs/SceneRedesign/ReferenceRebuild/Forest.png","Docs","219158","阶段生成的操作脚本、预览、核查记录或旧版本备份"
"Docs/SceneRedesign/ReferenceRebuild/ForestTunnel.png","Docs","78718","阶段生成的操作脚本、预览、核查记录或旧版本备份"
"Docs/SceneRedesign/ReferenceRebuild/Gallery.png","Docs","131374","阶段生成的操作脚本、预览、核查记录或旧版本备份"
"Docs/SceneRedesign/ReferenceRebuild/Mine.png","Docs","102109","阶段生成的操作脚本、预览、核查记录或旧版本备份"
"Docs/SceneRedesign/ReferenceRebuild/Panorama.png","Docs","1852512","阶段生成的操作脚本、预览、核查记录或旧版本备份"
"Docs/SceneRedesign/ReferenceRebuild/Rebuild_Report.md","Docs","8610","阶段生成的操作脚本、预览、核查记录或旧版本备份"
"Docs/SceneRedesign/ReferenceRebuild/SlopeFix_Report.md","Docs","805","阶段生成的操作脚本、预览、核查记录或旧版本备份"
"Docs/SceneRedesign/ReferenceRebuild/AssetSheets/castleTileset_caslePropsSheet_0.png","Docs","59629","阶段生成的操作脚本、预览、核查记录或旧版本备份"
"Docs/SceneRedesign/ReferenceRebuild/AssetSheets/castleTileset_caslePropsSheet_1.png","Docs","17007","阶段生成的操作脚本、预览、核查记录或旧版本备份"
"Docs/SceneRedesign/ReferenceRebuild/AssetSheets/catalog.json","Docs","103921","阶段生成的操作脚本、预览、核查记录或旧版本备份"
"Docs/SceneRedesign/ReferenceRebuild/AssetSheets/DarkForest1.2_castle_env_0.png","Docs","62909","阶段生成的操作脚本、预览、核查记录或旧版本备份"
"Docs/SceneRedesign/ReferenceRebuild/AssetSheets/DarkForest1.2_decorative_obj_0.png","Docs","38258","阶段生成的操作脚本、预览、核查记录或旧版本备份"
"Docs/SceneRedesign/ReferenceRebuild/AssetSheets/DarkForest1.2_env_ground_0.png","Docs","80773","阶段生成的操作脚本、预览、核查记录或旧版本备份"
"Docs/SceneRedesign/ReferenceRebuild/AssetSheets/DarkForest1.2_env_rock_0.png","Docs","41268","阶段生成的操作脚本、预览、核查记录或旧版本备份"
"Docs/SceneRedesign/ReferenceRebuild/AssetSheets/DarkForest1.2_env_trees_0.png","Docs","21818","阶段生成的操作脚本、预览、核查记录或旧版本备份"
"Docs/SceneRedesign/ReferenceRebuild/AssetSheets/DarkForest1.2_wood_env_0.png","Docs","28345","阶段生成的操作脚本、预览、核查记录或旧版本备份"
"Docs/SceneRedesign/ReferenceRebuild/AssetSheets/Medieval_Castle_Medieval_Castle_Objects_16x16_0.png","Docs","18411","阶段生成的操作脚本、预览、核查记录或旧版本备份"
"Docs/SceneRedesign/ReferenceRebuild/AssetSheets/PixelFantasy_Caves_1.0_mainlev_build_0.png","Docs","52667","阶段生成的操作脚本、预览、核查记录或旧版本备份"
"Docs/SceneRedesign/ReferenceRebuild/AssetSheets/PixelFantasy_Caves_1.0_mainlev_build_1.png","Docs","49575","阶段生成的操作脚本、预览、核查记录或旧版本备份"
"Docs/SceneRedesign/ReferenceRebuild/AssetSheets/PixelFantasy_Caves_1.0_mainlev_build_2.png","Docs","54232","阶段生成的操作脚本、预览、核查记录或旧版本备份"
"Docs/SceneRedesign/ReferenceRebuild/AssetSheets/PixelFantasy_Caves_1.0_mainlev_build_3.png","Docs","54486","阶段生成的操作脚本、预览、核查记录或旧版本备份"
"Docs/SceneRedesign/ReferenceRebuild/AssetSheets/PixelFantasy_Caves_1.0_mainlev_build_4.png","Docs","27073","阶段生成的操作脚本、预览、核查记录或旧版本备份"
"Docs/SceneRedesign/ReferenceRebuild/AssetSheets/PixelFantasy_Caves_1.0_props1_0.png","Docs","102032","阶段生成的操作脚本、预览、核查记录或旧版本备份"
"Docs/SceneRedesign/ReferenceRebuild/AssetSheets/PixelFantasy_Caves_1.0_props1_1.png","Docs","71644","阶段生成的操作脚本、预览、核查记录或旧版本备份"
"Docs/SceneRedesign/ReferenceRebuild/AssetSheets/PixelFantasy_Caves_1.0_props2_0.png","Docs","47091","阶段生成的操作脚本、预览、核查记录或旧版本备份"
"Docs/SceneRedesign/ReferenceRebuild/AssetSheets/PixelPlatformerSet1v.1.1_main_lev_build_0.png","Docs","73897","阶段生成的操作脚本、预览、核查记录或旧版本备份"
"Docs/SceneRedesign/ReferenceRebuild/AssetSheets/PixelPlatformerSet1v.1.1_main_lev_build_1.png","Docs","67519","阶段生成的操作脚本、预览、核查记录或旧版本备份"
"Docs/SceneRedesign/ReferenceRebuild/AssetSheets/PixelPlatformerSet1v.1.1_main_lev_build_2.png","Docs","75870","阶段生成的操作脚本、预览、核查记录或旧版本备份"
"Docs/SceneRedesign/ReferenceRebuild/AssetSheets/PixelPlatformerSet1v.1.1_main_lev_build_3.png","Docs","68386","阶段生成的操作脚本、预览、核查记录或旧版本备份"
"Docs/SceneRedesign/ReferenceRebuild/AssetSheets/PixelPlatformerSet1v.1.1_main_lev_build_4.png","Docs","26577","阶段生成的操作脚本、预览、核查记录或旧版本备份"
"Docs/SceneRedesign/ReferenceRebuild/AssetSheets/PixelPlatformerSet1v.1.1_other_and_decorative_0.png","Docs","63659","阶段生成的操作脚本、预览、核查记录或旧版本备份"
"Docs/SceneRedesign/ReferenceRebuild/AssetSheets/PixelPlatformerSet1v.1.1_other_and_decorative_1.png","Docs","33067","阶段生成的操作脚本、预览、核查记录或旧版本备份"
"Docs/SceneRedesign/ReferenceRebuild/Backups/GameScene_BeforeReferenceRebuild.unity","Docs","2382358","阶段生成的操作脚本、预览、核查记录或旧版本备份"
"Docs/SceneRedesign/ReferenceRebuild/Backups/GameScene_BeforeSlopeFix.unity","Docs","5748298","阶段生成的操作脚本、预览、核查记录或旧版本备份"
"Docs/UIRedesign/AssetSheet.png","Docs","30208","阶段生成的操作脚本、预览、核查记录或旧版本备份"
"Docs/UIRedesign/HUD_16x9.png","Docs","301756","阶段生成的操作脚本、预览、核查记录或旧版本备份"
"Docs/UIRedesign/Inventory_16x9.png","Docs","205889","阶段生成的操作脚本、预览、核查记录或旧版本备份"
"Docs/UIRedesign/Inventory_21x9.png","Docs","219708","阶段生成的操作脚本、预览、核查记录或旧版本备份"
"Docs/UIRedesign/Inventory_4x3.png","Docs","192913","阶段生成的操作脚本、预览、核查记录或旧版本备份"
"Docs/UIRedesign/UI_Report.md","Docs","1065","阶段生成的操作脚本、预览、核查记录或旧版本备份"
